ChCode,       Amount OB       ,        Principal Amount Due        
01PAFL2606-100,"963,423.57","28,662.91"
01PAFL2606-103,"24,367.90","12,626.91"
01PAFL2606-104,"1,880,154.67","121,578.25"
01PAFL2606-105,"1,008,145.78","48,365.59"
01PAFL2606-107,"761,039.53","62,425.10"
01PAFL2606-112,"1,012,113.69","55,791.98"
01PAFL2606-113,"1,568,691.02","81,344.75"
01PAFL2606-115,"1,001,179.27","47,608.31"
01PAFL2606-117,"419,849.85","11,883.86"
01PAFL2606-118,"397,845.47","15,299.01"
01PAFL2606-120,"950,367.26","26,244.26"
01PAFL2606-122,"960,885.22","39,374.75"
01PAFL2606-123,"1,883,000.00","106,393.01"
01PAFL2606-124,"789,899.34","45,135.19"
01PAFL2606-127,"945,559.09","31,829.05"
01PAFL2606-128,"440,924.68","16,310.51"
01PAFL2606-129,"275,182.40","12,306.84"
01PAFL2606-13,"849,990.17","52,060.14"
01PAFL2606-134,"1,800,567.67","95,268.20"
01PAFL2606-135,"951,402.72","27,587.43"
01PAFL2606-137,"247,175.05","40,660.44"
01PAFL2606-138,"1,175,314.85","58,460.99"
01PAFL2606-139,"374,894.71","18,251.63"
01PAFL2606-14,"1,005,352.72","48,785.73"
01PAFL2606-140,"977,861.99","33,907.98"
01PAFL2606-141,"2,423,966.10","212,957.21"
01PAFL2606-142,"372,391.76","27,280.09"
01PAFL2606-143,"1,759,253.51","84,723.63"
01PAFL2606-144,"596,947.85","67,919.87"
01PAFL2606-147,"3,153,066.68","100,293.78"
01PAFL2606-148,"989,777.06","21,605.19"
01PAFL2606-150,"1,375,083.35","87,582.18"
01PAFL2606-156,"913,766.27","31,097.57"
01PAFL2606-157,"402,910.73","16,028.91"
01PAFL2606-158,"789,397.65","32,680.07"
01PAFL2606-159,"1,114,988.60","50,038.34"
01PAFL2606-16,"954,181.99","53,780.97"
01PAFL2606-161,"965,377.80","26,648.97"
01PAFL2606-162,"1,935,711.58","105,206.61"
01PAFL2606-163,"1,881,213.34","89,189.33"
01PAFL2606-164,"1,034,698.40","36,974.49"
01PAFL2606-166,"476,531.51","47,765.94"
01PAFL2606-167,"1,012,483.48","54,477.66"
01PAFL2606-170,"1,011,129.43","55,808.48"
01PAFL2606-171,"1,742,049.37","81,894.36"
01PAFL2606-173,"1,005,115.26","26,890.58"
01PAFL2606-176,"616,563.98","52,467.44"
01PAFL2606-179,"605,630.74","18,057.50"
01PAFL2606-181,"567,113.73","30,224.41"
01PAFL2606-182,"802,414.80","52,803.58"
01PAFL2606-184,"1,800,817.33","85,718.17"
01PAFL2606-186,"44,631.67","15,351.26"
01PAFL2606-188,"1,015,035.98","50,100.63"
01PAFL2606-194,"402,541.24","7,493.44"
01PAFL2606-199,"1,502,796.40","113,674.63"
01PAFL2606-2,"1,015,035.98","25,789.75"
01PAFL2606-20,"1,001,240.24","48,324.29"
01PAFL2606-202,"940,369.36","42,546.77"
01PAFL2606-203,"1,014,662.08","46,493.88"
01PAFL2606-207,"969,232.38","64,515.25"
01PAFL2606-208,"1,008,145.78","52,507.21"
01PAFL2606-210,"809,892.12","28,625.21"
01PAFL2606-215,"803,354.83","38,957.37"
01PAFL2606-220,"654,210.62","27,224.92"
01PAFL2606-221,"3,279,381.59","112,792.03"
01PAFL2606-222,"1,765,003.20","41,048.07"
01PAFL2606-223,"1,805,340.62","67,066.39"
01PAFL2606-226,"240,714.19","20,200.26"
01PAFL2606-231,"1,013,000.38","55,038.07"
01PAFL2606-234,"330,239.97","18,891.34"
01PAFL2606-235,"846,495.86","44,358.59"
01PAFL2606-236,"859,371.47","46,200.15"
01PAFL2606-240,"1,129,673.57","38,770.90"
01PAFL2606-243,"321,986.46","14,133.09"
01PAFL2606-244,"1,564,591.78","65,489.96"
01PAFL2606-245,"132,573.50","9,412.28"
01PAFL2606-250,"668,230.51","48,761.92"
01PAFL2606-253,"949,571.54","27,983.01"
01PAFL2606-259,"952,457.73","32,285.72"
01PAFL2606-261,"1,133,408.79","43,176.82"
01PAFL2606-264,"827,529.21","31,480.17"
01PAFL2606-267,"1,034,360.00","57,979.65"
01PAFL2606-268,"418,796.23","6,989.06"
01PAFL2606-270,"1,001,019.70","44,637.89"
01PAFL2606-273,"1,866,319.23","120,253.22"
01PAFL2606-274,"910,739.55","48,485.61"
01PAFL2606-276,"1,009,145.50","51,483.52"
01PAFL2606-277,"971,366.95","34,379.18"
01PAFL2606-278,"358,844.49","10,338.70"
01PAFL2606-282,"1,012,113.69","35,537.59"
01PAFL2606-283,"1,108,112.29","63,526.52"
01PAFL2606-284,"1,471,039.09","59,210.87"
01PAFL2606-286,"590,132.84","14,651.20"
01PAFL2606-288,"934,998.40","42,202.06"
01PAFL2606-291,"951,277.93","39,416.37"
01PAFL2606-292,"2,529,869.24","132,073.66"
01PAFL2606-293,"1,438,517.18","41,265.83"
01PAFL2606-294,"860,993.56","38,263.44"
01PAFL2606-30,"1,466,391.00","42,030.81"
01PAFL2606-300,"432,294.13","61,160.29"
01PAFL2606-301,"1,157,729.98","97,549.03"
01PAFL2606-302,"1,012,113.69","45,115.71"
01PAFL2606-303,"1,640,826.18","63,921.89"
01PAFL2606-308,"846,786.52","25,982.32"
01PAFL2606-311,"257,018.65","12,557.15"
01PAFL2606-312,"1,065,528.54","37,072.41"
01PAFL2606-313,"1,096,760.70","56,336.09"
01PAFL2606-314,"1,865,767.96","73,938.18"
01PAFL2606-315,"967,764.65","52,416.96"
01PAFL2606-316,"1,806,556.26","98,326.15"
01PAFL2606-317,"1,012,113.69","55,522.43"
01PAFL2606-319,"1,870,708.57","89,503.75"
01PAFL2606-326,"384,758.40","14,917.65"
01PAFL2606-331,"988,385.11","36,577.17"
01PAFL2606-335,"949,564.72","44,050.55"
01PAFL2606-34,"171,309.88","54,804.25"
01PAFL2606-340,"279,058.89","35,827.22"
01PAFL2606-344,"1,683,151.67","102,743.24"
01PAFL2606-345,"1,854,154.40","100,200.32"
01PAFL2606-38,"1,015,035.98","48,410.64"
01PAFL2606-41,"2,345,126.50","51,307.89"
01PAFL2606-42,"1,861,570.54","29,045.29"
01PAFL2606-46,"756,793.87","47,032.03"
01PAFL2606-51,"1,603,749.75","67,899.27"
01PAFL2606-52,"690,862.91","44,263.69"
01PAFL2606-55,"1,012,113.69","55,322.78"
01PAFL2606-57,"1,953,599.09","60,243.19"
01PAFL2606-59,"3,131,450.95","79,862.21"
01PAFL2606-6,"1,133,446.67","48,698.04"
01PAFL2606-61,"1,050,790.87","39,020.49"
01PAFL2606-63,"1,711,653.74","61,703.03"
01PAFL2606-65,"851,426.72","17,008.68"
01PAFL2606-68,"735,152.20","51,384.70"
01PAFL2606-73,"1,526,399.36","101,351.12"
01PAFL2606-76,"948,516.31","36,743.14"
01PAFL2606-77,"255,271.57","31,429.58"
01PAFL2606-78,"1,879,043.91","120,507.39"
01PAFL2606-82,"29,617.63","17,404.49"
01PAFL2606-85,"885,837.29","7,631.89"
01PAFL2606-86,"1,005,970.36","52,180.90"
01PAFL2606-89,"585,908.08","16,943.94"
01PAFL2606-91,"1,003,848.40","71,207.44"
01PAFL2606-93,"1,874,215.00","83,341.02"
01PAFL2606-95,"2,193,556.38","95,499.69"
01PAFL2606-97,"575,288.99","31,713.60"
01PAFL2606-98,"414,282.42","14,422.96"
01PAFL2607-10,"990,599.64","41,110.07"
01PAFL2607-100,"1,383,692.95","90,096.65"
01PAFL2607-102,"1,802,207.99","21,194.60"
01PAFL2607-109,"1,226,564.76","32,556.97"
01PAFL2607-11,"1,892,607.23","63,615.95"
01PAFL2607-112,"137,009.43","49,616.13"
01PAFL2607-114,"1,014,066.94","48,309.16"
01PAFL2607-116,"566,434.37","20,839.58"
01PAFL2607-117,"1,661,458.27","81,717.68"
01PAFL2607-118,"1,026,014.96","49,826.03"
01PAFL2607-12,"291,881.47","36,212.24"
01PAFL2607-121,"1,020,316.02","50,988.39"
01PAFL2607-123,"416,223.37","27,880.92"
01PAFL2607-124,"976,422.13","46,906.92"
01PAFL2607-127,"1,007,140.85","33,082.36"
01PAFL2607-129,"438,040.42","30,459.37"
01PAFL2607-130,"669,592.33","35,235.55"
01PAFL2607-131,"873,347.52","30,276.27"
01PAFL2607-134,"1,835,868.23","121,280.40"
01PAFL2607-135,"945,232.68","52,695.85"
01PAFL2607-136,"407,055.03","13,976.06"
01PAFL2607-137,"427,288.12","25,348.04"
01PAFL2607-138,"704,617.01","39,626.70"
01PAFL2607-139,"945,143.81","39,668.60"
01PAFL2607-142,"989,443.68","61,971.89"
01PAFL2607-143,"870,020.04","42,493.22"
01PAFL2607-146,"2,070,028.73","98,539.44"
01PAFL2607-15,"554,845.59","33,235.33"
01PAFL2607-152,"1,425,095.46","50,132.05"
01PAFL2607-153,"1,065,697.65","57,275.66"
01PAFL2607-154,"275,519.59","10,343.68"
01PAFL2607-157,"1,005,115.26","29,743.17"
01PAFL2607-159,"1,012,113.69","48,534.38"
01PAFL2607-16,"1,840,164.50","46,533.75"
01PAFL2607-160,"971,366.95","46,941.86"
01PAFL2607-161,"940,815.85","36,987.79"
01PAFL2607-164,"936,049.11","45,963.46"
01PAFL2607-166,"1,866,369.60","60,024.96"
01PAFL2607-170,"1,448,962.91","40,404.25"
01PAFL2607-171,"1,105,685.53","30,949.84"
01PAFL2607-172,"909,263.81","24,270.03"
01PAFL2607-175,"950,265.92","18,742.47"
01PAFL2607-177,"976,002.37","57,338.12"
01PAFL2607-178,"186,842.95","13,078.54"
01PAFL2607-180,"172,604.06","5,912.10"
01PAFL2607-181,"143,291.93","4,762.39"
01PAFL2607-182,"82,955.74","5,407.60"
01PAFL2607-183,"1,853,686.78","67,072.59"
01PAFL2607-184,"419,253.13","11,371.16"
01PAFL2607-187,"208,729.08","6,889.34"
01PAFL2607-19,"995,684.35","53,531.79"
01PAFL2607-190,"859,604.57","50,430.00"
01PAFL2607-194,"1,324,903.81","75,424.91"
01PAFL2607-195,"1,127,770.67","48,161.96"
01PAFL2607-196,"680,542.30","52,084.23"
01PAFL2607-2,"1,865,062.74","77,526.90"
01PAFL2607-201,"902,575.64","45,656.70"
01PAFL2607-202,"845,110.13","44,171.69"
01PAFL2607-206,"1,012,113.69","24,136.36"
01PAFL2607-207,"900,735.26","44,157.99"
01PAFL2607-209,"238,422.25","29,277.88"
01PAFL2607-21,"186,148.24","3,237.27"
01PAFL2607-210,"987,082.59","21,426.63"
01PAFL2607-211,"1,008,145.78","33,792.48"
01PAFL2607-212,"1,306,870.14","55,888.67"
01PAFL2607-213,"939,565.10","53,840.37"
01PAFL2607-215,"970,147.05","46,561.18"
01PAFL2607-219,"1,006,907.78","44,447.42"
01PAFL2607-22,"186,148.24","3,241.84"
01PAFL2607-220,"1,673,919.79","58,030.15"
01PAFL2607-221,"980,218.60","56,500.19"
01PAFL2607-224,"52,797.52","10,823.99"
01PAFL2607-226,"46,427.75","6,164.02"
01PAFL2607-227,"1,037,319.49","53,000.65"
01PAFL2607-228,"81,971.98","5,407.60"
01PAFL2607-230,"1,011,129.43","33,434.02"
01PAFL2607-232,"767,283.63","38,917.57"
01PAFL2607-234,"934,000.62","46,202.71"
01PAFL2607-237,"993,718.97","26,794.34"
01PAFL2607-238,"1,150,817.49","22,102.15"
01PAFL2607-239,"2,397,112.77","49,990.89"
01PAFL2607-24,"432,479.88","15,342.14"
01PAFL2607-241,"2,453,440.89","98,268.05"
01PAFL2607-242,"265,884.46","13,985.32"
01PAFL2607-245,"1,667,774.44","79,624.36"
01PAFL2607-246,"1,314,890.86","51,608.82"
01PAFL2607-250,"1,011,716.99","40,873.95"
01PAFL2607-251,"819,366.82","51,098.70"
01PAFL2607-253,"1,885,263.43","76,075.17"
01PAFL2607-254,"806,922.93","63,028.00"
01PAFL2607-255,"398,517.79","57,069.43"
01PAFL2607-256,"390,705.10","9,713.76"
01PAFL2607-257,"1,009,145.50","47,918.86"
01PAFL2607-258,"1,065,594.92","42,445.58"
01PAFL2607-259,"953,607.09","18,669.15"
01PAFL2607-261,"997,376.21","23,276.22"
01PAFL2607-262,"649,230.90","50,916.50"
01PAFL2607-264,"668,618.63","26,887.18"
01PAFL2607-265,"149,046.74","26,778.52"
01PAFL2607-266,"357,099.24","46,198.91"
01PAFL2607-267,"1,868,852.19","81,989.38"
01PAFL2607-270,"1,417,718.97","41,800.13"
01PAFL2607-271,"791,425.68","47,281.86"
01PAFL2607-277,"777,488.69","30,445.05"
01PAFL2607-282,"1,880,925.93","91,456.87"
01PAFL2607-284,"990,287.25","46,225.92"
01PAFL2607-286,"1,087,743.87","47,022.85"
01PAFL2607-290,"1,194,823.70","117,884.14"
01PAFL2607-291,"1,151,112.40","59,522.18"
01PAFL2607-292,"1,686,907.53","68,547.85"
01PAFL2607-294,"1,294,223.18","30,492.46"
01PAFL2607-295,"514,469.18","29,942.11"
01PAFL2607-297,"779,339.75","6,868.71"
01PAFL2607-298,"2,032,000.00","42,131.42"
01PAFL2607-299,"126,845.02","24,132.66"
01PAFL2607-300,"405,712.14","22,269.30"
01PAFL2607-302,"1,176,756.81","53,915.98"
01PAFL2607-303,"938,403.23","46,913.25"
01PAFL2607-307,"74,489.27","6,155.69"
01PAFL2607-309,"1,008,145.78","48,097.92"
01PAFL2607-310,"1,625,289.33","25,221.64"
01PAFL2607-313,"1,575,531.00","80,750.50"
01PAFL2607-314,"1,896,215.00","90,009.18"
01PAFL2607-315,"1,008,381.46","33,799.25"
01PAFL2607-316,"381,259.78","9,391.58"
01PAFL2607-317,"921,725.16","40,939.06"
01PAFL2607-319,"2,416,049.87","105,107.98"
01PAFL2607-32,"768,318.27","51,932.44"
01PAFL2607-34,"1,012,113.69","43,210.90"
01PAFL2607-35,"622,221.72","34,186.12"
01PAFL2607-40,"556,333.48","28,041.54"
01PAFL2607-44,"1,275,967.22","66,055.48"
01PAFL2607-48,"140,502.88","1,779.77"
01PAFL2607-49,"1,607,513.40","78,460.43"
01PAFL2607-5,"862,656.51","30,148.23"
01PAFL2607-50,"980,622.91","47,003.86"
01PAFL2607-51,"430,524.77","15,500.14"
01PAFL2607-54,"1,000,435.49","40,505.70"
01PAFL2607-57,"279,708.79","35,850.54"
01PAFL2607-58,"1,956,142.18","92,525.87"
01PAFL2607-6,"1,453,817.30","57,704.81"
01PAFL2607-60,"975,236.90","50,148.62"
01PAFL2607-61,"1,893,213.97","92,636.91"
01PAFL2607-62,"256,285.97","42,147.92"
01PAFL2607-64,"931,169.27","35,807.24"
01PAFL2607-66,"1,640,823.58","34,881.16"
01PAFL2607-69,"1,280,346.37","85,363.47"
01PAFL2607-70,"1,937,440.35","91,934.71"
01PAFL2607-71,"1,924,964.80","93,192.48"
01PAFL2607-72,"847,580.80","39,882.34"
01PAFL2607-75,"1,879,417.38","88,976.59"
01PAFL2607-77,"307,297.76","18,229.48"
01PAFL2607-80,"710,784.08","88,711.82"
01PAFL2607-81,"811,406.42","39,160.16"
01PAFL2607-82,"466,902.98","34,557.23"
01PAFL2607-83,"921,645.60","39,121.99"
01PAFL2607-88,"367,816.90","15,339.13"
01PAFL2607-91,"624,076.59","34,450.79"
01PAFL2607-92,"384,438.70","16,799.24"
01PAFL2607-94,"2,021,147.21","68,730.27"
01PAFL2607-95,"1,662,734.49","23,465.54"
01PATL2606-1,"162,843.18","10,487.68"
01PATL2606-10,"996,630.06","38,097.32"
01PATL2606-11,"920,244.83","37,208.34"
01PATL2606-12,"218,689.29","8,044.78"
01PATL2606-13,"165,519.53","46,466.97"
01PATL2606-2,"683,110.77","28,556.81"
01PATL2606-3,"936,049.11","28,547.98"
01PATL2606-8,"332,560.44","17,698.47"
01PATL2606-9,"951,001.02","47,306.31"
01PATL2607-1,"854,736.23","29,319.47"
01PATL2607-10,"45,557.22","10,173.86"
01PATL2607-11,"408,254.34","12,800.12"
01PATL2607-12,"938,134.23","28,032.78"
01PATL2607-13,"361,399.59","22,193.56"
01PATL2607-14,"881,526.36","44,036.28"
01PATL2607-15,"970,543.52","33,513.50"
01PATL2607-16,"1,682,085.31","89,702.02"
01PATL2607-2,"737,788.78","35,802.86"
01PATL2607-4,"601,750.48","34,260.51"
01PATL2607-5,"1,678,605.84","90,486.12"
01PATL2607-6,"977,402.46","29,634.20"
01PATL2607-7,"1,058,450.20","31,873.93"
01PATL2607-9,"709,517.22","17,648.88"
01PBFL2606-1,"1,127,826.01","26,500.51"
01PBFL2606-10,"268,607.60","20,518.95"
01PBFL2606-13,"632,487.12","39,246.43"
01PBFL2606-14,"1,444,022.90","46,251.35"
01PBFL2606-15,"1,698,909.08","151,724.39"
01PBFL2606-19,"728,235.52","25,547.17"
01PBFL2606-20,"475,111.81","6,492.92"
01PBFL2606-3,"1,085,580.11","109,106.44"
01PBFL2607-1,"263,078.79","13,164.92"
01PBFL2607-11,"1,443,600.44","40,282.38"
01PBFL2607-14,"90,160.04","6,461.18"
01PBFL2607-15,"3,964,717.54","139,879.31"
01PBFL2607-16,"880,000.00","41,703.87"
01PBFL2607-17,"404,923.44","9,161.65"
01PBFL2607-18,"675,314.83","14,220.85"
01PBFL2607-19,"1,934,002.39","69,795.21"
01PBFL2607-2,"441,066.33","12,341.87"
01PBFL2607-22,"2,400,179.10","52,828.97"
01PBFL2607-23,"1,460,482.63","19,598.08"
01PBFL2607-4,"592,585.35","15,247.66"
01PBFL2607-6,"365,008.13","22,303.42"
01PBFL2607-8,"953,330.16","6,602.11"
01PBRL2606-1,"2,039,675.72","65,094.69"
01PBRL2606-2,"283,363.77","24,154.96"
01PBRL2607-1,"786,753.16","21,444.18"
01PBTL2606-1,"1,818,054.40","57,090.13"
01PCRL2606-1,"874,939.08","28,186.23"
01PCRL2606-2,"1,528,978.75","71,713.09"
01PCRL2606-3,"780,202.51","16,736.97"
01PCRL2606-5,"560,462.68","39,981.10"
01PCRL2606-6,"1,379,060.94","38,348.42"
01PCRL2607-1,"1,909,543.86","45,952.14"
01PCRL2607-2,"816,447.58","24,581.55"
01PCRL2607-4,"1,401,098.21","42,684.09"
01PCRL2607-5,"913,422.06","72,289.20"
01PCRL2607-7,"1,441,233.50","93,187.44"
01PCRL2607-8,"2,220,968.14","41,882.08"
01PDFL2606-10,"2,514,995.69","86,506.96"
01PDFL2606-11,"1,457,975.61","15,409.84"
01PDFL2606-12,"1,419,694.65","82,658.39"
01PDFL2606-19,"464,051.22","21,279.19"
01PDFL2606-22,"1,183,178.86","49,175.69"
01PDFL2606-27,"2,268,064.37","71,024.64"
01PDFL2606-28,"396,373.46","7,201.05"
01PDFL2606-3,"425,621.60","24,726.29"
01PDFL2606-30,"801,860.42","17,734.44"
01PDFL2606-31,"836,633.28","36,584.27"
01PDFL2606-32,"950,401.81","25,159.99"
01PDFL2606-34,"1,730,250.95","52,198.79"
01PDFL2606-37,"2,530,162.78","78,210.57"
01PDFL2606-38,"956,493.30","29,662.54"
01PDFL2606-39,"452,743.47","9,428.24"
01PDFL2606-4,"898,898.85","55,265.11"
01PDFL2606-41,"1,441,692.09","47,660.94"
01PDFL2606-42,"1,365,010.78","78,356.23"
01PDFL2606-44,"1,472,866.01","109,841.92"
01PDFL2606-47,"907,256.34","38,011.45"
01PDFL2606-48,"1,326,617.33","64,818.78"
01PDFL2606-49,"643,083.51","83,352.86"
01PDFL2606-50,"970,387.22","38,374.06"
01PDFL2606-54,"729,429.00","38,976.15"
01PDFL2606-62,"705,070.43","18,884.27"
01PDFL2606-64,"1,314,390.53","22,673.17"
01PDFL2606-66,"383,409.58","7,298.99"
01PDFL2606-7,"1,370,150.78","38,724.74"
01PDFL2606-70,"1,946,113.51","32,745.83"
01PDFL2606-71,"959,016.36","31,086.20"
01PDFL2606-72,"1,751,319.81","66,352.38"
01PDFL2606-75,"690,909.00","41,644.59"
01PDFL2606-76,"1,377,311.01","23,175.44"
01PDFL2606-8,"1,516,789.89","60,524.37"
01PDFL2606-80,"2,019,059.49","37,716.37"
01PDFL2606-82,"2,896,741.18","88,694.19"
01PDFL2606-88,"1,571,668.14","98,708.83"
01PDFL2606-89,"1,120,828.81","48,447.71"
01PDFL2606-9,"2,409,079.58","65,951.36"
01PDFL2606-93,"1,599,095.96","55,614.36"
01PDFL2606-99,"1,648,149.05","137,436.15"
01PDFL2607-1,"826,427.38","24,467.93"
01PDFL2607-100,"2,942,540.69","120,256.78"
01PDFL2607-101,"773,709.39","15,031.49"
01PDFL2607-102,"929,050.90","31,288.20"
01PDFL2607-103,"613,807.69","61,637.71"
01PDFL2607-105,"912,761.11","29,653.62"
01PDFL2607-107,"850,920.28","36,451.66"
01PDFL2607-110,"713,365.40","18,899.48"
01PDFL2607-112,"1,244,530.45","47,690.72"
01PDFL2607-113,"732,605.76","23,967.33"
01PDFL2607-114,"925,850.67","19,633.88"
01PDFL2607-119,"1,012,912.39","52,756.46"
01PDFL2607-120,"1,369,709.36","41,957.87"
01PDFL2607-122,"1,498,695.32","65,412.17"
01PDFL2607-125,"704,801.83","15,288.49"
01PDFL2607-127,"800,114.65","16,667.55"
01PDFL2607-128,"617,354.64","50,738.43"
01PDFL2607-129,"777,061.43","11,802.82"
01PDFL2607-13,"866,754.66","33,186.55"
01PDFL2607-130,"610,108.04","23,491.50"
01PDFL2607-131,"841,924.83","24,000.49"
01PDFL2607-133,"1,031,261.35","39,721.14"
01PDFL2607-135,"1,037,726.08","20,036.69"
01PDFL2607-136,"832,517.29","24,685.00"
01PDFL2607-137,"964,273.45","41,469.12"
01PDFL2607-138,"608,915.93","24,626.09"
01PDFL2607-140,"1,343,026.35","50,873.90"
01PDFL2607-141,"836,267.04","21,198.79"
01PDFL2607-142,"965,920.10","28,857.94"
01PDFL2607-143,"447,836.85","24,022.79"
01PDFL2607-146,"1,596,654.23","21,890.15"
01PDFL2607-15,"720,708.42","5,697.41"
01PDFL2607-17,"494,967.06","54,868.05"
01PDFL2607-18,"602,878.71","24,036.98"
01PDFL2607-19,"844,406.43","51,489.85"
01PDFL2607-2,"1,126,227.94","32,865.04"
01PDFL2607-21,"883,623.25","23,605.75"
01PDFL2607-22,"1,605,021.83","76,465.35"
01PDFL2607-27,"948,824.31","15,069.64"
01PDFL2607-28,"983,099.52","28,986.70"
01PDFL2607-3,"1,330,467.16","15,745.64"
01PDFL2607-34,"978,235.24","28,590.92"
01PDFL2607-35,"366,590.62","12,740.95"
01PDFL2607-36,"856,831.32","20,040.58"
01PDFL2607-37,"1,020,331.45","36,645.99"
01PDFL2607-38,"1,090,408.73","33,199.25"
01PDFL2607-41,"877,305.61","30,627.16"
01PDFL2607-43,"752,628.58","32,578.58"
01PDFL2607-45,"1,171,135.04","20,441.67"
01PDFL2607-46,"1,012,716.19","78,944.45"
01PDFL2607-47,"974,851.59","43,370.66"
01PDFL2607-48,"922,753.06","21,185.73"
01PDFL2607-49,"1,655,442.97","46,385.53"
01PDFL2607-50,"1,515,722.57","20,066.17"
01PDFL2607-51,"2,831,287.33","155,729.85"
01PDFL2607-52,"1,440,263.90","52,484.43"
01PDFL2607-53,"1,019,421.89","32,638.81"
01PDFL2607-54,"367,197.04","19,857.06"
01PDFL2607-57,"1,064,703.64","20,261.55"
01PDFL2607-58,"898,539.30","38,597.80"
01PDFL2607-59,"631,686.01","16,553.67"
01PDFL2607-6,"91,313.93","26,334.80"
01PDFL2607-60,"1,120,751.04","34,021.09"
01PDFL2607-61,"755,135.17","37,711.27"
01PDFL2607-63,"781,292.96","28,539.76"
01PDFL2607-64,"640,794.80","30,443.83"
01PDFL2607-65,"701,838.74","25,673.46"
01PDFL2607-66,"787,972.93","24,649.70"
01PDFL2607-67,"768,024.50","24,565.42"
01PDFL2607-7,"762,671.81","11,182.13"
01PDFL2607-72,"1,204,412.17","34,223.47"
01PDFL2607-73,"1,097,071.77","30,521.70"
01PDFL2607-74,"271,300.71","10,279.57"
01PDFL2607-76,"621,124.24","30,121.10"
01PDFL2607-77,"1,250,862.78","18,481.11"
01PDFL2607-78,"1,205,265.24","60,888.31"
01PDFL2607-8,"422,558.19","25,380.84"
01PDFL2607-80,"888,139.78","19,005.59"
01PDFL2607-81,"696,594.31","23,641.75"
01PDFL2607-82,"864,375.99","31,344.17"
01PDFL2607-83,"939,246.73","24,111.13"
01PDFL2607-84,"1,246,762.37","25,906.26"
01PDFL2607-85,"763,873.84","32,972.48"
01PDFL2607-86,"788,933.46","42,537.52"
01PDFL2607-88,"861,891.71","31,657.03"
01PDFL2607-9,"968,032.82","41,792.84"
01PDFL2607-91,"729,523.36","29,421.72"
01PDFL2607-93,"593,508.13","18,656.31"
01PDFL2607-94,"772,262.74","17,910.36"
01PDFL2607-96,"1,314,665.79","59,580.88"
01PDFL2607-97,"1,148,168.33","24,641.47"
01PDRL2606-1,"365,059.47","35,119.02"
01PDRL2606-10,"2,112,757.30","72,099.62"
01PDRL2606-11,"1,334,331.33","47,480.49"
01PDRL2606-3,"2,795,960.80","73,207.94"
01PDRL2606-6,"187,298.70","6,743.89"
01PDRL2606-7,"309,070.35","15,302.93"
01PDRL2606-9,"405,618.78","21,982.95"
01PDRL2607-2,"990,922.12","45,129.25"
01PDRL2607-3,"822,291.87","26,112.75"
01PDRL2607-4,"756,225.69","30,301.29"
01PDRL2607-5,"1,498,389.55","71,230.78"
01PDRL2607-6,"937,123.38","37,477.25"
01PDTL2606-1,"183,494.99","11,740.97"
01PDTL2606-2,"372,234.30","19,236.27"
01PDTL2606-3,"1,567,781.36","85,966.85"
01PDTL2606-4,"1,003,890.93","41,772.03"
01PDTL2606-5,"2,543,941.59","56,659.46"
01PDTL2607-1,"863,304.09","19,592.94"
01PDTL2607-2,"898,669.19","44,874.38"
01PDTL2607-3,"1,088,539.78","49,929.93"
01PFFL2606-1,"426,673.71","17,031.31"
01PFFL2606-10,"1,293,337.20","102,098.56"
01PFFL2606-104,"513,665.95","26,106.12"
01PFFL2606-106,"976,440.25","13,142.89"
01PFFL2606-107,"1,611,640.58","90,007.44"
01PFFL2606-108,"516,609.86","28,919.94"
01PFFL2606-110,"450,454.44","14,133.67"
01PFFL2606-115,"548,661.04","19,559.78"
01PFFL2606-116,"453,720.79","22,870.49"
01PFFL2606-117,"2,253,903.18","111,565.46"
01PFFL2606-122,"430,540.42","11,736.48"
01PFFL2606-123,"753,831.84","43,401.58"
01PFFL2606-124,"2,413,767.71","108,657.19"
01PFFL2606-125,"1,038,239.58","20,184.45"
01PFFL2606-126,"492,852.68","10,493.28"
01PFFL2606-14,"397,362.66","9,284.30"
01PFFL2606-15,"809,223.86","39,610.25"
01PFFL2606-16,"410,669.91","6,183.31"
01PFFL2606-24,"434,468.87","27,814.86"
01PFFL2606-27,"2,562,210.00","139,261.43"
01PFFL2606-30,"672,943.97","33,157.01"
01PFFL2606-33,"450,000.00","15,371.24"
01PFFL2606-37,"2,416,176.17","83,444.60"
01PFFL2606-40,"2,432,689.58","75,001.97"
01PFFL2606-41,"446,538.85","27,915.49"
01PFFL2606-42,"4,475,422.14","246,495.77"
01PFFL2606-45,"3,742,223.01","276,548.70"
01PFFL2606-47,"444,219.23","10,193.32"
01PFFL2606-52,"3,068,786.33","198,401.05"
01PFFL2606-53,"1,676,637.01","43,621.44"
01PFFL2606-56,"1,627,881.18","51,735.79"
01PFFL2606-57,"880,400.48","50,399.57"
01PFFL2606-59,"415,228.26","16,054.91"
01PFFL2606-6,"767,876.05","40,922.69"
01PFFL2606-61,"2,432,689.58","117,536.56"
01PFFL2606-63,"445,070.31","17,550.52"
01PFFL2606-64,"469,772.72","15,045.26"
01PFFL2606-68,"446,965.69","15,354.60"
01PFFL2606-72,"736,607.52","30,780.10"
01PFFL2606-73,"1,137,128.03","40,906.29"
01PFFL2606-75,"916,480.90","49,408.70"
01PFFL2606-76,"675,068.63","36,009.76"
01PFFL2606-77,"430,496.78","18,800.08"
01PFFL2606-8,"766,308.74","39,469.01"
01PFFL2606-82,"432,659.69","19,896.46"
01PFFL2606-83,"394,804.21","12,065.76"
01PFFL2606-85,"908,290.39","34,888.81"
01PFFL2606-87,"611,904.82","24,229.75"
01PFFL2606-88,"604,311.60","8,595.05"
01PFFL2606-90,"2,732,925.04","93,307.54"
01PFFL2606-92,"455,394.51","23,324.79"
01PFFL2606-93,"515,203.82","12,934.24"
01PFFL2607-1,"4,138,797.00","77,616.10"
01PFFL2607-102,"401,301.45","14,975.86"
01PFFL2607-104,"1,398,668.97","41,141.46"
01PFFL2607-106,"1,100,116.11","24,010.95"
01PFFL2607-108,"516,037.24","10,163.33"
01PFFL2607-111,"1,083,560.61","42,081.40"
01PFFL2607-112,"656,607.73","34,648.29"
01PFFL2607-114,"443,069.96","13,713.52"
01PFFL2607-118,"1,221,099.42","59,044.41"
01PFFL2607-119,"1,074,988.80","38,086.27"
01PFFL2607-12,"1,680,079.51","54,908.67"
01PFFL2607-123,"2,412,111.58","65,454.03"
01PFFL2607-126,"922,429.00","29,539.85"
01PFFL2607-128,"1,938,471.96","56,469.74"
01PFFL2607-135,"1,247,822.24","24,587.58"
01PFFL2607-137,"1,631,946.00","87,854.29"
01PFFL2607-140,"1,288,085.36","38,565.23"
01PFFL2607-17,"742,118.88","21,714.55"
01PFFL2607-21,"508,135.51","17,875.22"
01PFFL2607-22,"787,435.70","25,605.84"
01PFFL2607-23,"1,137,329.58","60,638.79"
01PFFL2607-25,"1,366,677.84","43,001.40"
01PFFL2607-29,"547,320.04","10,934.66"
01PFFL2607-30,"1,358,683.81","26,093.51"
01PFFL2607-31,"738,615.69","22,111.93"
01PFFL2607-34,"409,819.21","14,259.28"
01PFFL2607-35,"524,803.19","13,281.76"
01PFFL2607-40,"613,835.96","59,843.05"
01PFFL2607-42,"560,679.42","19,169.00"
01PFFL2607-45,"2,416,083.86","132,956.34"
01PFFL2607-46,"890,547.54","48,979.91"
01PFFL2607-47,"2,767,021.04","39,158.56"
01PFFL2607-48,"743,395.92","10,090.50"
01PFFL2607-49,"430,913.58","11,260.26"
01PFFL2607-51,"531,543.84","15,728.75"
01PFFL2607-53,"1,169,682.55","30,644.36"
01PFFL2607-54,"1,676,637.01","33,654.82"
01PFFL2607-57,"2,219,481.52","63,337.94"
01PFFL2607-6,"417,102.27","22,525.40"
01PFFL2607-60,"3,771,878.27","109,037.08"
01PFFL2607-61,"547,947.49","12,889.00"
01PFFL2607-63,"499,219.34","10,551.98"
01PFFL2607-65,"424,327.87","35,733.18"
01PFFL2607-66,"523,216.73","18,810.68"
01PFFL2607-68,"516,710.65","8,662.62"
01PFFL2607-69,"606,232.22","24,812.16"
01PFFL2607-7,"129,551.08","9,503.22"
01PFFL2607-70,"2,424,669.91","99,748.59"
01PFFL2607-71,"561,495.16","11,330.75"
01PFFL2607-73,"892,279.25","20,871.35"
01PFFL2607-84,"546,509.22","12,602.70"
01PFFL2607-86,"379,895.31","19,595.39"
01PFFL2607-87,"1,306,637.33","18,249.08"
01PFFL2607-89,"424,249.01","22,939.81"
01PFFL2607-9,"198,927.90","4,192.09"
01PFFL2607-90,"458,562.54","24,514.46"
01PFFL2607-91,"782,354.59","38,172.26"
01PFFL2607-92,"784,881.16","37,980.11"
01PFFL2607-93,"2,696,528.28","87,863.76"
01PFFL2607-94,"714,134.41","20,280.66"
01PFFL2607-95,"439,059.62","10,971.27"
01PFFL2607-96,"1,293,098.29","50,532.05"
01PFFL2607-99,"2,759,375.03","49,293.09"
01PFRL2606-1,"2,033,028.65","115,543.64"
01PFRL2606-11,"437,267.68","11,281.89"
01PFRL2606-12,"434,267.63","12,342.55"
01PFRL2606-13,"941,436.98","39,245.19"
01PFRL2606-14,"307,504.43","24,836.56"
01PFRL2606-15,"2,425,685.87","109,927.99"
01PFRL2606-2,"84,169.31","48,249.72"
01PFRL2606-5,"1,164,579.23","26,529.57"
01PFRL2606-7,"677,870.02","35,469.78"
01PFRL2607-1,"384,948.43","8,628.94"
01PFRL2607-10,"904,813.16","39,422.08"
01PFRL2607-11,"396,603.13","8,878.53"
01PFRL2607-12,"696,763.85","25,264.72"
01PFRL2607-13,"431,538.27","13,375.38"
01PFRL2607-14,"218,043.07","13,165.10"
01PFRL2607-16,"747,156.38","28,128.31"
01PFRL2607-17,"810,619.20","33,221.73"
01PFRL2607-18,"174,299.75","26,013.00"
01PFRL2607-19,"192,848.62","12,923.76"
01PFRL2607-2,"382,448.66","12,510.48"
01PFRL2607-22,"1,337,743.91","42,714.94"
01PFRL2607-23,"422,704.49","22,081.75"
01PFRL2607-25,"418,127.26","20,883.14"
01PFRL2607-3,"792,749.47","31,480.02"
01PFRL2607-4,"527,563.10","35,239.99"
01PFRL2607-5,"381,350.74","18,273.26"
01PFRL2607-7,"1,791,965.62","37,950.74"
01PFRL2607-9,"305,967.16","11,928.52"
01PFTL2606-1,"739,789.49","24,110.95"
01PFTL2606-2,"891,491.18","47,969.27"
01PFTL2606-3,"378,706.66","12,473.92"
01PFTL2606-4,"1,152,412.74","47,757.82"
01PFTL2606-5,"468,615.64","18,305.26"
01PFTL2606-6,"1,654,152.54","52,710.24"
01PFTL2606-7,"568,813.31","29,618.43"
01PFTL2607-1,"464,220.74","19,646.54"
01PFTL2607-10,"509,044.49","23,981.24"
01PFTL2607-11,"1,685,176.65","38,014.14"
01PFTL2607-12,"3,882,306.13","170,166.52"
01PFTL2607-13,"836,919.74","10,028.89"
01PFTL2607-14,"143,834.31","6,082.25"
01PFTL2607-15,"513,479.73","17,194.38"
01PFTL2607-16,"345,749.92","8,803.15"
01PFTL2607-17,"893,923.24","34,640.81"
01PFTL2607-2,"316,928.62","15,182.73"
01PFTL2607-3,"1,494,045.41","88,546.70"
01PFTL2607-4,"433,544.48","15,700.21"
01PFTL2607-5,"377,222.93","15,373.26"
01PFTL2607-6,"400,578.64","15,055.87"
01PFTL2607-8,"1,680,189.75","54,774.15"
01PFTL2607-9,"1,549,222.51","28,522.68"
01PGFL2606-11,"1,111,817.24","65,268.83"
01PGFL2606-3,"46,353.79","8,952.04"
01PGFL2607-10,"750,825.95","41,672.41"
01PGFL2607-12,"1,526,393.72","156,607.15"
01PGFL2607-14,"624,911.12","58,008.32"
01PGFL2607-4,"4,577,872.20","153,424.31"
01PGFL2607-6,"281,176.39","24,760.80"
01PGRL2607-1,"1,727,213.92","69,800.55"
01PGRL2607-2,"491,682.71","47,039.15"
01PHRL2606-1,"1,112,826.88","24,877.85"
01PHRL2606-2,"886,000.41","41,347.43"
01PHRL2607-2,"1,656,491.97","46,310.69"
01PHRL2607-4,"296,615.43","13,718.02"
01PHTL2606-1,"1,056,899.66","51,248.50"
01PHTL2606-2,"139,217.20","8,068.99"
01PIRL2606-10,"404,016.69","17,093.89"
01PIRL2606-11,"329,415.04","12,391.89"
01PIRL2606-12,"1,318,205.08","46,145.09"
01PIRL2606-13,"315,768.51","17,460.15"
01PIRL2606-14,"662,018.68","29,073.59"
01PIRL2606-15,"283,036.96","11,306.79"
01PIRL2606-16,"661,151.30","30,138.78"
01PIRL2606-17,"659,960.64","18,926.14"
01PIRL2606-19,"775,658.26","26,408.06"
01PIRL2606-2,"1,097,355.81","38,741.99"
01PIRL2606-20,"383,773.24","10,762.44"
01PIRL2606-21,"925,949.37","27,350.75"
01PIRL2606-22,"427,171.69","12,601.92"
01PIRL2606-23,"718,775.98","22,106.30"
01PIRL2606-24,"3,420,805.22","109,367.78"
01PIRL2606-25,"436,172.52","24,250.32"
01PIRL2606-26,"865,759.79","28,553.10"
01PIRL2606-27,"78,922.72","19,758.53"
01PIRL2606-28,"446,225.29","22,961.98"
01PIRL2606-29,"1,130,724.43","32,076.77"
01PIRL2606-3,"1,170,409.21","42,727.22"
01PIRL2606-30,"1,323,624.14","41,393.62"
01PIRL2606-31,"703,141.57","24,779.02"
01PIRL2606-32,"344,145.16","9,683.07"
01PIRL2606-33,"791,720.04","26,729.90"
01PIRL2606-34,"729,079.29","25,555.29"
01PIRL2606-35,"467,091.60","17,673.32"
01PIRL2606-36,"3,123,234.30","116,076.73"
01PIRL2606-37,"515,001.93","17,725.03"
01PIRL2606-38,"367,173.24","10,506.52"
01PIRL2606-40,"3,941,878.06","110,758.04"
01PIRL2606-43,"452,591.47","14,931.78"
01PIRL2606-5,"670,174.46","21,742.17"
01PIRL2606-7,"403,932.96","13,012.80"
01PIRL2606-9,"1,781,950.63","55,481.59"
01PITL2606-1,"480,252.84","18,427.70"
01PITL2606-10,"437,580.81","19,927.75"
01PITL2606-11,"577,277.54","28,132.51"
01PITL2606-12,"537,955.56","24,237.04"
01PITL2606-13,"880,887.86","28,010.31"
01PITL2606-14,"735,083.93","21,763.53"
01PITL2606-15,"674,993.51","25,670.38"
01PITL2606-16,"273,460.45","12,921.78"
01PITL2606-17,"383,499.77","18,840.99"
01PITL2606-18,"1,170,800.18","36,807.82"
01PITL2606-2,"769,773.50","22,717.96"
01PITL2606-20,"729,323.77","21,850.26"
01PITL2606-21,"727,310.77","32,169.89"
01PITL2606-22,"329,045.96","8,716.16"
01PITL2606-23,"1,525,370.03","44,136.47"
01PITL2606-24,"380,564.99","12,008.04"
01PITL2606-25,"351,312.54","10,882.28"
01PITL2606-27,"1,057,475.62","35,154.07"
01PITL2606-28,"695,783.89","21,669.46"
01PITL2606-29,"829,438.72","24,318.45"
01PITL2606-3,"227,871.09","15,307.43"
01PITL2606-30,"679,798.93","23,801.57"
01PITL2606-33,"548,444.05","15,908.26"
01PITL2606-34,"533,768.38","13,176.49"
01PITL2606-35,"1,335,642.91","43,370.72"
01PITL2606-37,"734,145.70","39,528.73"
01PITL2606-38,"1,389,546.76","39,525.56"
01PITL2606-4,"313,279.97","9,131.11"
01PITL2606-5,"378,579.04","37,471.18"
01PITL2606-6,"1,099,261.49","35,049.37"
01PITL2606-7,"1,204,206.92","43,246.83"
01PITL2606-8,"517,960.79","12,589.91"
01PITL2606-9,"501,113.17","27,393.90"
01PKFL2606-10,"1,496,013.57","62,246.87"
01PKFL2606-100,"1,286,912.50","96,232.14"
01PKFL2606-101,"2,285,898.46","125,341.19"
01PKFL2606-102,"1,114,723.89","24,961.33"
01PKFL2606-105,"454,433.81","12,766.68"
01PKFL2606-106,"979,289.76","23,831.04"
01PKFL2606-109,"2,320,320.00","35,167.25"
01PKFL2606-11,"565,644.21","4,065.03"
01PKFL2606-110,"988,325.97","47,647.08"
01PKFL2606-112,"972,463.15","41,644.47"
01PKFL2606-114,"800,708.17","16,701.73"
01PKFL2606-115,"310,883.68","126,822.46"
01PKFL2606-119,"1,001,420.54","21,499.43"
01PKFL2606-12,"891,849.31","48,942.56"
01PKFL2606-120,"1,479,957.97","50,630.27"
01PKFL2606-122,"422,379.45","9,374.29"
01PKFL2606-123,"975,431.87","33,861.07"
01PKFL2606-124,"977,385.46","48,595.27"
01PKFL2606-125,"1,147,849.84","59,378.66"
01PKFL2606-126,"916,251.44","35,717.59"
01PKFL2606-127,"838,892.65","25,861.00"
01PKFL2606-128,"1,147,427.02","46,366.22"
01PKFL2606-129,"352,142.27","19,037.43"
01PKFL2606-13,"1,167,400.68","53,465.78"
01PKFL2606-130,"406,478.18","28,055.02"
01PKFL2606-131,"1,443,620.04","70,910.16"
01PKFL2606-132,"826,960.76","27,980.93"
01PKFL2606-138,"2,246,320.53","107,787.63"
01PKFL2606-139,"1,183,881.66","61,931.11"
01PKFL2606-141,"702,158.06","14,242.61"
01PKFL2606-142,"1,002,359.32","39,781.38"
01PKFL2606-143,"1,469,923.53","46,398.76"
01PKFL2606-146,"890,022.39","19,311.89"
01PKFL2606-148,"983,097.07","49,350.76"
01PKFL2606-15,"965,971.86","24,234.28"
01PKFL2606-150,"1,560,806.81","27,769.84"
01PKFL2606-153,"973,463.26","20,350.96"
01PKFL2606-155,"523,697.75","5,120.58"
01PKFL2606-156,"1,379,104.26","58,018.83"
01PKFL2606-19,"1,147,427.02","52,721.45"
01PKFL2606-20,"945,474.61","49,766.05"
01PKFL2606-21,"425,106.21","24,121.98"
01PKFL2606-23,"406,213.25","52,649.99"
01PKFL2606-24,"433,511.81","19,761.06"
01PKFL2606-25,"977,385.46","53,861.51"
01PKFL2606-26,"474,904.91","30,917.31"
01PKFL2606-28,"982,363.88","30,197.68"
01PKFL2606-3,"967,902.11","40,609.30"
01PKFL2606-32,"849,559.65","24,089.43"
01PKFL2606-33,"1,072,187.72","36,737.30"
01PKFL2606-34,"479,704.69","8,081.85"
01PKFL2606-35,"981,379.84","47,293.47"
01PKFL2606-39,"3,128,850.64","114,748.74"
01PKFL2606-4,"1,134,082.91","56,847.88"
01PKFL2606-41,"960,088.14","20,826.21"
01PKFL2606-46,"974,447.43","23,243.04"
01PKFL2606-47,"458,800.96","11,178.92"
01PKFL2606-48,"1,191,431.60","76,872.80"
01PKFL2606-49,"437,164.72","23,727.82"
01PKFL2606-50,"790,838.72","19,135.58"
01PKFL2606-52,"1,375,959.64","77,606.25"
01PKFL2606-54,"1,233,397.54","65,424.51"
01PKFL2606-55,"819,021.11","36,636.53"
01PKFL2606-56,"962,500.49","23,114.33"
01PKFL2606-58,"972,658.20","47,023.28"
01PKFL2606-59,"786,961.31","54,087.66"
01PKFL2606-6,"991,422.80","13,272.90"
01PKFL2606-60,"979,318.86","47,151.71"
01PKFL2606-63,"684,537.29","30,710.14"
01PKFL2606-64,"1,272,495.80","58,097.88"
01PKFL2606-65,"855,989.97","95,231.23"
01PKFL2606-66,"1,920,588.58","105,343.12"
01PKFL2606-67,"1,631,470.40","48,198.74"
01PKFL2606-7,"975,431.87","50,658.76"
01PKFL2606-70,"970,458.14","19,313.40"
01PKFL2606-75,"971,463.25","54,067.14"
01PKFL2606-76,"1,133,140.31","34,586.74"
01PKFL2606-78,"938,694.55","39,706.23"
01PKFL2606-79,"1,167,830.87","47,627.40"
01PKFL2606-80,"2,297,880.00","99,970.99"
01PKFL2606-81,"975,441.88","60,185.91"
01PKFL2606-83,"593,190.67","32,211.43"
01PKFL2606-87,"1,428,741.75","57,229.04"
01PKFL2606-90,"612,268.21","27,509.86"
01PKFL2606-91,"879,832.09","60,205.80"
01PKFL2606-92,"837,877.64","20,330.78"
01PKFL2606-93,"1,108,366.49","22,670.85"
01PKFL2606-97,"1,188,489.54","60,631.69"
01PKFL2606-99,"770,590.94","29,035.77"
01PKFL2607-1,"1,000,000.00","43,234.90"
01PKFL2607-10,"937,629.79","19,123.77"
01PKFL2607-101,"2,243,736.11","114,348.81"
01PKFL2607-102,"992,152.92","47,423.15"
01PKFL2607-104,"2,419,942.34","81,485.29"
01PKFL2607-105,"1,192,807.15","56,623.65"
01PKFL2607-106,"447,913.63","13,191.45"
01PKFL2607-108,"890,925.71","19,624.65"
01PKFL2607-11,"842,723.78","31,787.23"
01PKFL2607-112,"802,787.63","31,636.05"
01PKFL2607-113,"1,252,265.30","34,862.04"
01PKFL2607-114,"1,195,118.68","50,107.88"
01PKFL2607-12,"975,267.16","43,287.58"
01PKFL2607-16,"359,904.93","12,476.77"
01PKFL2607-17,"409,416.41","12,243.00"
01PKFL2607-18,"832,601.84","25,108.98"
01PKFL2607-20,"4,440,580.70","194,716.52"
01PKFL2607-21,"1,669,643.79","56,822.33"
01PKFL2607-23,"1,270,080.00","60,634.54"
01PKFL2607-26,"1,271,239.13","18,916.92"
01PKFL2607-35,"1,144,169.39","44,607.73"
01PKFL2607-38,"1,002,358.30","39,936.88"
01PKFL2607-39,"988,297.46","19,708.88"
01PKFL2607-4,"937,629.79","25,800.71"
01PKFL2607-40,"954,526.60","32,618.96"
01PKFL2607-41,"360,268.52","20,091.52"
01PKFL2607-42,"760,937.19","28,160.40"
01PKFL2607-43,"916,325.37","20,389.89"
01PKFL2607-44,"724,877.99","77,862.98"
01PKFL2607-47,"1,037,039.69","27,920.47"
01PKFL2607-48,"1,158,632.24","37,816.80"
01PKFL2607-5,"825,822.06","29,595.01"
01PKFL2607-50,"480,068.77","14,787.74"
01PKFL2607-51,"662,993.37","23,082.20"
01PKFL2607-52,"1,157,952.67","30,762.74"
01PKFL2607-54,"976,413.17","26,121.93"
01PKFL2607-56,"1,953,281.98","80,105.09"
01PKFL2607-58,"969,559.22","50,137.97"
01PKFL2607-61,"970,458.14","25,994.34"
01PKFL2607-62,"283,614.74","14,439.07"
01PKFL2607-64,"887,900.50","34,061.13"
01PKFL2607-66,"1,020,725.57","37,619.85"
01PKFL2607-67,"654,576.24","42,087.32"
01PKFL2607-68,"971,527.11","20,936.79"
01PKFL2607-69,"833,978.14","27,439.07"
01PKFL2607-7,"1,035,006.89","27,656.73"
01PKFL2607-71,"238,209.64","33,866.12"
01PKFL2607-72,"806,369.28","26,491.57"
01PKFL2607-73,"334,700.28","18,403.75"
01PKFL2607-74,"961,794.75","7,149.15"
01PKFL2607-76,"1,157,952.67","55,269.31"
01PKFL2607-77,"1,156,255.02","53,545.89"
01PKFL2607-78,"1,171,201.71","20,968.02"
01PKFL2607-79,"1,132,445.64","37,819.58"
01PKFL2607-8,"1,192,367.76","47,184.56"
01PKFL2607-81,"2,320,320.00","122,118.45"
01PKFL2607-82,"1,110,934.22","29,345.21"
01PKFL2607-83,"686,731.78","15,039.21"
01PKFL2607-84,"988,967.14","45,395.94"
01PKFL2607-85,"732,482.58","29,981.27"
01PKFL2607-86,"1,394,109.80","45,979.97"
01PKFL2607-87,"693,047.56","25,764.57"
01PKFL2607-88,"959,680.28","35,431.43"
01PKFL2607-89,"414,911.11","10,974.45"
01PKFL2607-90,"4,326,158.28","155,278.79"
01PKFL2607-92,"1,451,122.52","67,988.22"
01PKFL2607-93,"757,147.67","35,575.28"
01PKFL2607-96,"982,480.29","26,599.42"
01PKFL2607-97,"829,790.47","26,899.73"
01PKFL2607-98,"1,109,609.85","46,263.42"
01PKFL2607-99,"831,251.75","32,848.65"
01PKRL2606-1,"863,227.78","28,088.99"
01PKRL2606-11,"793,540.89","36,576.18"
01PKRL2606-12,"1,107,295.47","54,430.77"
01PKRL2606-13,"289,845.60","6,427.92"
01PKRL2606-14,"951,476.24","53,349.93"
01PKRL2606-2,"1,442,284.00","35,462.24"
01PKRL2606-3,"386,935.40","9,641.10"
01PKRL2606-4,"972,568.63","40,726.43"
01PKRL2606-5,"1,285,340.53","44,001.86"
01PKRL2606-6,"1,150,737.49","72,309.56"
01PKRL2606-7,"838,985.76","25,329.21"
01PKRL2606-9,"954,526.60","45,565.04"
01PKRL2607-1,"1,261,754.41","35,621.45"
01PKRL2607-2,"578,443.45","16,938.35"
01PKRL2607-3,"1,011,414.89","53,913.68"
01PKRL2607-4,"1,129,209.11","25,767.03"
01PKRL2607-6,"983,260.96","26,687.29"
01PKRL2607-8,"809,687.26","19,799.23"
01PKTL2606-1,"814,004.51","38,445.53"
01PKTL2606-10,"745,899.78","49,186.64"
01PKTL2606-11,"1,065,577.58","72,832.87"
01PKTL2606-3,"1,151,723.64","53,404.80"
01PKTL2606-4,"390,577.62","11,583.34"
01PKTL2606-5,"864,820.08","32,854.51"
01PKTL2606-7,"936,726.18","43,231.43"
01PKTL2606-8,"1,258,122.13","62,458.72"
01PKTL2606-9,"1,135,067.86","17,342.78"
01PKTL2607-1,"701,955.79","64,620.39"
01PKTL2607-2,"1,147,211.76","41,206.90"
01PKTL2607-3,"332,420.46","24,866.68"
01PKTL2607-5,"311,657.03","6,582.04"
01PKTL2607-6,"815,942.91","44,532.73"
01PKTL2607-7,"1,748,178.65","78,189.06"
01PKTL2607-8,"837,844.41","47,629.19"
01PLFL2606-102,"2,277,487.30","70,741.11"
01PLFL2606-105,"817,432.23","23,484.12"
01PLFL2606-106,"506,968.61","20,464.45"
01PLFL2606-110,"654,543.63","23,735.41"
01PLFL2606-114,"842,151.83","32,571.59"
01PLFL2606-115,"739,789.49","44,345.36"
01PLFL2606-116,"294,205.72","42,804.24"
01PLFL2606-118,"124,159.86","10,546.12"
01PLFL2606-119,"602,507.99","36,951.25"
01PLFL2606-124,"355,703.80","12,663.37"
01PLFL2606-125,"489,931.42","28,350.97"
01PLFL2606-126,"544,208.30","37,524.21"
01PLFL2606-129,"288,395.27","31,483.86"
01PLFL2606-13,"1,109,662.00","66,258.77"
01PLFL2606-131,"222,233.25","15,336.55"
01PLFL2606-132,"243,668.75","15,138.09"
01PLFL2606-134,"136,311.59","10,705.69"
01PLFL2606-140,"779,153.46","41,164.12"
01PLFL2606-141,"671,644.19","35,089.31"
01PLFL2606-142,"476,253.21","30,830.78"
01PLFL2606-144,"889,093.81","19,872.05"
01PLFL2606-145,"378,230.18","6,659.79"
01PLFL2606-147,"703,634.12","7,792.34"
01PLFL2606-150,"151,457.24","7,627.72"
01PLFL2606-155,"342,663.55","24,164.88"
01PLFL2606-156,"439,361.04","19,175.35"
01PLFL2606-158,"217,664.36","20,653.40"
01PLFL2606-161,"399,418.74","10,573.69"
01PLFL2606-168,"616,741.11","54,968.31"
01PLFL2606-170,"305,516.01","6,619.39"
01PLFL2606-173,"733,476.35","40,095.06"
01PLFL2606-175,"821,853.26","67,117.12"
01PLFL2606-179,"1,207,431.15","51,263.16"
01PLFL2606-187,"872,780.77","46,951.16"
01PLFL2606-188,"1,148,931.08","51,048.31"
01PLFL2606-189,"623,583.79","21,953.07"
01PLFL2606-190,"843,048.53","53,271.80"
01PLFL2606-197,"323,103.05","28,708.45"
01PLFL2606-198,"796,660.84","48,336.89"
01PLFL2606-20,"736,271.08","49,280.58"
01PLFL2606-200,"420,709.77","19,993.21"
01PLFL2606-201,"736,033.64","57,282.31"
01PLFL2606-203,"51,445.63","49,877.89"
01PLFL2606-208,"640,022.46","31,537.83"
01PLFL2606-21,"216,393.55","21,577.61"
01PLFL2606-211,"361,541.13","13,995.95"
01PLFL2606-214,"335,673.66","13,052.91"
01PLFL2606-224,"812,226.51","27,219.07"
01PLFL2606-227,"727,453.17","17,281.87"
01PLFL2606-229,"134,775.02","10,427.34"
01PLFL2606-232,"294,619.10","19,772.57"
01PLFL2606-233,"952,706.69","15,379.98"
01PLFL2606-235,"318,686.27","17,107.52"
01PLFL2606-237,"805,782.59","71,966.82"
01PLFL2606-238,"448,192.35","26,824.07"
01PLFL2606-239,"572,632.66","23,620.99"
01PLFL2606-24,"768,391.49","61,066.13"
01PLFL2606-243,"1,086,434.16","34,567.55"
01PLFL2606-249,"379,264.07","21,496.74"
01PLFL2606-25,"667,284.96","28,524.05"
01PLFL2606-251,"700,490.98","51,291.66"
01PLFL2606-253,"298,746.94","14,034.73"
01PLFL2606-254,"174,065.26","8,995.60"
01PLFL2606-255,"395,390.51","21,142.84"
01PLFL2606-256,"653,996.94","23,014.73"
01PLFL2606-26,"435,390.34","19,396.82"
01PLFL2606-260,"750,235.40","26,570.97"
01PLFL2606-262,"654,283.86","24,348.62"
01PLFL2606-263,"333,407.52","6,104.48"
01PLFL2606-264,"236,417.88","19,152.34"
01PLFL2606-269,"483,447.87","20,122.35"
01PLFL2606-272,"583,071.87","38,067.41"
01PLFL2606-276,"757,975.08","43,603.48"
01PLFL2606-277,"240,605.44","17,781.41"
01PLFL2606-278,"929,604.15","35,338.96"
01PLFL2606-279,"876,821.18","72,444.96"
01PLFL2606-283,"1,618,371.26","36,544.44"
01PLFL2606-287,"439,897.24","17,375.52"
01PLFL2606-288,"411,543.97","9,844.70"
01PLFL2606-289,"972,370.70","40,249.11"
01PLFL2606-293,"227,867.41","4,877.05"
01PLFL2606-297,"1,384,736.22","48,644.98"
01PLFL2606-299,"4,169,975.36","247,405.51"
01PLFL2606-300,"651,079.11","18,706.98"
01PLFL2606-307,"351,520.87","22,011.67"
01PLFL2606-31,"364,082.71","11,833.02"
01PLFL2606-310,"1,260,302.21","23,436.81"
01PLFL2606-311,"781,052.82","22,744.92"
01PLFL2606-314,"658,882.56","73,919.75"
01PLFL2606-318,"460,701.88","28,532.06"
01PLFL2606-321,"517,939.86","17,053.98"
01PLFL2606-322,"138,410.08","10,565.96"
01PLFL2606-329,"784,632.98","59,671.60"
01PLFL2606-33,"119,238.09","4,817.39"
01PLFL2606-330,"375,029.67","47,518.57"
01PLFL2606-331,"732,563.57","33,840.54"
01PLFL2606-333,"1,009,197.97","38,723.84"
01PLFL2606-334,"782,914.69","39,806.72"
01PLFL2606-337,"388,522.99","23,626.00"
01PLFL2606-34,"327,365.83","25,508.00"
01PLFL2606-340,"869,668.38","16,422.88"
01PLFL2606-343,"877,396.20","36,486.95"
01PLFL2606-344,"580,203.25","48,979.42"
01PLFL2606-347,"430,569.27","24,983.01"
01PLFL2606-349,"1,381,308.57","80,072.27"
01PLFL2606-351,"1,000,998.33","34,375.43"
01PLFL2606-353,"335,360.99","40,528.24"
01PLFL2606-354,"674,367.34","18,608.88"
01PLFL2606-355,"407,038.74","11,940.74"
01PLFL2606-37,"1,856,405.38","107,008.31"
01PLFL2606-38,"942,346.14","39,980.63"
01PLFL2606-39,"800,967.75","17,670.77"
01PLFL2606-40,"138,506.57","35,793.68"
01PLFL2606-41,"197,976.50","33,110.80"
01PLFL2606-48,"521,309.76","61,404.97"
01PLFL2606-55,"744,879.23","24,140.50"
01PLFL2606-57,"935,915.50","6,444.70"
01PLFL2606-59,"747,108.49","22,560.82"
01PLFL2606-61,"532,456.45","33,580.07"
01PLFL2606-64,"340,606.37","13,957.98"
01PLFL2606-69,"277,187.68","9,421.47"
01PLFL2606-70,"413,212.58","33,038.53"
01PLFL2606-77,"44,623.81","10,317.50"
01PLFL2606-78,"747,742.63","32,296.10"
01PLFL2606-8,"415,240.17","14,983.38"
01PLFL2606-82,"1,482,159.75","45,285.99"
01PLFL2606-83,"152,267.19","5,396.06"
01PLFL2606-85,"516,958.21","29,417.63"
01PLFL2606-86,"376,572.43","10,054.99"
01PLFL2606-89,"365,807.09","14,015.61"
01PLFL2606-9,"1,756,005.31","60,349.52"
01PLFL2606-95,"370,819.09","9,856.81"
01PLFL2606-97,"294,808.63","22,168.16"
01PLFL2606-99,"379,482.03","5,342.24"
01PLFL2607-10,"1,888,975.75","71,609.06"
01PLFL2607-101,"894,230.91","30,388.41"
01PLFL2607-102,"1,349,029.91","73,874.90"
01PLFL2607-103,"557,067.62","31,428.43"
01PLFL2607-105,"2,032,815.95","76,625.05"
01PLFL2607-108,"791,005.52","28,258.61"
01PLFL2607-109,"1,956,795.82","47,317.36"
01PLFL2607-110,"784,519.73","10,556.85"
01PLFL2607-112,"1,574,066.18","65,295.00"
01PLFL2607-113,"426,235.91","16,811.26"
01PLFL2607-114,"1,271,300.67","29,616.19"
01PLFL2607-115,"2,306,527.59","32,217.82"
01PLFL2607-116,"1,031,730.13","49,745.92"
01PLFL2607-119,"416,751.16","8,589.16"
01PLFL2607-12,"568,414.67","29,058.18"
01PLFL2607-121,"799,295.56","16,131.83"
01PLFL2607-122,"2,074,576.00","67,119.10"
01PLFL2607-123,"1,630,548.92","58,869.05"
01PLFL2607-124,"423,381.57","8,345.19"
01PLFL2607-126,"1,202,617.62","34,364.50"
01PLFL2607-128,"3,092,879.68","163,174.42"
01PLFL2607-130,"1,250,094.07","24,326.31"
01PLFL2607-132,"673,183.97","28,224.72"
01PLFL2607-133,"591,754.27","23,525.41"
01PLFL2607-136,"1,363,469.80","36,670.68"
01PLFL2607-137,"1,032,185.02","15,090.37"
01PLFL2607-138,"434,513.77","14,999.29"
01PLFL2607-139,"622,243.05","39,496.58"
01PLFL2607-140,"557,820.02","18,837.53"
01PLFL2607-142,"410,669.91","8,497.08"
01PLFL2607-143,"698,972.86","12,529.54"
01PLFL2607-150,"1,351,482.58","29,052.18"
01PLFL2607-151,"1,916,965.09","43,714.69"
01PLFL2607-154,"1,039,853.14","44,029.81"
01PLFL2607-156,"390,853.63","9,767.09"
01PLFL2607-157,"778,675.68","17,219.69"
01PLFL2607-158,"739,001.10","36,760.08"
01PLFL2607-159,"2,283,343.90","33,046.34"
01PLFL2607-16,"1,606,307.13","32,278.75"
01PLFL2607-162,"1,058,747.27","28,821.76"
01PLFL2607-163,"405,378.14","6,997.42"
01PLFL2607-168,"557,957.55","31,402.60"
01PLFL2607-169,"2,230,099.71","108,213.30"
01PLFL2607-17,"1,381,966.22","40,374.45"
01PLFL2607-174,"468,269.16","25,545.17"
01PLFL2607-175,"2,191,201.60","131,176.10"
01PLFL2607-176,"461,021.34","26,247.57"
01PLFL2607-178,"1,119,616.73","48,366.72"
01PLFL2607-179,"2,272,954.13","111,785.26"
01PLFL2607-180,"836,470.02","41,711.28"
01PLFL2607-181,"980,287.41","41,497.88"
01PLFL2607-182,"695,811.77","14,436.51"
01PLFL2607-184,"811,648.16","26,548.96"
01PLFL2607-185,"3,008,560.99","144,113.64"
01PLFL2607-188,"805,415.82","16,273.86"
01PLFL2607-19,"1,109,311.53","31,001.34"
01PLFL2607-190,"597,881.58","36,747.32"
01PLFL2607-191,"2,155,957.86","67,757.99"
01PLFL2607-192,"1,053,985.40","56,912.35"
01PLFL2607-194,"575,177.54","19,906.00"
01PLFL2607-196,"469,920.81","22,877.08"
01PLFL2607-197,"1,007,843.75","47,633.64"
01PLFL2607-198,"882,192.86","18,162.77"
01PLFL2607-199,"438,257.97","25,382.25"
01PLFL2607-2,"913,595.53","25,290.02"
01PLFL2607-200,"986,844.27","27,010.54"
01PLFL2607-203,"1,762,430.06","51,416.54"
01PLFL2607-204,"711,121.44","34,729.00"
01PLFL2607-205,"1,277,056.10","63,785.11"
01PLFL2607-207,"1,453,433.33","50,818.40"
01PLFL2607-209,"1,019,533.74","34,300.28"
01PLFL2607-21,"1,443,750.81","30,705.78"
01PLFL2607-210,"933,983.02","50,481.09"
01PLFL2607-213,"2,658,265.51","63,863.70"
01PLFL2607-215,"924,620.03","22,598.18"
01PLFL2607-216,"1,575,577.26","38,836.23"
01PLFL2607-217,"390,853.63","9,149.62"
01PLFL2607-218,"1,372,434.63","65,754.54"
01PLFL2607-219,"441,495.63","18,157.26"
01PLFL2607-22,"1,321,157.06","27,861.27"
01PLFL2607-221,"860,579.33","14,704.92"
01PLFL2607-222,"2,318,779.80","116,644.57"
01PLFL2607-223,"839,547.55","22,063.44"
01PLFL2607-225,"1,170,781.25","41,027.10"
01PLFL2607-226,"2,430,709.72","95,196.48"
01PLFL2607-24,"2,176,593.84","43,591.70"
01PLFL2607-27,"458,783.33","17,088.34"
01PLFL2607-29,"432,046.67",40.93
01PLFL2607-3,"1,889,005.97","66,471.25"
01PLFL2607-30,"785,124.79","5,587.96"
01PLFL2607-32,"428,253.69","17,995.91"
01PLFL2607-33,"1,451,589.36","75,634.87"
01PLFL2607-34,"604,249.92","32,844.00"
01PLFL2607-37,"382,149.83","12,512.82"
01PLFL2607-38,"499,290.75","13,395.05"
01PLFL2607-43,"1,087,653.27","66,898.77"
01PLFL2607-45,"841,906.23","28,367.88"
01PLFL2607-47,"2,275,540.92","80,934.72"
01PLFL2607-48,"838,318.44","26,325.76"
01PLFL2607-49,"2,275,540.92","111,005.58"
01PLFL2607-5,"801,920.81","42,363.14"
01PLFL2607-50,"2,367,260.75","15,415.82"
01PLFL2607-51,"521,771.34","20,575.02"
01PLFL2607-52,"589,709.96","19,905.90"
01PLFL2607-53,"898,716.87","46,355.42"
01PLFL2607-54,"1,452,239.15","19,559.70"
01PLFL2607-56,"744,296.62","15,743.33"
01PLFL2607-58,"1,500,272.00","53,778.21"
01PLFL2607-59,"1,767,357.86","164,367.01"
01PLFL2607-6,"362,057.53","13,868.47"
01PLFL2607-60,"405,870.39","13,493.07"
01PLFL2607-62,"473,561.13","13,530.76"
01PLFL2607-63,"630,211.74","27,265.09"
01PLFL2607-64,"1,453,194.39","49,598.13"
01PLFL2607-65,"1,013,118.48","29,357.46"
01PLFL2607-68,"708,372.61","19,740.07"
01PLFL2607-69,"1,030,628.42","53,885.78"
01PLFL2607-72,"917,979.58","44,881.18"
01PLFL2607-73,"683,754.20","23,598.58"
01PLFL2607-74,"1,177,954.47","58,035.55"
01PLFL2607-76,"445,774.03","17,736.93"
01PLFL2607-79,"730,870.07","15,158.43"
01PLFL2607-8,"1,753,155.31","106,813.70"
01PLFL2607-84,"915,872.30","25,550.26"
01PLFL2607-86,"1,199,389.77","58,754.61"
01PLFL2607-87,"1,285,747.62","54,199.78"
01PLFL2607-89,"788,230.06","33,319.97"
01PLFL2607-9,"1,597,477.32","44,091.52"
01PLFL2607-91,"1,755,238.80","45,985.93"
01PLFL2607-92,"1,993,378.16","62,639.71"
01PLFL2607-93,"1,006,901.79","34,384.18"
01PLFL2607-94,"416,177.89","16,587.81"
01PLFL2607-97,"2,093,597.14","95,376.22"
01PLRL2606-10,"1,605,208.01","66,643.62"
01PLRL2606-11,"534,874.14","12,167.32"
01PLRL2606-12,"2,014,190.37","92,572.25"
01PLRL2606-2,"1,965,490.14","107,984.55"
01PLRL2606-3,"2,685,189.69","65,023.92"
01PLRL2606-5,"2,952,743.26","159,277.39"
01PLRL2606-6,"415,640.93","13,857.79"
01PLRL2606-7,"2,384,742.94","115,580.87"
01PLRL2606-9,"597,349.58","24,244.31"
01PLRL2607-1,"1,245,201.72","27,056.43"
01PLRL2607-10,"1,105,277.57","38,127.13"
01PLRL2607-11,"337,630.66","9,556.08"
01PLRL2607-12,"1,536,303.74","56,467.08"
01PLRL2607-15,"1,683,882.56","35,541.29"
01PLRL2607-3,"1,624,037.64","77,798.93"
01PLRL2607-4,"1,269,554.59","67,879.14"
01PLRL2607-5,"1,126,536.31","28,738.70"
01PLRL2607-6,"460,230.84","9,115.07"
01PLRL2607-8,"1,228,271.70","77,865.36"
01PLRL2607-9,"715,295.00","25,427.02"
01PLTL2606-1,"1,749,170.44","62,943.10"
01PLTL2606-2,"1,026,370.71","35,208.53"
01PLTL2606-4,"207,004.56","18,794.81"
01PLTL2606-5,"616,244.25","42,051.11"
01PLTL2606-6,"2,220,847.25","70,915.29"
01PLTL2606-7,"720,795.27","52,155.17"
01PLTL2606-8,"1,001,951.20","37,586.28"
01PLTL2607-1,"371,573.63","14,995.20"
01PLTL2607-10,"349,865.46","16,014.47"
01PLTL2607-2,"932,157.28","24,800.52"
01PLTL2607-3,"705,878.25","46,434.22"
01PLTL2607-4,"1,143,725.99","35,973.55"
01PLTL2607-5,"1,020,272.77","35,804.18"
01PLTL2607-6,"2,194,258.67","52,167.01"
01PLTL2607-7,"552,887.55","27,830.48"
01PLTL2607-8,"308,116.29","16,273.48"
01PLTL2607-9,"1,910,846.56","70,329.22"
01PMFL2606-1,"644,864.75","35,475.67"
01PMFL2606-100,"527,700.86","16,884.24"
01PMFL2606-107,"643,508.34","29,683.34"
01PMFL2606-110,"712,501.03","14,132.36"
01PMFL2606-114,"222,265.36","20,482.86"
01PMFL2606-119,"308,237.75","29,073.81"
01PMFL2606-12,"637,081.39","26,476.35"
01PMFL2606-125,"415,966.77","8,856.14"
01PMFL2606-129,"671,075.99","34,231.71"
01PMFL2606-130,"123,978.97","13,878.46"
01PMFL2606-131,"1,105,993.83","61,241.75"
01PMFL2606-134,"644,099.43","21,687.91"
01PMFL2606-136,"222,413.09","21,791.75"
01PMFL2606-141,"2,095,520.32","62,725.83"
01PMFL2606-146,"1,750,446.90","36,351.45"
01PMFL2606-150,"885,381.75","21,568.54"
01PMFL2606-157,"669,523.35","21,275.17"
01PMFL2606-18,"584,709.75","27,369.61"
01PMFL2606-19,"364,333.82","19,095.62"
01PMFL2606-21,"362,207.41","4,557.14"
01PMFL2606-26,"459,068.91","28,011.96"
01PMFL2606-29,"674,800.97","14,271.87"
01PMFL2606-3,"941,705.49","37,986.76"
01PMFL2606-33,"456,511.88","19,265.26"
01PMFL2606-4,"493,623.16","30,324.36"
01PMFL2606-41,"389,643.90","9,928.48"
01PMFL2606-42,"691,028.01","56,809.76"
01PMFL2606-45,"426,384.36","37,359.30"
01PMFL2606-46,"299,800.93","3,288.44"
01PMFL2606-5,"525,152.87","6,558.93"
01PMFL2606-51,"201,044.16","19,375.67"
01PMFL2606-52,"794,997.55","38,360.10"
01PMFL2606-56,"1,584,402.27","50,471.85"
01PMFL2606-57,"365,708.06","1,753.88"
01PMFL2606-59,"597,729.07","18,534.83"
01PMFL2606-60,"431,238.04","29,447.16"
01PMFL2606-63,"378,436.80","8,275.40"
01PMFL2606-64,"351,726.63","8,508.69"
01PMFL2606-65,"545,624.82","8,846.28"
01PMFL2606-67,"339,222.52","12,072.34"
01PMFL2606-7,"754,819.21","18,899.87"
01PMFL2606-70,"118,428.80","2,504.12"
01PMFL2606-72,"320,396.67","11,798.70"
01PMFL2606-76,"543,777.32","10,323.33"
01PMFL2606-78,"386,517.30","22,641.81"
01PMFL2606-8,"736,035.31","55,648.81"
01PMFL2606-80,"125,893.63","23,634.44"
01PMFL2606-83,"613,941.07","11,433.07"
01PMFL2606-84,"304,549.03","20,006.73"
01PMFL2606-85,"252,565.68","40,211.39"
01PMFL2606-88,"346,306.80","24,805.55"
01PMFL2606-9,"746,105.24","31,845.43"
01PMFL2606-91,"364,803.25","27,846.16"
01PMFL2606-93,"325,022.70","9,101.89"
01PMFL2606-96,"1,096,935.98","79,194.90"
01PMFL2607-10,"569,354.22","32,438.88"
01PMFL2607-102,"236,278.23","21,267.16"
01PMFL2607-106,"867,832.01","27,602.05"
01PMFL2607-110,"735,684.25","26,270.08"
01PMFL2607-111,"348,696.13","10,702.18"
01PMFL2607-112,"1,366,437.31","86,456.91"
01PMFL2607-115,"496,566.39","34,399.92"
01PMFL2607-120,"80,610.98","20,350.36"
01PMFL2607-122,"408,099.37","13,617.31"
01PMFL2607-126,"351,376.48","4,660.86"
01PMFL2607-129,"541,706.73","21,742.47"
01PMFL2607-13,"506,790.52","27,874.27"
01PMFL2607-130,"333,810.70","15,082.90"
01PMFL2607-131,"884,352.60","44,846.51"
01PMFL2607-132,"1,176,202.26","15,763.72"
01PMFL2607-138,"267,405.96","15,176.60"
01PMFL2607-143,"316,360.08","11,456.34"
01PMFL2607-144,"643,961.97","26,273.71"
01PMFL2607-15,"248,142.90","23,245.49"
01PMFL2607-151,"693,314.41","28,267.09"
01PMFL2607-156,"266,684.13","27,097.17"
01PMFL2607-159,"733,996.96","26,130.60"
01PMFL2607-160,"559,756.49","37,812.76"
01PMFL2607-161,"598,776.88","28,844.68"
01PMFL2607-162,"423,191.89","21,677.62"
01PMFL2607-163,"581,416.39","26,740.56"
01PMFL2607-164,"680,476.56","33,919.99"
01PMFL2607-165,"396,246.37","10,203.66"
01PMFL2607-166,"605,491.07","43,390.14"
01PMFL2607-168,"755,945.96","40,132.96"
01PMFL2607-170,"1,041,019.85","73,656.26"
01PMFL2607-174,"396,792.90","21,306.21"
01PMFL2607-175,"287,185.19","16,942.31"
01PMFL2607-176,"427,690.30","23,586.64"
01PMFL2607-177,"512,075.20","21,497.55"
01PMFL2607-178,"748,395.47","30,379.16"
01PMFL2607-18,"903,214.58","21,409.77"
01PMFL2607-182,"546,999.98","32,247.35"
01PMFL2607-183,"630,218.93","10,010.63"
01PMFL2607-185,"498,982.66","4,578.78"
01PMFL2607-186,"673,351.77","25,109.54"
01PMFL2607-188,"683,627.38","36,318.72"
01PMFL2607-2,"716,115.84","29,993.07"
01PMFL2607-20,"482,206.00","33,127.40"
01PMFL2607-22,"534,298.97","23,380.98"
01PMFL2607-24,"185,915.46","14,814.71"
01PMFL2607-25,"234,534.43","9,770.79"
01PMFL2607-31,"390,628.42","6,395.08"
01PMFL2607-32,"295,806.10","34,587.61"
01PMFL2607-35,"230,437.06","44,537.50"
01PMFL2607-36,"344,107.41","15,539.67"
01PMFL2607-39,"290,048.97","6,667.59"
01PMFL2607-42,"819,093.92","12,300.34"
01PMFL2607-43,"546,988.59","22,047.92"
01PMFL2607-45,"624,835.98","21,765.20"
01PMFL2607-46,"247,951.01","8,762.67"
01PMFL2607-48,"620,179.07","72,142.02"
01PMFL2607-5,"127,095.23","12,576.44"
01PMFL2607-53,"417,106.95","38,952.11"
01PMFL2607-59,"1,151,227.77","55,881.15"
01PMFL2607-6,"489,831.57","24,839.94"
01PMFL2607-60,"288,922.56","9,493.77"
01PMFL2607-61,"575,271.83","35,220.30"
01PMFL2607-65,"705,526.67","29,596.02"
01PMFL2607-68,479.2,549.54
01PMFL2607-70,"316,653.12","28,606.59"
01PMFL2607-71,"505,072.29","21,466.35"
01PMFL2607-81,"421,065.18","8,864.87"
01PMFL2607-83,"558,800.81","8,175.65"
01PMFL2607-84,"837,161.14","20,103.10"
01PMFL2607-85,"70,401.10","3,881.95"
01PMFL2607-86,"1,578,716.06","57,126.07"
01PMFL2607-9,"226,812.00","58,226.98"
01PMFL2607-93,"471,822.47","29,156.85"
01PMFL2607-96,"524,278.67","26,541.18"
01PMRL2606-1,"721,349.86","40,792.99"
01PMRL2606-2,"521,642.22","21,057.90"
01PMRL2606-5,"701,448.08","32,875.33"
01PMRL2606-6,"766,002.18","25,719.09"
01PMRL2607-1,"423,743.26","21,753.90"
01PMRL2607-10,"452,728.41","23,959.85"
01PMRL2607-11,"508,216.08","30,745.39"
01PMRL2607-14,"65,870.06","18,802.37"
01PMRL2607-2,"1,138,529.00","39,280.45"
01PMRL2607-3,"781,095.41","35,514.61"
01PMRL2607-4,"855,340.20","31,007.79"
01PMRL2607-5,"1,202,629.47","70,611.62"
01PMRL2607-7,"869,287.51","40,088.36"
01PMRL2607-8,"340,900.49","24,407.80"
01PMRL2607-9,"484,328.66","18,289.19"
01PMTL2606-2,"147,382.24","10,427.30"
01PMTL2606-3,"335,167.19","15,932.74"
01PMTL2606-4,"1,388,679.17","43,271.26"
01PMTL2606-5,"588,519.75","24,568.20"
01PMTL2606-6,"719,259.59","33,020.37"
01PMTL2607-1,"598,359.95","23,094.23"
01PMTL2607-2,"1,651,580.09","60,605.18"
01PMTL2607-3,"372,148.73","13,150.56"
01PMTL2607-4,"1,329,310.18","54,409.27"
01PMTL2607-6,"1,300,904.21","76,712.08"
01PMTL2607-7,"711,158.27","30,249.49"
01PMTL2607-8,"789,445.16","32,510.30"
01PMTL2607-9,"324,126.61","10,430.81"
01PNFL2606-10,"1,910,441.84","61,506.83"
01PNFL2606-11,"1,604,098.32","67,655.22"
01PNFL2606-13,"22,298.65","7,831.25"
01PNFL2606-2,"130,810.17","23,487.10"
01PNFL2606-20,"89,690.40","5,474.74"
01PNFL2606-23,"543,683.52","71,091.29"
01PNFL2606-24,"468,659.40","36,974.57"
01PNFL2606-27,"1,354,528.55","31,159.62"
01PNFL2606-33,"348,767.44","13,294.91"
01PNFL2606-4,"1,865,663.86","73,282.08"
01PNFL2606-41,"553,111.69","32,733.12"
01PNFL2606-42,"81,780.09","6,212.19"
01PNFL2606-43,"664,426.05","27,030.97"
01PNFL2606-44,"470,603.91","25,317.27"
01PNFL2606-45,"399,853.25","8,393.60"
01PNFL2606-46,"359,987.78","10,711.56"
01PNFL2606-48,"92,729.17","15,007.37"
01PNFL2606-52,"1,467,121.34","73,878.80"
01PNFL2606-54,"609,282.29","51,102.04"
01PNFL2606-59,"811,002.92","23,062.50"
01PNFL2607-11,"193,649.13","13,633.32"
01PNFL2607-12,"414,183.09","39,190.33"
01PNFL2607-16,"570,128.79","12,812.60"
01PNFL2607-19,"1,725,866.33","80,279.49"
01PNFL2607-23,"1,201,180.20","73,882.71"
01PNFL2607-27,"4,250,462.63","237,389.91"
01PNFL2607-28,"3,042,145.38","137,714.03"
01PNFL2607-3,"638,940.84","41,808.96"
01PNFL2607-30,"326,251.61","8,896.99"
01PNFL2607-31,"820,410.96","29,008.73"
01PNFL2607-33,"889,103.91","26,784.48"
01PNFL2607-34,"265,199.25","11,777.67"
01PNFL2607-39,"2,034,803.55","70,691.50"
01PNFL2607-4,"209,565.20","13,708.12"
01PNFL2607-41,"1,158,863.00","25,011.79"
01PNFL2607-42,"293,185.36","8,391.37"
01PNFL2607-47,"1,387,702.01","67,336.11"
01PNFL2607-5,"233,847.57","17,772.35"
01PNFL2607-50,"1,790,559.21","57,837.70"
01PNFL2607-51,"64,497.70","27,869.27"
01PNFL2607-52,"864,263.52","28,248.50"
01PNFL2607-53,"391,826.30","16,382.23"
01PNFL2607-54,"416,064.74","9,168.14"
01PNFL2607-55,"342,163.86","14,101.32"
01PNFL2607-56,"298,818.23","51,431.26"
01PNTL2606-1,"1,125,772.93","62,014.44"
01PNTL2606-2,"559,865.07","29,746.88"
01PNTL2606-4,"412,090.05","13,307.51"
01PNTL2607-1,"3,042,285.69","124,650.12"
01POFL2606-10,"415,370.85","9,256.03"
01POFL2606-100,"385,066.62","10,802.09"
01POFL2606-101,"1,106,217.70","54,934.21"
01POFL2606-102,"861,343.88","12,817.42"
01POFL2606-105,"514,035.71","8,201.79"
01POFL2606-11,"413,589.82","18,459.56"
01POFL2606-14,"490,488.36","15,174.75"
01POFL2606-16,"1,571,400.48","40,600.04"
01POFL2606-19,"435,181.13","15,442.81"
01POFL2606-2,"785,775.73","37,992.88"
01POFL2606-21,"1,562,255.20","64,017.94"
01POFL2606-22,"381,603.03","9,138.36"
01POFL2606-27,"799,913.18","28,304.74"
01POFL2606-30,"712,395.58","41,447.32"
01POFL2606-31,"865,627.00","20,758.91"
01POFL2606-33,"1,082,204.71","37,544.04"
01POFL2606-39,"416,777.56","18,133.38"
01POFL2606-45,"2,979,249.86","125,734.02"
01POFL2606-46,"1,497,174.98","41,804.36"
01POFL2606-5,"410,328.65","11,576.33"
01POFL2606-55,"774,765.17","10,686.89"
01POFL2606-56,"143,049.18","19,659.84"
01POFL2606-57,"256,611.88","24,933.43"
01POFL2606-59,"413,690.44","12,110.25"
01POFL2606-60,"397,175.67","18,282.09"
01POFL2606-61,"807,315.58","23,238.02"
01POFL2606-65,"561,208.70","11,959.76"
01POFL2606-66,"362,698.82","26,020.65"
01POFL2606-68,"376,998.35","12,711.34"
01POFL2606-69,"1,007,802.97","61,243.44"
01POFL2606-75,"5,566,915.43","144,911.02"
01POFL2606-76,"988,791.20","38,688.93"
01POFL2606-77,"1,272,952.78","95,177.59"
01POFL2606-80,"1,115,925.08","32,985.49"
01POFL2606-81,"717,862.23","29,667.77"
01POFL2606-83,"1,279,158.71","52,789.36"
01POFL2606-85,"1,172,448.69","55,934.08"
01POFL2606-86,"390,887.41","11,854.15"
01POFL2606-92,"904,696.18","15,121.60"
01POFL2606-94,"366,806.57","6,452.72"
01POFL2606-95,"575,346.67","8,355.20"
01POFL2606-97,"1,689,978.35","45,304.76"
01POFL2606-98,"727,797.15","26,178.02"
01POFL2607-1,"367,624.25","5,239.95"
01POFL2607-10,"904,456.31","73,081.61"
01POFL2607-100,"493,232.46","6,907.62"
01POFL2607-104,"1,012,672.57","44,194.40"
01POFL2607-105,"425,939.98","13,567.60"
01POFL2607-106,"608,546.60","23,848.90"
01POFL2607-108,"348,887.55","54,209.68"
01POFL2607-111,"613,743.85","25,167.81"
01POFL2607-113,"1,200,647.45","72,689.22"
01POFL2607-117,"716,409.72","27,945.13"
01POFL2607-12,"517,676.40","50,869.86"
01POFL2607-121,"1,553,444.39","59,163.73"
01POFL2607-123,"844,011.18","43,008.03"
01POFL2607-125,"674,984.23","24,180.89"
01POFL2607-128,"762,674.27","10,877.88"
01POFL2607-13,"1,118,345.17","56,395.80"
01POFL2607-131,"633,560.03","33,953.32"
01POFL2607-14,"979,988.12","32,825.28"
01POFL2607-141,"3,224,252.61","122,383.57"
01POFL2607-145,"773,482.87","22,767.00"
01POFL2607-147,"662,039.89","15,415.62"
01POFL2607-15,"388,279.17","19,672.96"
01POFL2607-150,"870,024.57","27,289.19"
01POFL2607-16,"384,329.61","18,167.02"
01POFL2607-18,"525,758.97","20,213.20"
01POFL2607-19,"411,691.37","2,964.14"
01POFL2607-2,"376,788.52","18,305.61"
01POFL2607-22,"488,568.43","21,140.87"
01POFL2607-27,"419,350.49","11,795.35"
01POFL2607-29,"682,006.85","38,564.34"
01POFL2607-30,"1,381,065.16","28,825.48"
01POFL2607-31,"1,472,833.73","59,187.73"
01POFL2607-33,"777,385.68","20,550.80"
01POFL2607-37,"640,875.89","30,781.75"
01POFL2607-41,"769,648.86","37,098.83"
01POFL2607-44,"411,056.61","10,938.05"
01POFL2607-45,"1,141,629.34","42,715.44"
01POFL2607-46,"334,880.78","19,619.37"
01POFL2607-50,"1,256,868.19","35,323.85"
01POFL2607-54,"1,257,062.61","56,628.12"
01POFL2607-55,"376,842.64","13,147.30"
01POFL2607-58,"541,670.86","15,613.22"
01POFL2607-61,"782,477.35","27,576.97"
01POFL2607-65,"512,577.59","73,502.96"
01POFL2607-66,"1,083,644.09","35,065.00"
01POFL2607-68,"472,613.19","35,273.41"
01POFL2607-72,"387,455.01","13,740.68"
01POFL2607-73,"371,381.34","14,315.06"
01POFL2607-74,"848,252.67","40,891.36"
01POFL2607-75,"336,627.58","34,654.69"
01POFL2607-76,"341,899.11","19,387.14"
01POFL2607-77,"326,484.45","17,576.62"
01POFL2607-82,"1,029,198.54","65,712.49"
01POFL2607-83,"478,111.12","21,599.04"
01POFL2607-84,"932,439.43","24,632.35"
01POFL2607-86,"2,879,388.67","147,085.71"
01POFL2607-88,"412,037.14","21,365.16"
01POFL2607-89,"361,521.97","20,779.89"
01POFL2607-9,"975,094.19","13,869.15"
01POFL2607-90,"646,495.93","24,753.10"
01POFL2607-91,"1,090,131.69","30,669.38"
01POFL2607-93,"1,071,033.17","33,423.10"
01POFL2607-96,"589,010.58","48,475.32"
01POFL2607-99,"632,264.34","20,184.73"
01PORL2606-11,"1,655,338.58","67,552.51"
01PORL2606-12,"1,108,249.79","40,834.76"
01PORL2606-3,"921,196.20","34,885.32"
01PORL2606-4,"302,382.17","10,714.14"
01PORL2606-5,"1,198,119.42","25,333.39"
01PORL2606-7,"312,370.65","10,660.09"
01PORL2606-8,"2,186,760.56","92,300.98"
01PORL2606-9,"91,033.41","9,186.55"
01PORL2607-1,"124,443.90","18,919.70"
01PORL2607-3,"636,774.38","16,366.98"
01PORL2607-4,"523,927.76","13,454.77"
01PORL2607-5,"267,568.61","26,813.47"
01PORL2607-6,"1,009,938.11","43,542.17"
01POTL2606-1,"435,681.85","15,525.07"
01POTL2606-2,"2,118,776.26","145,379.85"
01POTL2606-3,"534,434.02","35,378.59"
01POTL2606-4,"690,717.53","34,968.69"
01POTL2606-5,"1,953,108.05","69,276.18"
01POTL2606-6,"2,333,082.87","92,666.06"
01POTL2606-7,"133,536.01","12,921.52"
01POTL2607-2,"1,279,637.88","57,122.84"
01POTL2607-3,"1,571,429.31","35,354.13"
01POTL2607-4,"1,391,721.17","41,842.31"
01PPRL2606-1,"348,881.44","22,574.59"
01PPRL2606-10,"1,934,625.91","65,031.22"
01PPRL2606-6,"832,263.98","23,612.77"
01PPRL2606-8,"1,444,962.28","54,114.04"
01PPRL2607-1,"1,436,606.44","57,966.85"
01PPRL2607-2,"789,809.52","23,892.34"
01PPRL2607-3,"4,222,617.54","261,617.85"
01PPRL2607-4,"1,868,993.80","64,095.91"
01PPRL2607-5,"1,039,947.93","64,461.55"
01PPRL2607-6,"862,663.79","26,077.12"
01PPRL2607-7,"683,558.98","32,264.38"
01PRFL2606-100,"811,554.39","27,904.87"
01PRFL2606-101,"537,371.94","12,298.66"
01PRFL2606-102,"573,803.76","15,208.04"
01PRFL2606-103,"414,594.28","14,173.17"
01PRFL2606-104,"376,934.42","17,397.71"
01PRFL2606-108,"790,965.47","45,100.48"
01PRFL2606-111,"1,291,808.17","37,528.74"
01PRFL2606-112,"1,984,603.54","60,461.46"
01PRFL2606-117,"576,707.27","29,475.75"
01PRFL2606-118,"927,557.56","26,567.92"
01PRFL2606-123,"405,717.69","9,797.86"
01PRFL2606-124,"662,294.62","45,603.01"
01PRFL2606-128,"1,496,984.60","41,553.73"
01PRFL2606-133,"1,696,922.69","62,794.09"
01PRFL2606-136,"412,337.84","34,070.31"
01PRFL2606-140,"772,953.04","43,876.41"
01PRFL2606-141,"708,876.10","31,580.96"
01PRFL2606-143,"1,070,769.75","31,701.23"
01PRFL2606-148,"540,314.50","53,604.63"
01PRFL2606-149,"1,521,553.50","49,108.58"
01PRFL2606-150,"196,604.42","7,570.25"
01PRFL2606-151,"755,215.36","30,610.71"
01PRFL2606-152,"674,580.93","24,688.38"
01PRFL2606-154,"1,487,999.53","52,223.13"
01PRFL2606-156,"903,475.84","48,755.35"
01PRFL2606-16,"311,649.00","37,723.69"
01PRFL2606-160,"1,983,948.02","68,447.25"
01PRFL2606-167,"548,735.92","15,647.29"
01PRFL2606-169,"428,387.47","19,695.24"
01PRFL2606-22,"1,616,974.44","65,101.92"
01PRFL2606-28,"380,974.70","9,636.28"
01PRFL2606-29,"429,192.22","18,327.07"
01PRFL2606-32,"1,114,209.64","52,532.01"
01PRFL2606-36,"663,110.23","58,573.37"
01PRFL2606-38,"1,804,268.93","58,457.05"
01PRFL2606-39,"419,030.15","14,850.97"
01PRFL2606-4,"395,192.02","26,434.77"
01PRFL2606-40,"2,614,972.92","128,828.92"
01PRFL2606-45,"1,015,913.45","50,731.42"
01PRFL2606-46,"437,534.21","10,037.95"
01PRFL2606-47,"534,506.78","17,244.68"
01PRFL2606-48,"733,725.13","35,663.16"
01PRFL2606-50,"527,163.09","16,555.29"
01PRFL2606-51,"1,094,123.80","41,306.05"
01PRFL2606-58,"331,860.22","28,494.04"
01PRFL2606-65,"1,318,033.98","55,826.90"
01PRFL2606-7,"792,879.32","25,280.25"
01PRFL2606-70,"515,568.05","31,160.11"
01PRFL2606-73,"382,681.73","10,803.29"
01PRFL2606-77,"438,144.72","19,581.33"
01PRFL2606-78,"1,407,480.76","23,686.12"
01PRFL2606-8,"402,294.02","16,495.75"
01PRFL2606-84,"427,335.18","12,008.46"
01PRFL2606-86,"952,234.24","42,658.08"
01PRFL2606-87,"720,612.51","64,733.27"
01PRFL2606-89,"375,696.76","11,537.97"
01PRFL2606-95,"450,902.90","27,605.28"
01PRFL2606-96,"233,832.97","3,070.09"
01PRFL2607-1,"681,929.17","15,304.80"
01PRFL2607-101,"917,668.42","43,316.09"
01PRFL2607-102,"1,121,914.18","91,029.15"
01PRFL2607-103,"408,143.21","11,866.53"
01PRFL2607-105,"290,135.28","15,809.43"
01PRFL2607-106,"1,225,497.77","51,207.78"
01PRFL2607-108,"298,876.20","12,202.06"
01PRFL2607-110,"896,937.97","35,200.33"
01PRFL2607-115,"367,519.00","8,466.52"
01PRFL2607-116,"369,739.56","10,441.17"
01PRFL2607-118,"353,531.26","19,510.27"
01PRFL2607-12,"779,457.19","47,264.82"
01PRFL2607-120,"1,172,205.87","30,846.53"
01PRFL2607-121,"397,138.03","10,605.78"
01PRFL2607-122,"582,607.64","21,207.13"
01PRFL2607-123,"540,864.53","14,927.61"
01PRFL2607-127,"754,334.60","47,867.89"
01PRFL2607-128,"531,462.62","12,041.27"
01PRFL2607-129,"1,486,493.46","89,383.63"
01PRFL2607-132,"524,685.07","34,871.20"
01PRFL2607-135,"860,694.72","29,240.09"
01PRFL2607-136,"396,579.41","10,641.11"
01PRFL2607-137,"650,869.36","34,413.67"
01PRFL2607-138,"992,299.65","29,296.78"
01PRFL2607-139,"717,338.19","32,475.27"
01PRFL2607-140,"360,341.45","11,788.67"
01PRFL2607-142,"1,442,611.98","60,276.87"
01PRFL2607-143,"757,948.26","30,371.35"
01PRFL2607-144,"734,221.18","19,541.58"
01PRFL2607-148,"136,127.20","28,815.36"
01PRFL2607-149,"387,566.10","11,611.74"
01PRFL2607-15,"1,437,599.78","42,079.49"
01PRFL2607-150,"1,314,286.90","62,518.45"
01PRFL2607-151,"544,565.59","24,681.66"
01PRFL2607-153,"546,985.33","28,105.06"
01PRFL2607-154,"652,595.11","18,332.70"
01PRFL2607-156,"1,088,401.87","58,035.13"
01PRFL2607-157,"719,506.79","15,739.63"
01PRFL2607-158,"1,120,775.55","25,142.76"
01PRFL2607-161,"845,608.91","28,510.13"
01PRFL2607-164,"557,716.35","41,408.18"
01PRFL2607-165,"433,214.24","7,393.54"
01PRFL2607-169,"360,885.36","11,628.30"
01PRFL2607-171,"1,146,096.62","24,308.30"
01PRFL2607-174,"438,260.89","13,503.22"
01PRFL2607-177,"406,872.71","12,237.57"
01PRFL2607-179,"401,245.35","20,078.74"
01PRFL2607-18,"403,242.97","14,691.20"
01PRFL2607-181,"1,002,819.88","56,524.93"
01PRFL2607-183,"643,110.59","26,939.50"
01PRFL2607-184,"226,232.08","4,568.11"
01PRFL2607-185,"105,123.91","12,053.04"
01PRFL2607-187,"628,679.77","7,553.26"
01PRFL2607-188,"717,684.43","35,964.90"
01PRFL2607-189,"412,115.43","15,778.05"
01PRFL2607-190,"332,096.50","15,401.42"
01PRFL2607-21,"814,438.15","24,898.49"
01PRFL2607-26,"594,270.93","25,613.75"
01PRFL2607-28,"929,515.64","14,674.24"
01PRFL2607-3,"659,469.13","43,167.65"
01PRFL2607-30,"372,562.84","17,973.32"
01PRFL2607-32,"337,387.84","18,615.51"
01PRFL2607-34,"310,761.68","11,484.57"
01PRFL2607-35,"508,689.95","57,731.90"
01PRFL2607-37,"721,979.22","42,139.75"
01PRFL2607-38,"614,960.02","13,124.52"
01PRFL2607-40,"774,616.80","29,288.00"
01PRFL2607-41,"1,035,650.13","38,495.66"
01PRFL2607-42,"696,996.12","34,532.96"
01PRFL2607-43,"808,985.66","48,583.26"
01PRFL2607-44,"238,620.29","37,539.90"
01PRFL2607-47,"367,204.88","17,109.42"
01PRFL2607-48,"604,151.00","7,385.74"
01PRFL2607-52,"1,534,560.28","79,563.29"
01PRFL2607-58,"396,891.94","18,063.27"
01PRFL2607-59,"354,286.97","15,576.22"
01PRFL2607-60,"1,640,310.66","77,830.46"
01PRFL2607-61,"845,911.12","29,289.67"
01PRFL2607-62,"548,009.79","24,540.99"
01PRFL2607-64,"508,822.58","13,964.45"
01PRFL2607-68,"660,055.02","32,657.76"
01PRFL2607-69,"224,058.30","9,519.93"
01PRFL2607-70,"807,435.64","58,460.82"
01PRFL2607-71,"212,773.31","16,336.62"
01PRFL2607-74,"616,129.26","7,915.40"
01PRFL2607-78,"327,376.94","10,180.80"
01PRFL2607-8,"456,403.27","20,878.11"
01PRFL2607-80,"414,123.12","21,117.02"
01PRFL2607-81,"898,438.92","20,340.59"
01PRFL2607-82,"404,122.80","15,117.26"
01PRFL2607-83,"350,004.94","16,823.71"
01PRFL2607-84,"730,881.67","43,339.84"
01PRFL2607-85,"677,816.11","39,363.12"
01PRFL2607-9,"361,368.90","13,212.51"
01PRFL2607-90,"534,523.99","21,906.87"
01PRFL2607-91,"1,588,817.85","81,776.92"
01PRFL2607-93,"360,037.33","10,465.64"
01PRFL2607-94,"342,084.99","12,659.22"
01PRFL2607-95,"844,045.09","26,414.24"
01PRFL2607-96,"958,194.90","27,244.08"
01PRFL2607-97,"1,213,453.36","45,947.16"
01PRFL2607-99,"691,733.23","34,811.99"
01PRRL2606-11,"318,623.48","10,117.04"
01PRRL2606-12,"1,214,483.33","64,639.63"
01PRRL2606-13,"510,896.51","37,902.53"
01PRRL2606-2,"470,440.40","33,201.76"
01PRRL2606-3,"1,030,831.21","30,231.90"
01PRRL2606-5,"737,815.60","26,485.73"
01PRRL2606-6,"1,623,576.92","51,787.86"
01PRRL2606-7,"384,562.54","10,328.73"
01PRRL2606-8,"1,409,420.70","48,071.73"
01PRRL2607-1,"126,864.81","9,943.82"
01PRRL2607-10,"381,954.64","12,290.65"
01PRRL2607-2,"926,225.97","49,976.21"
01PRRL2607-3,"875,777.98","31,157.96"
01PRRL2607-5,"562,049.21","15,650.81"
01PRRL2607-6,"363,746.67","23,044.76"
01PRRL2607-7,"1,414,243.77","57,894.88"
01PRRL2607-8,"652,159.82","19,035.47"
01PRTL2606-1,"1,016,279.54","37,739.42"
01PRTL2606-2,"543,089.93","31,351.46"
01PRTL2606-3,"729,587.99","20,466.68"
01PRTL2606-5,"419,597.62","13,911.19"
01PRTL2606-7,"426,578.41","11,202.54"
01PRTL2607-1,"573,214.78","12,438.62"
01PRTL2607-2,"1,161,959.98","56,378.27"
01PRTL2607-3,"1,170,045.04","42,448.87"
01PRTL2607-4,"750,115.02","14,568.91"
01PRTL2607-5,"336,048.82","13,586.08"
01PRTL2607-6,"747,192.86","41,703.22"
01PRTL2607-7,"1,013,928.09","19,834.97"
01PSFL2606-1,"974,697.50","19,768.73"
01PSFL2606-10,"2,307,538.82","88,602.22"
01PSFL2606-13,"1,142,460.27","20,840.99"
01PSFL2606-16,"586,745.81","21,150.81"
01PSFL2606-20,"424,657.01","23,188.46"
01PSFL2606-21,"515,694.98","51,509.83"
01PSFL2606-22,"411,663.61","17,691.83"
01PSFL2606-24,"390,371.94","28,027.30"
01PSFL2606-26,"902,470.47","30,185.96"
01PSFL2606-27,"81,641.35","14,290.81"
01PSFL2606-3,"342,360.29","22,059.90"
01PSFL2606-31,"710,151.56","72,825.27"
01PSFL2606-32,"89,349.35","2,239.20"
01PSFL2606-33,"880,324.27","92,104.98"
01PSFL2606-34,"1,144,381.19","94,161.13"
01PSFL2606-35,"908,098.29","41,401.33"
01PSFL2606-39,"509,030.41","17,850.91"
01PSFL2606-45,"1,295,663.91","64,961.46"
01PSFL2606-48,"1,149,240.48","26,591.47"
01PSFL2606-51,"1,354,596.00","73,052.92"
01PSFL2606-53,"1,035,372.53","50,758.67"
01PSFL2606-8,"306,505.11","25,773.54"
01PSFL2607-1,"2,974,051.47","133,817.49"
01PSFL2607-10,"1,258,749.63","38,003.91"
01PSFL2607-100,"1,191,050.24","58,635.19"
01PSFL2607-102,"428,677.53","35,086.24"
01PSFL2607-104,"1,542,633.05","71,268.07"
01PSFL2607-105,"528,914.35","23,975.70"
01PSFL2607-106,"2,314,270.19","93,804.21"
01PSFL2607-107,"4,400,380.91","181,632.50"
01PSFL2607-108,"684,727.85","30,556.70"
01PSFL2607-11,"824,112.37","27,867.33"
01PSFL2607-110,"871,843.62","25,264.68"
01PSFL2607-111,"691,206.58","42,157.14"
01PSFL2607-113,"1,962,903.38","55,558.93"
01PSFL2607-114,"489,879.65","69,876.41"
01PSFL2607-116,"722,849.15","38,707.97"
01PSFL2607-117,"748,195.73","24,667.09"
01PSFL2607-118,"398,567.00","11,927.70"
01PSFL2607-119,"447,396.29","11,934.30"
01PSFL2607-12,"1,197,430.36","54,243.46"
01PSFL2607-120,"1,135,193.84","47,209.55"
01PSFL2607-121,"913,668.74","37,569.99"
01PSFL2607-122,"1,317,600.25","60,689.56"
01PSFL2607-123,"461,246.21","34,213.07"
01PSFL2607-124,"687,176.50","46,040.31"
01PSFL2607-126,"3,018,001.16","103,489.80"
01PSFL2607-127,"564,766.98","15,533.78"
01PSFL2607-128,"3,142,007.07","109,566.68"
01PSFL2607-129,"248,193.99","21,465.45"
01PSFL2607-13,"829,758.32","24,196.25"
01PSFL2607-130,"5,368,856.40","253,594.53"
01PSFL2607-134,"512,477.28","24,323.49"
01PSFL2607-136,"499,083.65","66,167.70"
01PSFL2607-137,"1,202,344.35","72,276.16"
01PSFL2607-138,"1,058,627.31","39,386.27"
01PSFL2607-139,"443,661.57","14,473.35"
01PSFL2607-14,"2,982,769.47","108,895.76"
01PSFL2607-141,"1,053,771.32","38,687.18"
01PSFL2607-144,"833,199.16","39,254.90"
01PSFL2607-146,"344,363.42","12,769.51"
01PSFL2607-147,"1,204,727.36","67,697.82"
01PSFL2607-148,"1,636,014.29","65,407.30"
01PSFL2607-15,"1,161,262.64","46,113.22"
01PSFL2607-151,"3,186,727.87","143,659.19"
01PSFL2607-154,"433,207.19","31,893.11"
01PSFL2607-155,"739,256.61","30,585.74"
01PSFL2607-156,"643,896.45","50,020.99"
01PSFL2607-157,"1,550,239.56","143,438.20"
01PSFL2607-159,"952,060.67","52,617.61"
01PSFL2607-16,"570,533.87","32,097.34"
01PSFL2607-160,"888,329.69","18,805.28"
01PSFL2607-161,"470,178.12","29,394.19"
01PSFL2607-163,"485,157.58","31,286.87"
01PSFL2607-164,"1,864,998.01","44,651.33"
01PSFL2607-166,"868,044.02","41,954.36"
01PSFL2607-167,"946,507.00","33,631.03"
01PSFL2607-168,"1,194,885.53","67,245.42"
01PSFL2607-169,"930,579.66","46,139.04"
01PSFL2607-17,"982,866.60","46,486.61"
01PSFL2607-170,"1,190,086.09","35,374.53"
01PSFL2607-172,"441,386.00","12,622.94"
01PSFL2607-173,"803,668.53","37,331.60"
01PSFL2607-174,"925,580.26","51,280.94"
01PSFL2607-175,"3,028,702.39","45,489.59"
01PSFL2607-176,"469,765.46","24,378.78"
01PSFL2607-177,"1,835,599.71","53,946.18"
01PSFL2607-178,"2,045,724.56","43,635.48"
01PSFL2607-179,"861,154.93","18,861.16"
01PSFL2607-180,"2,632,121.60","85,173.15"
01PSFL2607-181,"785,986.76","50,340.96"
01PSFL2607-185,"1,050,388.87","29,573.93"
01PSFL2607-186,"1,125,713.50","57,317.02"
01PSFL2607-187,"1,596,813.22","70,100.70"
01PSFL2607-188,"1,678,426.09","100,076.48"
01PSFL2607-19,"982,473.30","42,097.67"
01PSFL2607-190,"1,060,604.50","50,542.83"
01PSFL2607-191,"780,512.66","30,723.64"
01PSFL2607-192,"784,302.78","19,956.09"
01PSFL2607-193,"1,948,467.73","57,560.83"
01PSFL2607-194,"1,311,207.14","35,163.34"
01PSFL2607-195,"1,457,569.87","51,065.57"
01PSFL2607-196,"3,106,921.67","89,022.97"
01PSFL2607-197,"770,465.27","27,710.26"
01PSFL2607-199,"810,509.77","41,266.84"
01PSFL2607-2,"1,180,906.77","20,753.37"
01PSFL2607-20,"524,460.33","15,554.78"
01PSFL2607-200,"935,543.59","26,911.74"
01PSFL2607-201,"1,065,972.63","38,297.77"
01PSFL2607-204,"1,364,834.44","80,303.50"
01PSFL2607-205,"247,670.66","6,357.37"
01PSFL2607-207,"336,724.81","16,921.56"
01PSFL2607-208,"939,518.32","20,030.16"
01PSFL2607-21,"1,110,915.29","31,829.24"
01PSFL2607-212,"4,740,769.16","143,586.52"
01PSFL2607-213,"1,145,080.06","55,163.72"
01PSFL2607-216,"936,107.13","28,169.56"
01PSFL2607-218,"342,399.38","23,097.80"
01PSFL2607-219,"913,255.54","31,960.51"
01PSFL2607-22,"1,105,629.20","59,982.19"
01PSFL2607-220,"4,077,380.08","166,995.78"
01PSFL2607-221,"951,190.77","31,643.74"
01PSFL2607-222,"2,763,236.12","53,051.24"
01PSFL2607-223,"1,983,582.84","45,679.37"
01PSFL2607-224,"1,849,200.67","63,761.08"
01PSFL2607-226,"3,047,111.33","71,833.88"
01PSFL2607-227,"572,014.51","32,964.62"
01PSFL2607-229,"737,286.59","33,682.39"
01PSFL2607-23,"1,343,828.78","75,753.22"
01PSFL2607-230,"2,569,951.79","96,148.47"
01PSFL2607-231,"431,329.41","15,545.08"
01PSFL2607-232,"859,954.73","44,658.46"
01PSFL2607-233,"399,468.80","12,070.31"
01PSFL2607-234,"554,456.63","37,748.28"
01PSFL2607-236,"3,082,138.60","139,158.95"
01PSFL2607-237,"77,106.37","6,217.72"
01PSFL2607-238,"1,154,686.52","49,337.72"
01PSFL2607-24,"938,671.49","16,911.98"
01PSFL2607-240,"150,289.35","11,913.52"
01PSFL2607-242,"562,524.04","19,566.17"
01PSFL2607-244,"698,257.05","32,555.97"
01PSFL2607-245,"1,243,017.35","42,359.67"
01PSFL2607-246,"269,041.19","9,098.55"
01PSFL2607-247,"337,019.64","27,891.69"
01PSFL2607-248,"3,251,832.73","111,041.77"
01PSFL2607-249,"2,448,163.99","140,793.24"
01PSFL2607-25,"1,859,545.41","95,547.26"
01PSFL2607-250,"1,574,560.76","69,868.39"
01PSFL2607-252,"520,123.26","16,325.82"
01PSFL2607-253,"901,825.79","15,085.23"
01PSFL2607-254,"889,022.11","15,931.38"
01PSFL2607-255,"1,248,929.07","44,633.14"
01PSFL2607-256,"883,939.58","32,344.24"
01PSFL2607-258,"3,290,365.57","156,421.62"
01PSFL2607-259,"544,845.87","22,552.03"
01PSFL2607-260,"401,001.65","24,562.91"
01PSFL2607-261,"2,232,495.16","103,796.85"
01PSFL2607-264,"2,731,963.23","70,285.41"
01PSFL2607-265,"342,207.87","15,743.56"
01PSFL2607-266,"2,486,077.46","65,475.85"
01PSFL2607-267,"1,106,806.59","36,563.88"
01PSFL2607-269,"1,240,071.38","74,999.52"
01PSFL2607-27,"3,169,514.50","115,621.71"
01PSFL2607-271,"1,827,801.15","44,700.49"
01PSFL2607-272,"757,867.92","42,597.18"
01PSFL2607-274,"1,764,222.96","90,967.91"
01PSFL2607-275,"570,458.47","24,730.38"
01PSFL2607-276,"2,465,852.43","75,054.57"
01PSFL2607-277,"438,050.23","44,439.81"
01PSFL2607-278,"1,320,467.25","58,698.01"
01PSFL2607-279,"818,234.83","28,815.74"
01PSFL2607-28,"938,120.07","33,223.49"
01PSFL2607-280,"735,294.28","5,555.86"
01PSFL2607-281,"3,306,511.71","87,185.81"
01PSFL2607-283,"3,102,045.63","58,298.76"
01PSFL2607-287,"903,888.88","21,013.84"
01PSFL2607-288,"3,084,063.28","107,071.53"
01PSFL2607-289,"1,173,805.56","66,386.87"
01PSFL2607-29,"1,075,478.24","54,671.85"
01PSFL2607-290,"2,393,616.58","31,218.09"
01PSFL2607-291,"1,105,986.34","22,852.96"
01PSFL2607-292,"125,894.21","4,245.26"
01PSFL2607-293,"1,047,804.35","43,893.07"
01PSFL2607-294,"1,064,774.41","54,108.15"
01PSFL2607-295,"1,975,089.31","61,796.87"
01PSFL2607-296,"2,278,152.46","117,002.82"
01PSFL2607-30,"1,103,999.97","36,050.80"
01PSFL2607-301,"600,907.60","15,771.24"
01PSFL2607-303,"207,943.50","9,708.89"
01PSFL2607-304,"2,305,099.54","113,682.37"
01PSFL2607-305,"3,245,008.19","89,698.55"
01PSFL2607-306,"411,981.92","9,060.19"
01PSFL2607-308,"351,429.89","20,936.75"
01PSFL2607-31,"546,322.09","17,629.93"
01PSFL2607-310,"399,600.00","19,332.79"
01PSFL2607-312,"216,311.52","74,506.96"
01PSFL2607-313,"1,464,977.45","45,606.00"
01PSFL2607-314,"789,993.58","30,464.07"
01PSFL2607-315,"704,872.58","75,045.68"
01PSFL2607-316,"333,037.68","34,750.91"
01PSFL2607-318,"762,181.20","14,824.00"
01PSFL2607-319,"1,654,512.63","67,690.65"
01PSFL2607-320,"957,423.77","17,516.79"
01PSFL2607-321,"666,117.69","37,998.91"
01PSFL2607-323,"483,757.56","18,283.71"
01PSFL2607-324,"1,655,762.41","84,555.49"
01PSFL2607-325,"1,191,080.48","92,397.85"
01PSFL2607-327,"4,721,608.09","182,647.33"
01PSFL2607-329,"2,586,048.53","69,530.28"
01PSFL2607-33,"2,403,013.39","82,152.16"
01PSFL2607-330,"1,429,073.90","72,074.93"
01PSFL2607-331,"1,476,922.20","71,413.11"
01PSFL2607-333,"1,250,037.28","61,808.27"
01PSFL2607-334,"921,013.00","18,718.54"
01PSFL2607-335,"930,405.24","34,448.37"
01PSFL2607-336,"29,286.95","30,763.01"
01PSFL2607-338,"799,282.55","24,694.64"
01PSFL2607-339,"224,748.64","28,420.08"
01PSFL2607-34,"609,808.68","47,539.12"
01PSFL2607-341,"2,995,183.61","199,166.43"
01PSFL2607-342,"3,302,440.12","94,885.60"
01PSFL2607-343,"992,416.84","29,280.26"
01PSFL2607-344,"3,004,142.27","67,455.54"
01PSFL2607-345,"2,636,637.90","133,408.13"
01PSFL2607-347,"1,917,349.54","46,808.37"
01PSFL2607-35,"341,733.72","12,694.56"
01PSFL2607-38,"554,243.52","20,447.00"
01PSFL2607-39,"543,228.82","20,587.43"
01PSFL2607-4,"2,025,226.00","37,254.08"
01PSFL2607-40,"578,984.76","22,993.90"
01PSFL2607-43,"1,633,534.09","66,211.47"
01PSFL2607-44,"3,267,047.39","64,248.33"
01PSFL2607-46,"3,169,514.50","75,035.22"
01PSFL2607-47,"486,026.14","43,330.86"
01PSFL2607-48,"365,868.57","24,068.79"
01PSFL2607-49,"418,785.37","44,290.81"
01PSFL2607-50,"3,088,934.83","126,320.58"
01PSFL2607-52,"815,823.10","44,457.32"
01PSFL2607-53,"1,711,016.08","36,216.94"
01PSFL2607-54,"649,145.55","31,192.76"
01PSFL2607-56,"1,791,371.02","55,690.52"
01PSFL2607-57,"908,481.53","49,154.66"
01PSFL2607-58,"1,114,560.00","43,970.04"
01PSFL2607-59,"1,146,707.47","67,801.53"
01PSFL2607-6,"901,373.84","26,903.43"
01PSFL2607-60,"521,386.75","52,194.04"
01PSFL2607-61,"424,575.04","5,403.80"
01PSFL2607-62,"398,732.06","7,572.49"
01PSFL2607-63,"836,587.48","24,851.71"
01PSFL2607-64,"1,377,738.42","80,047.09"
01PSFL2607-65,"394,321.00","19,898.40"
01PSFL2607-66,"388,887.35","17,179.23"
01PSFL2607-67,"3,107,077.14","89,115.87"
01PSFL2607-69,"1,460,295.98","34,479.45"
01PSFL2607-7,"835,938.30","41,664.25"
01PSFL2607-70,"456,480.59","30,494.97"
01PSFL2607-71,"739,259.29","26,750.19"
01PSFL2607-72,"175,382.56","4,696.27"
01PSFL2607-73,"414,516.23","31,528.53"
01PSFL2607-74,"1,619,756.83","60,823.63"
01PSFL2607-75,"1,282,875.78","32,177.79"
01PSFL2607-76,"1,165,056.81","59,665.23"
01PSFL2607-77,"960,096.66","7,031.95"
01PSFL2607-8,"196,617.53","29,632.99"
01PSFL2607-81,"718,990.53","17,241.14"
01PSFL2607-82,"1,308,325.01","54,601.22"
01PSFL2607-84,"871,981.51","51,506.08"
01PSFL2607-86,"396,823.15","26,438.10"
01PSFL2607-87,"1,175,352.05","40,259.26"
01PSFL2607-88,"336,441.90","14,533.25"
01PSFL2607-89,"942,921.28","42,329.19"
01PSFL2607-91,"427,666.15","9,611.61"
01PSFL2607-92,"1,049,137.56","38,882.66"
01PSFL2607-93,"1,704,302.32","113,701.42"
01PSFL2607-95,"814,836.08","27,009.13"
01PSFL2607-97,"2,744,794.53","84,655.46"
01PSRL2606-1,"2,519,740.50","81,957.40"
01PSRL2606-10,"954,310.44","51,057.75"
01PSRL2606-2,"851,054.45","30,157.12"
01PSRL2606-3,"1,669,085.13","52,477.06"
01PSRL2606-4,"1,980,341.60","57,763.96"
01PSRL2606-6,"1,887,298.95","59,967.96"
01PSRL2606-7,"291,849.65","25,692.92"
01PSRL2606-8,"1,432,688.81","45,633.40"
01PSRL2606-9,"394,156.61","43,159.29"
01PSRL2607-1,"1,345,423.62","41,811.77"
01PSRL2607-2,"1,343,900.66","55,958.88"
01PSRL2607-3,"650,343.40","28,236.42"
01PSTL2606-1,"1,048,217.52","38,791.82"
01PSTL2606-3,"854,364.12","29,906.96"
01PSTL2606-4,"393,334.93","13,356.22"
01PSTL2606-5,"2,887,874.22","66,687.35"
01PSTL2606-6,"309,977.58","43,036.03"
01PSTL2606-7,"234,851.59","19,214.17"
01PSTL2607-1,"1,534,525.58","44,397.22"
01PSTL2607-10,"361,996.10","15,209.26"
01PSTL2607-11,"478,608.60","34,379.14"
01PSTL2607-12,"1,048,693.86","47,679.54"
01PSTL2607-13,"2,079,011.49","73,667.20"
01PSTL2607-14,"1,437,294.85","46,399.06"
01PSTL2607-15,"1,281,117.54","69,817.19"
01PSTL2607-16,"3,746,447.69","134,698.59"
01PSTL2607-2,"3,270,428.24","70,537.87"
01PSTL2607-3,"1,704,684.49","24,222.60"
01PSTL2607-4,"689,932.56","17,224.83"
01PSTL2607-5,"515,299.92","15,043.44"
01PSTL2607-6,"602,976.32","19,352.37"
01PSTL2607-8,"661,717.86","28,409.83"
01PSTL2607-9,"746,786.91","32,120.17"
01PTFL2606-10,"389,838.60","13,110.04"
01PTFL2606-11,"445,151.43","24,522.30"
01PTFL2606-12,"438,040.28","15,049.54"
01PTFL2606-13,"364,276.40","8,511.73"
01PTFL2606-15,"511,927.94","17,141.56"
01PTFL2606-16,"429,997.54","11,919.52"
01PTFL2606-17,"2,947,160.56","78,882.11"
01PTFL2606-20,"1,378,536.31","35,489.20"
01PTFL2606-21,"1,246,369.97","28,040.51"
01PTFL2606-22,"1,061,905.86","36,521.90"
01PTFL2606-4,"853,265.02","64,087.69"
01PTFL2606-6,"606,043.02","18,364.90"
01PTFL2606-7,"378,964.46","19,975.23"
01PTFL2606-8,"1,132,581.63","26,014.91"
01PTRL2606-2,"918,666.00","20,982.73"
01PTRL2606-3,"976,369.04","7,324.73"
01PTRL2606-4,"1,432,081.40","72,915.00"
01PTRL2607-1,"531,699.31","23,842.98"
01PTRL2607-2,"1,075,737.63","46,825.86"
01PTRL2607-4,"1,524,154.78","68,926.18"
01PTTL2606-1,"411,630.33","25,175.77"
01PTTL2606-3,"2,471,283.10","85,709.82"
01PUFL2606-12,"250,347.36","18,382.69"
01PUFL2606-9,"429,897.03","31,611.75"
01PUFL2607-10,"464,294.67","18,794.81"
01PUFL2607-11,"420,590.16","12,142.56"
01PUFL2607-14,"801,791.08","49,385.02"
01PUFL2607-15,"1,388,337.41","59,385.16"
01PUFL2607-16,"680,400.13","27,772.77"
01PUFL2607-20,"215,643.35","50,415.34"
01PUFL2607-22,"4,006,826.40","145,133.54"
01PUFL2607-23,"608,159.24","40,920.18"
01PUFL2607-25,"847,905.68","51,493.86"
01PUFL2607-27,"2,455,999.50","69,258.31"
01PUFL2607-28,"154,674.50","13,258.44"
01PUFL2607-29,"406,258.41","15,538.03"
01PUFL2607-3,"1,223,501.81","38,097.45"
01PUFL2607-30,"398,710.31","15,357.07"
01PUFL2607-31,"286,930.49","34,567.12"
01PUFL2607-32,"1,165,035.56","44,205.22"
01PUFL2607-4,"1,129,695.86","39,187.45"
01PUFL2607-6,"4,306,249.25","121,070.57"
01PUFL2607-7,"1,853,449.12","68,112.58"
01PUFL2607-8,"412,373.78","39,624.13"
01PUFL2607-9,"1,470,174.49","69,152.05"
01PUTL2606-1,"3,848,834.81","122,934.34"
01PVRL2606-1,"237,708.01","64,165.46"
01PVRL2607-1,"637,594.40","40,359.44"
01PZFL2606-1,"406,982.40","12,141.11"
01PZFL2606-11,"448,733.80","15,712.97"
01PZFL2606-13,"1,100,938.90","31,366.26"
01PZFL2606-16,"771,654.96","45,676.73"
01PZFL2606-17,"443,671.81","5,967.19"
01PZFL2606-19,"1,712,436.79","53,477.72"
01PZFL2606-2,"603,831.81","22,550.71"
01PZFL2606-22,"383,178.93","17,122.95"
01PZFL2606-26,"798,183.92","42,593.85"
01PZFL2606-27,"889,225.88","28,930.44"
01PZFL2606-28,"688,370.77","22,663.60"
01PZFL2606-29,"382,105.67","28,814.22"
01PZFL2606-3,"409,758.83","18,095.00"
01PZFL2606-30,"890,458.04","36,673.10"
01PZFL2606-34,"416,408.40","15,968.29"
01PZFL2606-7,"1,430,976.02","45,275.04"
01PZFL2607-1,"943,113.92","50,577.76"
01PZFL2607-10,"1,117,119.49","50,059.52"
01PZFL2607-14,"1,108,500.68","37,529.38"
01PZFL2607-15,"414,958.10","12,258.70"
01PZFL2607-16,"823,418.50","40,083.40"
01PZFL2607-19,"813,757.14","38,613.07"
01PZFL2607-2,"1,357,413.24","64,544.50"
01PZFL2607-20,"1,021,812.38","21,544.91"
01PZFL2607-21,"2,359,687.93","86,992.53"
01PZFL2607-3,"445,337.62","14,534.47"
01PZFL2607-4,"884,034.24","23,578.00"
01PZFL2607-5,"428,741.46","11,498.89"
01PZFL2607-6,"788,913.46","27,738.01"
01PZFL2607-7,"1,866,262.66","59,534.87"
01PZFL2607-9,"845,809.64","15,568.03"
01PZRL2606-1,"3,022,772.40","118,689.82"
01PZRL2607-1,"618,950.40","30,267.88"
01PZRL2607-2,"687,467.75","17,687.62"
01PZRL2607-3,"428,275.03","9,305.68"
01PZRL2607-4,"173,400.52","4,310.82"
01PZRL2607-5,"1,059,579.61","22,598.39"
01PZTL2606-1,"399,926.62","10,395.00"
02PAFL2606-1,"5,558,396.48","252,290.63"
02PAFL2606-12,"983,065.02","70,387.42"
02PAFL2606-13,"1,686,758.84","114,168.80"
02PAFL2606-16,"954,526.60","40,050.64"
02PAFL2606-21,"353,083.86","28,400.69"
02PAFL2606-23,"115,780.06","11,797.35"
02PAFL2606-27,"266,459.86","17,526.58"
02PAFL2606-28,"249,050.24","12,887.41"
02PAFL2606-32,"1,022,260.20","34,862.92"
02PAFL2606-34,"1,011,129.43","48,140.83"
02PAFL2606-39,"981,464.50","47,321.49"
02PAFL2606-40,"362,340.98","8,069.33"
02PAFL2606-45,"382,977.49","12,856.93"
02PAFL2606-6,"951,718.10","29,054.81"
02PAFL2607-10,"434,535.66","28,334.70"
02PAFL2607-13,"1,537,187.13","87,576.42"
02PAFL2607-14,"1,097,394.58","67,166.15"
02PAFL2607-16,"1,110,968.87","27,852.56"
02PAFL2607-18,"1,072,833.31","29,612.96"
02PAFL2607-19,"238,450.09","35,552.61"
02PAFL2607-20,"588,805.41","25,673.23"
02PAFL2607-21,"329,738.30","40,349.47"
02PAFL2607-25,"1,025,521.59","44,157.84"
02PAFL2607-29,"1,277,156.68","84,189.23"
02PAFL2607-30,"317,991.58","18,765.59"
02PAFL2607-31,"354,946.09","21,721.27"
02PAFL2607-32,"973,392.83","47,206.28"
02PAFL2607-34,"1,800,822.46","96,196.25"
02PAFL2607-35,"962,096.20","26,723.68"
02PAFL2607-36,"1,636,349.51","106,106.05"
02PAFL2607-37,"455,684.51","25,952.88"
02PAFL2607-4,"665,101.80","44,425.83"
02PAFL2607-41,"740,583.96","56,776.73"
02PAFL2607-42,"1,178,093.54","64,546.54"
02PAFL2607-45,"449,697.59","38,046.18"
02PAFL2607-48,"1,865,230.28","89,370.16"
02PAFL2607-49,"276,788.12","9,905.35"
02PAFL2607-51,"945,883.21","34,617.72"
02PAFL2607-52,"682,165.20","31,458.69"
02PAFL2607-6,"413,782.18","19,354.97"
02PAFL2607-7,"1,069,691.76","68,361.73"
02PAFL2607-9,"847,423.08","40,009.02"
02PAFL2608-1,"245,021.65","9,311.82"
02PAFL2608-10,"881,766.21","44,629.11"
02PAFL2608-103,"843,713.57","12,282.08"
02PAFL2608-104,"328,381.57","22,490.14"
02PAFL2608-106,"412,876.09","18,436.52"
02PAFL2608-108,"12,462.13","13,053.15"
02PAFL2608-109,"1,225,010.17","53,288.88"
02PAFL2608-11,"485,349.27","21,305.04"
02PAFL2608-111,"216,707.20","16,599.37"
02PAFL2608-113,"213,993.70","13,517.07"
02PAFL2608-114,"68,065.96","13,100.85"
02PAFL2608-116,"1,168,373.90","51,111.90"
02PAFL2608-117,"1,537,586.26","76,740.60"
02PAFL2608-119,"294,565.86","19,227.79"
02PAFL2608-12,"1,113,633.93","61,543.58"
02PAFL2608-121,"326,722.62","5,876.24"
02PAFL2608-124,"350,032.08","26,798.76"
02PAFL2608-125,"327,253.63","63,817.50"
02PAFL2608-126,"776,381.17","34,540.82"
02PAFL2608-128,"888,208.79","39,929.40"
02PAFL2608-13,"541,904.18","45,557.49"
02PAFL2608-130,"402,051.20","17,601.81"
02PAFL2608-132,"618,625.73","24,951.46"
02PAFL2608-133,"1,378,397.99","77,628.25"
02PAFL2608-134,"859,763.68","23,820.88"
02PAFL2608-136,"847,094.59","38,021.23"
02PAFL2608-137,"873,819.05","46,213.23"
02PAFL2608-138,"415,514.76","47,877.74"
02PAFL2608-14,"1,005,388.60","31,676.97"
02PAFL2608-140,"734,557.50","55,187.42"
02PAFL2608-145,"439,466.25","7,644.77"
02PAFL2608-147,"239,065.79","67,176.01"
02PAFL2608-15,"945,774.81","28,541.21"
02PAFL2608-150,"103,200.20","22,744.48"
02PAFL2608-152,"1,168,444.29","51,781.51"
02PAFL2608-155,"656,239.73","19,239.57"
02PAFL2608-156,"856,373.17","36,099.69"
02PAFL2608-158,"446,790.53","21,488.20"
02PAFL2608-162,"951,450.60","33,080.49"
02PAFL2608-163,"925,546.81","29,584.09"
02PAFL2608-167,"1,041,626.34","16,903.80"
02PAFL2608-169,"108,507.79","2,413.10"
02PAFL2608-18,"1,769,620.26","65,908.81"
02PAFL2608-19,"273,411.36","55,557.96"
02PAFL2608-21,"1,062,790.27","38,567.06"
02PAFL2608-24,"1,038,407.00","18,272.97"
02PAFL2608-25,"795,739.90","26,118.55"
02PAFL2608-27,"318,442.53","8,992.27"
02PAFL2608-28,"844,286.62","54,174.85"
02PAFL2608-29,"643,316.33","36,049.01"
02PAFL2608-30,"436,779.80","20,002.17"
02PAFL2608-31,"814,838.88","4,126.86"
02PAFL2608-32,"612,880.63","21,205.82"
02PAFL2608-33,"611,737.41","37,373.31"
02PAFL2608-35,"1,642,392.02","60,769.37"
02PAFL2608-36,"461,973.88","33,649.54"
02PAFL2608-39,"299,138.85","15,092.30"
02PAFL2608-4,"987,918.12","48,977.90"
02PAFL2608-40,"851,232.25","39,685.11"
02PAFL2608-41,"938,030.21","41,885.00"
02PAFL2608-42,"610,199.05","27,492.87"
02PAFL2608-44,"1,025,113.05","251,206.95"
02PAFL2608-45,"1,374,751.83","46,553.32"
02PAFL2608-46,"841,230.04","26,356.16"
02PAFL2608-47,"145,000.49","14,854.60"
02PAFL2608-48,"1,622,917.51","224,566.60"
02PAFL2608-49,"194,069.96","9,597.58"
02PAFL2608-51,"1,338,605.13","56,343.77"
02PAFL2608-52,"1,918,405.80","61,993.17"
02PAFL2608-53,"842,781.06","39,651.58"
02PAFL2608-57,"332,375.61","23,123.37"
02PAFL2608-61,"884,102.07","38,482.63"
02PAFL2608-63,"1,782,860.69","86,116.94"
02PAFL2608-64,"2,254,493.35","91,081.09"
02PAFL2608-65,"1,588,293.91","28,373.34"
02PAFL2608-67,"857,933.76","31,341.08"
02PAFL2608-68,"60,643.56","13,062.83"
02PAFL2608-70,"1,069,953.53","16,006.79"
02PAFL2608-72,"868,761.78","49,648.20"
02PAFL2608-73,"716,825.58","21,689.24"
02PAFL2608-74,"639,906.21","27,705.17"
02PAFL2608-77,"210,671.68","35,255.63"
02PAFL2608-81,"790,046.34","63,599.15"
02PAFL2608-85,"550,076.39","53,227.05"
02PAFL2608-86,"1,437,136.69","43,854.89"
02PAFL2608-87,"935,081.19","36,441.53"
02PAFL2608-88,"153,928.82","40,247.43"
02PAFL2608-89,"418,735.01","17,840.07"
02PAFL2608-9,"165,357.50","3,724.14"
02PAFL2608-90,"780,166.05","5,923.19"
02PAFL2608-92,"860,677.61","23,822.03"
02PAFL2608-95,"1,068,133.14","53,664.84"
02PAFL2608-96,"1,497,931.94","58,924.81"
02PAFL2608-99,"218,522.85","8,440.55"
02PATL2606-1,"491,119.49","37,702.72"
02PATL2606-10,"789,524.78","41,575.26"
02PATL2606-11,"137,604.07","15,342.91"
02PATL2606-12,"1,856,168.84","83,886.20"
02PATL2606-13,"334,361.16","47,788.14"
02PATL2606-14,"1,284,188.95","75,534.97"
02PATL2606-16,"1,762,321.11","94,646.48"
02PATL2606-17,"1,653,590.55","84,619.18"
02PATL2606-18,"876,250.03","28,496.37"
02PATL2606-19,"972,114.34","42,573.32"
02PATL2606-2,"1,843,564.20","26,767.75"
02PATL2606-20,"1,240,469.92","55,426.70"
02PATL2606-21,"994,681.67","29,621.26"
02PATL2606-22,"825,364.61","25,150.81"
02PATL2606-3,"202,414.98","37,823.97"
02PATL2606-5,"921,945.51","30,677.34"
02PATL2606-6,"345,178.85","28,438.95"
02PATL2606-7,"644,753.04","30,906.49"
02PATL2606-8,"1,678,534.94","97,891.42"
02PATL2606-9,"918,926.96","67,757.29"
02PATL2607-1,"963,657.37","38,848.11"
02PATL2607-10,"1,332,353.98","40,005.29"
02PATL2607-11,"71,047.15","50,133.10"
02PATL2607-12,"1,891,236.01","140,411.67"
02PATL2607-13,"916,903.55","44,282.50"
02PATL2607-14,"1,623,152.20","98,870.86"
02PATL2607-15,"1,046,702.93","55,084.96"
02PATL2607-16,"1,120,272.21","40,096.00"
02PATL2607-17,"1,118,032.99","45,849.24"
02PATL2607-19,"1,142,199.46","43,272.19"
02PATL2607-2,"1,038,985.67","51,099.80"
02PATL2607-20,"321,242.45","8,937.69"
02PATL2607-21,"548,304.90","35,874.28"
02PATL2607-23,"918,049.84","40,193.57"
02PATL2607-3,"899,680.92","38,871.07"
02PATL2607-4,"852,855.82","17,115.08"
02PATL2607-5,"60,742.07","52,653.32"
02PATL2607-6,"511,721.19","41,197.95"
02PATL2607-7,"611,343.46","67,074.79"
02PATL2607-8,"1,006,130.69","44,420.74"
02PATL2607-9,"1,611,415.56","77,954.57"
02PATL2608-1,"1,461,887.73","43,849.00"
02PATL2608-10,"959,251.63","28,829.33"
02PATL2608-2,"801,452.33","32,977.52"
02PATL2608-4,"818,687.34","29,640.93"
02PATL2608-5,"786,652.12","63,182.23"
02PATL2608-6,"889,107.97","75,640.09"
02PATL2608-7,"833,325.00","38,480.88"
02PATL2608-8,"917,502.50","36,140.00"
02PATL2608-9,"900,971.76","29,940.19"
02PBFL2606-1,"1,694,382.53","97,833.94"
02PBFL2607-1,"95,431.98","8,106.48"
02PBFL2607-2,"190,243.30","15,995.83"
02PBFL2607-6,"492,924.53","50,324.61"
02PBRL2606-1,"1,090,111.86","66,184.00"
02PBRL2606-2,"1,194,516.27","86,458.94"
02PBRL2606-3,"1,774,391.09","104,935.68"
02PBRL2607-1,"934,925.22","40,132.68"
02PBRL2607-2,"2,365,622.87","118,063.77"
02PBRL2608-1,"697,607.74","31,171.34"
02PBRL2608-2,"2,329,071.67","141,872.30"
02PBTL2606-1,"367,031.49","5,630.21"
02PBTL2607-1,"3,527,678.33","187,383.52"
02PBTL2608-1,"338,401.76","8,569.62"
02PCRL2606-1,"1,563,278.67","103,884.19"
02PCRL2606-3,"711,059.87","31,496.84"
02PCRL2606-4,"734,889.61","22,857.79"
02PCRL2606-5,"729,578.29","26,843.40"
02PCRL2607-1,"407,660.58","37,895.15"
02PCRL2607-2,"1,300,974.75","65,406.39"
02PCRL2608-1,"1,265,014.67","47,258.44"
02PCRL2608-2,"644,270.91","21,799.85"
02PCRL2608-3,"922,216.25","25,819.13"
02PCRL2608-4,"514,068.95","33,421.66"
02PDFL2606-1,"2,854,178.46","214,466.27"
02PDFL2606-10,"1,611,490.03","70,139.78"
02PDFL2606-11,"1,093,586.88","45,534.76"
02PDFL2606-12,"1,225,551.26","73,300.69"
02PDFL2606-14,"657,935.00","27,997.49"
02PDFL2606-2,"867,811.36","25,011.14"
02PDFL2606-3,"423,609.55","13,113.94"
02PDFL2607-1,"827,407.95","36,152.21"
02PDFL2607-10,"1,136,514.02","68,403.97"
02PDFL2607-11,"323,524.05","20,380.13"
02PDFL2607-12,"752,550.71","23,457.85"
02PDFL2607-14,"957,310.26","6,821.37"
02PDFL2607-16,"749,044.02","18,038.40"
02PDFL2607-17,"817,825.08","29,361.62"
02PDFL2607-18,"1,071,979.17","38,853.57"
02PDFL2607-2,"879,324.79","41,296.56"
02PDFL2607-20,"1,041,024.94","75,599.67"
02PDFL2607-21,"1,006,630.79","50,813.59"
02PDFL2607-25,"327,765.51","19,426.23"
02PDFL2607-27,"976,006.65","38,207.66"
02PDFL2607-28,"419,195.39","9,318.23"
02PDFL2607-29,"872,036.50","59,164.37"
02PDFL2607-4,"1,017,607.09","32,777.45"
02PDFL2607-6,"998,315.82","41,459.52"
02PDFL2607-7,"931,152.06","19,370.09"
02PDFL2608-1,"1,152,360.78","62,614.88"
02PDFL2608-10,"2,250,958.22","93,392.06"
02PDFL2608-11,"503,268.55","33,300.78"
02PDFL2608-12,"2,594,878.10","109,288.08"
02PDFL2608-16,"764,378.72","35,712.54"
02PDFL2608-18,"702,559.21","29,901.03"
02PDFL2608-19,"974,299.38","30,257.98"
02PDFL2608-2,"568,383.03","5,544.59"
02PDFL2608-20,"727,004.65","20,207.60"
02PDFL2608-21,"962,186.55","37,125.09"
02PDFL2608-22,"1,117,637.37","48,371.04"
02PDFL2608-24,"612,487.42","20,700.31"
02PDFL2608-25,"856,760.52","19,267.42"
02PDFL2608-26,"393,703.42","15,473.58"
02PDFL2608-28,"300,975.16","20,729.56"
02PDFL2608-29,"1,779,729.17","68,647.77"
02PDFL2608-3,"684,521.06","20,635.79"
02PDFL2608-30,"899,671.46","40,109.09"
02PDFL2608-31,"665,691.05","23,370.71"
02PDFL2608-33,"4,526,920.51","210,471.04"
02PDFL2608-34,"677,267.22","30,828.35"
02PDFL2608-35,"2,563,049.14","129,219.07"
02PDFL2608-36,"1,622,492.10","70,147.77"
02PDFL2608-37,"1,629,991.99","51,141.96"
02PDFL2608-38,"888,872.17","40,604.90"
02PDFL2608-39,"825,451.48","30,417.89"
02PDFL2608-40,"328,429.57","15,047.65"
02PDFL2608-41,"422,319.89","12,212.94"
02PDFL2608-42,"895,054.12","29,558.49"
02PDFL2608-43,"978,304.42","35,826.80"
02PDFL2608-44,"2,517,764.17","89,162.83"
02PDFL2608-45,"423,453.32","15,060.47"
02PDFL2608-46,"734,930.56","21,438.20"
02PDFL2608-48,"984,208.37","36,449.00"
02PDFL2608-49,"661,008.98","24,971.72"
02PDFL2608-5,"718,260.97","30,880.40"
02PDFL2608-50,"673,448.02","30,739.07"
02PDFL2608-51,"1,341,926.22","51,095.34"
02PDFL2608-53,"1,443,981.13","46,085.09"
02PDFL2608-54,"2,706,998.62","62,589.82"
02PDFL2608-56,"760,247.33","44,949.03"
02PDFL2608-57,"1,104,442.59","70,253.07"
02PDFL2608-59,"433,455.62","16,866.70"
02PDFL2608-6,"745,888.90","29,951.34"
02PDFL2608-60,"844,564.42","41,348.83"
02PDFL2608-61,"984,452.27","28,794.38"
02PDFL2608-62,"437,678.81","15,109.71"
02PDFL2608-63,"826,696.54","35,708.44"
02PDFL2608-65,"396,133.68","18,209.24"
02PDFL2608-66,"1,075,098.31","37,091.50"
02PDFL2608-67,"207,966.65","20,734.59"
02PDFL2608-68,"712,532.72","24,155.75"
02PDFL2608-7,"2,663,747.81","93,140.12"
02PDFL2608-70,"709,084.79","16,577.88"
02PDFL2608-71,"807,510.35","30,765.65"
02PDFL2608-72,"1,307,774.50","38,186.31"
02PDFL2608-73,"393,703.42","21,467.32"
02PDFL2608-74,"1,034,172.81","38,171.76"
02PDFL2608-75,"829,300.66","8,741.87"
02PDFL2608-8,"1,180,230.63","45,369.21"
02PDFL2608-9,"1,427,650.92","31,789.72"
02PDRL2606-1,"1,417,625.14","23,162.44"
02PDRL2606-2,"1,075,791.84","63,126.00"
02PDRL2607-1,"793,080.63","38,858.03"
02PDRL2607-2,"878,222.72","60,655.38"
02PDRL2607-4,"2,230,718.36","101,558.99"
02PDRL2608-1,"982,594.62","32,122.68"
02PDRL2608-2,"1,073,672.62","35,887.45"
02PDRL2608-3,"576,340.72","34,201.71"
02PDRL2608-4,"857,076.67","26,359.52"
02PDRL2608-5,"123,297.22","17,042.10"
02PDRL2608-6,"838,392.28","28,733.74"
02PDRL2608-7,"655,030.36","38,807.24"
02PDTL2606-1,"2,218,312.15","136,613.96"
02PDTL2606-2,"672,742.81","17,930.60"
02PDTL2606-4,"1,079,753.46","84,556.26"
02PDTL2606-5,"659,774.53","53,836.39"
02PDTL2606-6,"92,291.57","13,228.19"
02PDTL2607-1,"477,422.02","32,721.96"
02PDTL2607-2,"1,537,593.47","77,979.57"
02PDTL2607-3,"3,473,821.31","111,105.27"
02PDTL2607-4,"166,952.81","22,190.11"
02PDTL2607-5,"394,321.00","24,622.72"
02PDTL2607-6,"410,295.08","29,313.52"
02PDTL2607-7,"876,098.21","23,737.59"
02PDTL2607-8,"1,032,975.66","44,625.22"
02PDTL2607-9,"770,830.86","24,779.35"
02PDTL2608-1,"142,506.37","5,645.61"
02PDTL2608-2,"488,811.30","49,052.23"
02PDTL2608-3,"985,522.99","30,327.02"
02PDTL2608-4,"1,422,763.18","24,760.64"
02PDTL2608-5,"306,091.79","18,757.57"
02PFFL2606-1,"687,189.81","26,671.37"
02PFFL2606-10,"693,024.52","48,303.35"
02PFFL2606-11,"426,803.89","12,733.86"
02PFFL2606-15,"370,040.99","22,315.01"
02PFFL2606-16,"434,424.68","31,198.73"
02PFFL2606-19,"757,780.54","47,718.21"
02PFFL2606-2,"493,945.05","27,477.80"
02PFFL2606-21,"216,833.66","14,012.25"
02PFFL2606-22,"1,064,564.89","55,249.04"
02PFFL2606-23,"448,246.45","31,714.33"
02PFFL2606-25,"511,859.86","15,351.18"
02PFFL2606-28,"1,882,212.39","115,176.25"
02PFFL2606-29,"988,246.76","68,065.55"
02PFFL2606-3,"447,394.87","10,158.58"
02PFFL2606-6,"483,404.08","31,981.77"
02PFFL2606-9,"1,248,813.95","76,739.95"
02PFFL2607-10,"1,577,627.24","61,780.49"
02PFFL2607-12,"423,152.22","8,960.52"
02PFFL2607-13,"1,015,924.29","63,236.55"
02PFFL2607-14,"438,429.14","10,182.24"
02PFFL2607-16,"520,129.45","16,896.20"
02PFFL2607-18,"530,427.40","12,989.04"
02PFFL2607-19,"650,212.18","36,408.16"
02PFFL2607-2,"2,176,866.57","106,943.33"
02PFFL2607-21,"452,894.51","19,805.51"
02PFFL2607-22,"441,802.92","18,535.86"
02PFFL2607-26,"727,592.40","27,897.89"
02PFFL2607-27,"777,364.87","41,553.37"
02PFFL2607-28,"824,162.19","31,304.45"
02PFFL2607-30,"269,020.27","12,032.09"
02PFFL2607-31,"708,931.32","37,675.98"
02PFFL2607-33,"502,793.82","18,978.72"
02PFFL2607-36,"957,741.82","47,285.46"
02PFFL2607-38,"893,759.13","31,608.79"
02PFFL2607-39,"1,552,916.54","25,336.78"
02PFFL2607-4,"1,235,352.51","54,245.82"
02PFFL2607-40,"1,333,484.98","83,193.39"
02PFFL2607-41,"3,825,708.35","246,500.10"
02PFFL2607-43,"4,168,521.00","242,674.54"
02PFFL2607-45,"1,625,966.15","90,938.44"
02PFFL2607-7,"385,164.30","21,919.60"
02PFFL2607-8,"1,057,758.30","45,316.04"
02PFFL2608-1,"187,940.16","9,086.65"
02PFFL2608-10,"368,517.84","17,677.44"
02PFFL2608-102,"458,320.43","6,719.81"
02PFFL2608-104,"421,645.10","10,030.50"
02PFFL2608-106,"1,279,042.96","55,356.07"
02PFFL2608-107,"495,242.68","22,303.78"
02PFFL2608-108,"1,082,207.38","38,749.44"
02PFFL2608-109,"443,143.97","40,525.78"
02PFFL2608-11,"410,918.70","10,654.02"
02PFFL2608-110,"803,302.35","28,992.85"
02PFFL2608-111,"788,500.30","35,225.41"
02PFFL2608-112,"165,668.28","8,948.87"
02PFFL2608-113,"775,195.51","23,454.66"
02PFFL2608-114,"441,635.86","15,724.37"
02PFFL2608-116,"1,535,938.62","54,980.16"
02PFFL2608-117,"212,668.95","11,558.83"
02PFFL2608-118,"150,833.24","8,416.76"
02PFFL2608-119,"215,252.30","24,427.08"
02PFFL2608-121,"800,150.36","25,375.67"
02PFFL2608-123,"1,353,182.25","35,102.34"
02PFFL2608-124,"780,648.20","26,759.83"
02PFFL2608-125,"336,828.25","18,268.97"
02PFFL2608-128,"736,447.53","31,964.68"
02PFFL2608-129,"525,933.66","10,646.61"
02PFFL2608-130,"377,683.24","5,048.33"
02PFFL2608-131,"528,907.85","33,775.24"
02PFFL2608-132,"1,821,150.44","80,632.30"
02PFFL2608-135,"604,788.56","10,872.77"
02PFFL2608-136,"2,775,618.10","137,427.23"
02PFFL2608-139,"117,333.97","7,004.02"
02PFFL2608-14,"55,536.07","10,369.73"
02PFFL2608-141,"302,519.04","9,330.64"
02PFFL2608-143,"595,677.88","25,727.24"
02PFFL2608-15,"511,191.49","11,277.36"
02PFFL2608-17,"838,593.66","17,818.63"
02PFFL2608-18,"3,237,164.42","118,493.26"
02PFFL2608-19,"435,973.93","14,639.98"
02PFFL2608-2,"488,510.66","28,218.93"
02PFFL2608-20,"130,966.35","12,589.96"
02PFFL2608-21,"511,543.49","19,391.35"
02PFFL2608-24,"325,766.21","7,322.27"
02PFFL2608-25,"806,435.10","41,766.86"
02PFFL2608-26,"405,543.73","14,854.11"
02PFFL2608-29,"1,541,665.66","11,530.36"
02PFFL2608-3,"135,702.86","14,643.94"
02PFFL2608-34,"618,418.99","27,079.64"
02PFFL2608-36,"302,993.43","17,655.11"
02PFFL2608-38,"116,178.49","7,346.82"
02PFFL2608-39,"2,716,006.05","118,839.48"
02PFFL2608-4,"260,572.37","12,479.55"
02PFFL2608-40,"439,759.65","7,796.20"
02PFFL2608-41,"904,525.42","12,365.54"
02PFFL2608-42,"601,705.01","28,533.93"
02PFFL2608-43,"436,798.23","16,162.33"
02PFFL2608-44,"273,396.46","12,692.24"
02PFFL2608-45,"163,388.86","11,857.19"
02PFFL2608-46,"824,935.14","31,784.72"
02PFFL2608-48,"803,546.03","28,834.80"
02PFFL2608-49,"688,194.44","30,145.71"
02PFFL2608-5,"569,402.71","19,438.32"
02PFFL2608-50,"1,061,557.46","17,935.56"
02PFFL2608-51,"2,804,828.67","85,280.26"
02PFFL2608-52,"306,554.06","13,071.04"
02PFFL2608-53,"1,122,120.99","45,702.86"
02PFFL2608-54,"420,288.87","11,834.04"
02PFFL2608-55,"379,181.57","3,318.02"
02PFFL2608-56,"276,606.31","13,042.96"
02PFFL2608-57,"383,014.96","4,538.10"
02PFFL2608-58,"619,374.97","20,037.49"
02PFFL2608-59,"363,889.37","6,646.43"
02PFFL2608-6,"419,386.86","30,296.27"
02PFFL2608-60,"278,281.79","11,675.00"
02PFFL2608-61,"1,176,714.70","135,084.66"
02PFFL2608-63,"1,270,260.95","61,557.70"
02PFFL2608-64,"363,699.63","10,700.73"
02PFFL2608-65,"906,417.68","25,672.47"
02PFFL2608-68,"2,256,191.94","73,337.00"
02PFFL2608-69,"588,304.22","13,192.16"
02PFFL2608-7,"381,350.74","12,779.33"
02PFFL2608-70,"412,916.81","14,781.65"
02PFFL2608-71,"253,432.60","18,972.86"
02PFFL2608-72,"138,844.87","6,623.20"
02PFFL2608-73,"2,725,135.56","74,708.18"
02PFFL2608-74,"809,266.55","34,752.54"
02PFFL2608-75,"756,674.56","26,576.11"
02PFFL2608-76,"1,720,183.79","80,241.62"
02PFFL2608-77,"1,191,988.40","51,113.62"
02PFFL2608-78,"454,542.79","16,860.21"
02PFFL2608-8,"2,890,085.45","113,532.47"
02PFFL2608-82,"774,289.62","32,498.16"
02PFFL2608-83,"102,673.51","6,546.45"
02PFFL2608-84,"2,140,802.74","45,766.52"
02PFFL2608-85,"2,420,955.72","72,548.74"
02PFFL2608-86,"418,642.62","12,139.73"
02PFFL2608-87,"1,580,108.14","43,084.45"
02PFFL2608-89,"512,911.23","15,092.30"
02PFFL2608-9,"455,710.79","14,431.86"
02PFFL2608-91,"403,537.19","18,030.12"
02PFFL2608-93,"1,480,633.97","56,721.57"
02PFFL2608-95,"562,037.46","21,553.87"
02PFFL2608-96,"766,861.21","22,956.17"
02PFFL2608-97,"872,766.72","24,624.92"
02PFFL2608-98,"732,654.34","33,095.30"
02PFRL2606-1,"453,720.79","31,760.55"
02PFRL2606-10,"504,083.00","34,237.65"
02PFRL2606-11,"511,728.06","27,911.45"
02PFRL2606-12,"384,329.61","19,657.98"
02PFRL2606-13,"2,239,915.84","115,179.04"
02PFRL2606-3,"1,773,658.80","51,827.69"
02PFRL2606-4,"1,561,904.93","49,355.98"
02PFRL2606-5,"943,519.81","19,461.25"
02PFRL2606-6,"1,837,362.06","94,296.07"
02PFRL2606-7,"771,452.15","14,966.23"
02PFRL2607-1,"198,247.90","13,002.00"
02PFRL2607-11,"289,223.54","14,536.25"
02PFRL2607-12,"404,784.98","18,092.55"
02PFRL2607-13,"491,545.65","15,248.57"
02PFRL2607-14,"512,179.96","8,097.04"
02PFRL2607-2,"1,357,433.75","64,370.69"
02PFRL2607-3,"139,170.71","5,727.36"
02PFRL2607-4,"1,761,889.72","53,851.17"
02PFRL2607-5,"332,874.35","33,259.03"
02PFRL2607-6,"1,726,087.98","68,855.07"
02PFRL2607-7,"1,490,781.09","78,588.27"
02PFRL2607-8,"262,438.50","6,615.90"
02PFRL2607-9,"275,235.27","25,264.28"
02PFRL2608-1,"212,131.63","10,184.43"
02PFRL2608-10,"779,222.14","32,360.77"
02PFRL2608-11,"582,959.79","27,385.01"
02PFRL2608-12,"784,978.86","23,374.91"
02PFRL2608-13,"259,176.20","13,557.42"
02PFRL2608-14,"104,577.89","10,246.87"
02PFRL2608-15,"1,372,644.63","36,866.20"
02PFRL2608-16,"392,839.23","8,713.43"
02PFRL2608-17,"765,006.28","26,348.02"
02PFRL2608-18,"682,330.06","26,586.72"
02PFRL2608-19,"100,267.22","5,532.79"
02PFRL2608-2,"378,585.00","16,476.09"
02PFRL2608-20,"1,547,819.66","78,931.35"
02PFRL2608-21,"539,456.12","21,783.78"
02PFRL2608-22,"341,960.82","10,231.16"
02PFRL2608-23,"1,283,567.51","29,609.79"
02PFRL2608-3,"532,605.56","22,983.76"
02PFRL2608-4,"843,791.73","19,890.87"
02PFRL2608-5,"269,245.24","13,845.88"
02PFRL2608-7,"759,376.81","25,407.85"
02PFRL2608-9,"3,612,710.46","141,263.59"
02PFTL2606-10,"1,180,965.27","31,911.42"
02PFTL2606-11,"359,642.60","16,787.78"
02PFTL2606-12,"1,406,425.37","47,224.77"
02PFTL2606-14,"441,328.16","27,415.90"
02PFTL2606-15,"677,448.85","46,060.02"
02PFTL2606-16,"688,194.44","33,917.68"
02PFTL2606-17,"369,783.07","12,578.88"
02PFTL2606-18,"488,887.18","36,687.74"
02PFTL2606-2,"364,854.42","15,124.64"
02PFTL2606-3,"622,568.44","28,632.83"
02PFTL2606-4,"371,129.50","51,490.41"
02PFTL2606-5,"946,765.31","29,474.29"
02PFTL2606-6,"1,504,068.43","73,219.47"
02PFTL2606-8,"438,184.46","24,009.11"
02PFTL2607-10,"521,085.32","19,317.45"
02PFTL2607-12,"1,909,341.68","69,698.20"
02PFTL2607-13,"1,365,824.99","42,484.23"
02PFTL2607-14,"410,407.69","22,274.09"
02PFTL2607-16,"1,365,537.98","48,870.43"
02PFTL2607-18,"1,675,243.69","44,770.82"
02PFTL2607-19,"477,855.64","10,348.31"
02PFTL2607-2,"703,926.22","24,145.68"
02PFTL2607-20,"804,274.24","42,268.82"
02PFTL2607-4,"385,943.78","10,429.39"
02PFTL2607-5,"282,729.35","10,792.21"
02PFTL2607-6,"801,100.48","32,983.13"
02PFTL2607-8,"899,707.84","41,935.01"
02PFTL2607-9,"733,427.41","31,753.53"
02PFTL2608-1,"494,847.67","20,252.69"
02PFTL2608-2,"1,163,451.06","37,900.18"
02PFTL2608-3,"1,975,431.88","69,873.31"
02PFTL2608-4,"377,753.28","13,603.67"
02PFTL2608-5,"3,910,972.64","128,768.42"
02PGFL2606-1,"3,479,139.16","339,424.78"
02PGFL2606-4,"1,011,438.87","61,419.88"
02PGFL2606-6,"2,074,267.93","91,548.73"
02PGFL2607-3,"544,137.81","40,645.07"
02PGFL2607-4,"372,980.65","21,238.09"
02PGFL2608-1,"622,036.40","29,672.58"
02PGFL2608-10,"284,916.74","35,284.40"
02PGFL2608-11,"214,433.57","16,318.32"
02PGFL2608-3,"57,437.94","9,511.85"
02PGFL2608-4,"137,708.68","8,368.98"
02PGFL2608-5,"745,206.63","42,813.40"
02PGFL2608-6,"1,157,235.63","28,352.26"
02PGFL2608-7,"1,812,999.80","61,074.09"
02PGFL2608-8,"756,877.62","39,552.06"
02PGFL2608-9,"522,529.84","23,737.48"
02PGRL2606-1,"1,127,786.77","56,032.65"
02PGRL2608-1,"574,179.84","18,307.45"
02PHFL2608-1,"1,043,402.02","32,182.52"
02PHFL2608-2,"416,729.40","21,906.70"
02PHFL2608-3,"1,260,284.48","34,025.68"
02PHFL2608-4,"1,358,232.74","38,483.95"
02PHFL2608-5,"353,503.27","16,721.10"
02PHFL2608-6,"285,271.42","10,199.72"
02PHFL2608-7,"2,629,811.57","108,036.56"
02PHFL2608-8,"2,333,509.15","87,071.15"
02PHFL2608-9,"894,547.57","35,328.24"
02PHRL2607-2,"742,666.00","26,817.61"
02PHTL2606-1,"809,599.58","22,508.38"
02PIFL2606-101,"366,833.73","11,867.26"
02PIFL2606-103,"409,205.60","18,841.38"
02PIFL2606-105,"902,913.37","25,176.97"
02PIFL2606-106,"1,250,152.90","44,434.70"
02PIFL2606-107,"1,065,523.37","34,081.93"
02PIFL2606-111,"2,983,652.57","91,636.18"
02PIFL2606-114,"209,112.16","9,881.96"
02PIFL2606-115,"322,367.09","8,408.53"
02PIFL2606-117,"986,047.56","34,559.71"
02PIFL2606-12,"675,060.61","22,461.43"
02PIFL2606-122,"197,143.07","5,866.60"
02PIFL2606-126,"496,586.53","44,473.90"
02PIFL2606-127,"2,155,507.59","101,889.13"
02PIFL2606-13,"804,677.97","22,253.77"
02PIFL2606-130,"239,672.08","6,091.24"
02PIFL2606-131,"635,052.33","20,538.72"
02PIFL2606-14,"1,000,201.64","28,538.69"
02PIFL2606-142,"663,159.88","20,912.54"
02PIFL2606-144,"991,159.39","34,299.17"
02PIFL2606-145,"299,659.05","10,194.12"
02PIFL2606-146,"564,613.27","21,853.11"
02PIFL2606-149,"207,639.99","9,728.36"
02PIFL2606-15,"674,320.67","24,406.63"
02PIFL2606-150,"755,117.86","22,698.08"
02PIFL2606-152,"163,919.30","6,229.35"
02PIFL2606-155,"151,535.32","3,890.33"
02PIFL2606-157,"782,621.14","31,547.96"
02PIFL2606-16,"391,940.10","11,225.50"
02PIFL2606-162,"525,831.40","18,401.00"
02PIFL2606-164,"583,036.93","20,155.60"
02PIFL2606-165,"237,849.97","7,204.90"
02PIFL2606-167,"403,875.17","14,050.88"
02PIFL2606-17,"359,031.16","11,917.16"
02PIFL2606-170,"568,236.52","16,764.49"
02PIFL2606-174,"504,162.21","18,310.28"
02PIFL2606-177,"300,767.43","9,860.63"
02PIFL2606-179,"300,422.37","35,152.70"
02PIFL2606-18,"504,595.42","17,353.92"
02PIFL2606-183,"774,919.93","27,275.12"
02PIFL2606-186,"830,747.03","29,702.92"
02PIFL2606-188,"320,946.98","9,352.65"
02PIFL2606-191,"528,040.05","17,280.86"
02PIFL2606-192,"582,932.08","22,805.62"
02PIFL2606-193,"758,275.78","26,800.85"
02PIFL2606-194,"265,829.84","12,687.56"
02PIFL2606-196,"335,259.91","24,039.10"
02PIFL2606-2,"1,027,516.00","36,088.97"
02PIFL2606-20,"246,285.94","9,391.09"
02PIFL2606-200,"750,636.70","26,583.34"
02PIFL2606-203,"685,777.09","25,103.93"
02PIFL2606-204,"273,552.41","6,835.50"
02PIFL2606-206,"284,345.98","8,474.83"
02PIFL2606-21,"961,686.24","57,608.52"
02PIFL2606-211,"378,180.72","15,388.05"
02PIFL2606-217,"196,960.07","7,107.51"
02PIFL2606-219,"225,598.62","8,250.33"
02PIFL2606-223,"889,954.80","25,430.72"
02PIFL2606-224,"476,969.44","14,117.94"
02PIFL2606-228,"528,145.36","18,420.05"
02PIFL2606-23,"431,081.83","11,751.90"
02PIFL2606-231,"361,777.83","34,733.80"
02PIFL2606-236,"818,362.68","33,542.15"
02PIFL2606-238,"232,247.21","8,939.93"
02PIFL2606-240,"291,854.07","9,410.02"
02PIFL2606-243,"677,031.29","26,500.22"
02PIFL2606-244,"433,198.74","13,474.46"
02PIFL2606-245,"390,460.55","11,990.51"
02PIFL2606-247,"582,765.69","18,866.03"
02PIFL2606-25,"877,442.62","36,131.81"
02PIFL2606-257,"943,120.49","30,226.29"
02PIFL2606-26,"533,598.21","18,048.17"
02PIFL2606-264,"322,364.80","10,647.28"
02PIFL2606-271,"234,028.72","6,538.02"
02PIFL2606-272,"350,750.51","11,086.13"
02PIFL2606-273,"395,332.06","13,800.54"
02PIFL2606-274,"600,700.83","21,298.86"
02PIFL2606-279,"547,278.25","19,975.03"
02PIFL2606-28,"96,165.03","9,520.38"
02PIFL2606-280,"176,981.09","5,248.31"
02PIFL2606-282,"1,026,417.33","32,348.07"
02PIFL2606-284,"956,921.65","30,795.42"
02PIFL2606-285,"724,420.77","23,958.85"
02PIFL2606-286,"1,939,279.22","67,935.45"
02PIFL2606-287,"267,784.52","9,383.07"
02PIFL2606-29,"974,820.40","27,651.99"
02PIFL2606-290,"812,146.25","38,958.40"
02PIFL2606-292,"637,558.32","23,048.24"
02PIFL2606-293,"315,531.45","19,466.55"
02PIFL2606-294,"247,098.55","7,835.68"
02PIFL2606-3,"580,881.47","19,333.00"
02PIFL2606-30,"574,055.52","18,281.89"
02PIFL2606-301,"484,583.01","14,218.95"
02PIFL2606-302,"1,252,016.15","60,196.45"
02PIFL2606-303,"106,050.58","13,123.66"
02PIFL2606-309,"1,040,015.65","36,602.19"
02PIFL2606-313,"796,563.37","27,038.06"
02PIFL2606-314,"227,452.17","14,798.10"
02PIFL2606-315,"331,256.70","9,757.41"
02PIFL2606-317,"207,252.31","12,442.83"
02PIFL2606-318,"1,097,575.44","31,322.20"
02PIFL2606-320,"1,080,463.55","38,705.05"
02PIFL2606-323,"541,673.20","30,543.79"
02PIFL2606-324,"382,309.50","13,705.00"
02PIFL2606-325,"868,740.52","28,980.24"
02PIFL2606-326,"291,310.98","14,402.71"
02PIFL2606-327,"452,850.39","14,574.83"
02PIFL2606-328,"970,022.72","33,656.83"
02PIFL2606-330,"524,517.54","18,519.65"
02PIFL2606-333,"317,724.61","9,283.28"
02PIFL2606-334,"815,456.58","26,474.33"
02PIFL2606-336,"670,693.00","24,040.73"
02PIFL2606-337,"2,335,294.61","66,496.95"
02PIFL2606-339,"300,642.97","11,414.32"
02PIFL2606-346,"613,240.56","18,117.23"
02PIFL2606-347,"414,434.36","18,569.75"
02PIFL2606-35,"742,962.24","25,115.39"
02PIFL2606-350,"408,662.62","15,563.90"
02PIFL2606-354,"340,790.51","15,053.91"
02PIFL2606-357,"319,797.42","9,339.37"
02PIFL2606-358,"291,969.58","9,275.10"
02PIFL2606-359,"374,916.99","12,335.40"
02PIFL2606-36,"324,231.76","8,970.35"
02PIFL2606-360,"456,060.69","16,539.39"
02PIFL2606-361,"1,986,058.69","59,807.30"
02PIFL2606-364,"300,430.08","9,581.90"
02PIFL2606-365,"982,040.61","33,534.91"
02PIFL2606-366,"515,042.35","19,738.29"
02PIFL2606-369,"745,608.64","28,790.75"
02PIFL2606-371,"1,065,597.83","31,386.33"
02PIFL2606-374,"1,340,936.10","40,197.61"
02PIFL2606-38,"1,174,801.52","39,240.45"
02PIFL2606-39,"720,753.97","27,009.53"
02PIFL2606-41,"1,314,300.85","46,513.55"
02PIFL2606-43,"306,227.33","6,555.83"
02PIFL2606-44,"1,475,476.77","46,336.81"
02PIFL2606-5,"1,910,209.45","64,940.93"
02PIFL2606-50,"432,784.03","12,530.72"
02PIFL2606-57,"861,915.92","28,010.18"
02PIFL2606-58,"211,279.35","13,317.94"
02PIFL2606-6,"420,010.54","15,396.73"
02PIFL2606-60,"457,116.18","16,233.34"
02PIFL2606-66,"326,494.53","8,992.50"
02PIFL2606-67,"531,265.66","24,182.94"
02PIFL2606-68,"985,487.58","31,114.94"
02PIFL2606-69,"929,351.96","35,258.12"
02PIFL2606-7,"1,382,023.86","37,026.09"
02PIFL2606-70,"521,559.08","25,040.98"
02PIFL2606-71,"607,605.26","21,890.60"
02PIFL2606-73,"492,419.31","13,889.22"
02PIFL2606-75,"288,871.16","10,254.29"
02PIFL2606-77,"266,110.56","9,512.67"
02PIFL2606-78,"292,321.83","7,705.83"
02PIFL2606-87,"279,812.65","8,341.88"
02PIFL2606-88,"547,719.13","17,039.33"
02PIFL2606-91,"373,062.78","9,520.53"
02PIFL2606-98,"456,683.41","21,538.81"
02PIFL2606-99,"443,653.86","16,996.08"
02PIFL2607-1,"2,242,512.77","79,733.43"
02PIFL2607-10,"1,433,096.81","43,321.01"
02PIFL2607-101,"3,568,812.61","120,963.85"
02PIFL2607-102,"2,006,456.73","77,154.75"
02PIFL2607-104,"1,457,412.78","55,078.86"
02PIFL2607-105,"1,317,084.55","44,812.25"
02PIFL2607-106,"1,377,879.70","46,870.35"
02PIFL2607-108,"943,524.00","39,862.19"
02PIFL2607-110,"3,074,934.23","106,831.74"
02PIFL2607-111,"1,299,740.34","44,692.77"
02PIFL2607-112,"1,234,911.63","74,170.40"
02PIFL2607-114,"751,857.88","25,445.11"
02PIFL2607-117,"1,663,338.02","49,627.00"
02PIFL2607-118,"1,755,355.99","49,250.58"
02PIFL2607-119,"1,295,169.10","28,888.62"
02PIFL2607-121,"1,702,083.77","57,428.86"
02PIFL2607-123,"1,566,526.28","47,577.56"
02PIFL2607-124,"1,266,956.01","35,437.30"
02PIFL2607-125,"5,460,000.00","182,900.77"
02PIFL2607-126,"888,526.07","35,437.39"
02PIFL2607-128,"1,563,375.10","47,983.32"
02PIFL2607-130,"748,000.29","21,373.66"
02PIFL2607-131,"754,734.29","26,189.92"
02PIFL2607-132,"1,745,382.38","48,706.27"
02PIFL2607-136,"725,186.28","21,260.26"
02PIFL2607-137,"1,244,306.21","29,392.21"
02PIFL2607-138,"1,319,724.59","35,211.62"
02PIFL2607-14,"2,602,732.30","87,720.44"
02PIFL2607-140,"749,555.36","25,372.97"
02PIFL2607-141,"1,546,652.47","20,678.57"
02PIFL2607-142,"1,130,426.66","33,369.57"
02PIFL2607-144,"1,203,341.40","32,572.47"
02PIFL2607-146,"1,298,847.46","6,806.14"
02PIFL2607-147,"1,578,997.57","53,193.04"
02PIFL2607-148,"1,299,380.44","7,313.81"
02PIFL2607-149,"926,122.45","31,497.88"
02PIFL2607-15,"711,500.76","19,467.58"
02PIFL2607-150,"2,430,666.53","78,983.70"
02PIFL2607-151,"3,415,502.70","114,728.31"
02PIFL2607-153,"1,929,108.97","59,560.92"
02PIFL2607-154,"2,214,474.47","75,118.28"
02PIFL2607-157,"4,100,355.61","161,920.93"
02PIFL2607-159,"1,548,641.52","41,864.00"
02PIFL2607-16,"2,199,687.82","73,948.01"
02PIFL2607-160,"1,753,178.67","54,755.75"
02PIFL2607-161,"5,446,994.86","148,138.70"
02PIFL2607-162,"1,548,964.33","25,605.19"
02PIFL2607-164,"1,441,443.95","38,831.33"
02PIFL2607-165,"1,218,191.11","27,267.88"
02PIFL2607-167,"749,316.65","20,798.00"
02PIFL2607-169,"1,729,090.23","58,397.99"
02PIFL2607-171,"1,673,573.81","56,122.42"
02PIFL2607-173,"1,541,965.10","52,017.50"
02PIFL2607-174,"4,862,850.97","130,868.51"
02PIFL2607-176,"1,564,923.68","42,847.15"
02PIFL2607-178,"749,661.79","23,494.99"
02PIFL2607-18,"1,745,382.38","48,706.02"
02PIFL2607-180,"1,732,662.62","48,836.96"
02PIFL2607-182,"2,291,411.24","76,374.10"
02PIFL2607-184,"772,336.82","12,801.21"
02PIFL2607-186,"1,185,782.69","6,725.37"
02PIFL2607-189,"1,399,175.34","23,053.25"
02PIFL2607-19,"2,293,211.39","78,488.12"
02PIFL2607-191,"1,842,923.54","61,439.83"
02PIFL2607-192,"1,753,547.72","39,460.66"
02PIFL2607-193,"1,415,386.17","47,861.20"
02PIFL2607-194,"1,661,644.92","44,890.27"
02PIFL2607-195,"739,692.77","24,846.56"
02PIFL2607-197,"771,092.65","10,239.04"
02PIFL2607-199,"755,616.57","25,427.01"
02PIFL2607-2,"1,171,139.32","39,220.40"
02PIFL2607-20,"1,368,924.39","26,464.11"
02PIFL2607-200,"574,942.61","19,532.16"
02PIFL2607-202,"749,555.36","25,531.59"
02PIFL2607-204,"1,021,899.65","28,497.99"
02PIFL2607-205,"1,745,014.17","46,761.41"
02PIFL2607-209,"4,514,562.42","126,092.31"
02PIFL2607-21,"1,286,005.51","48,705.15"
02PIFL2607-210,"1,161,399.15","70,014.96"
02PIFL2607-211,"1,129,150.12","43,351.74"
02PIFL2607-212,"1,137,747.81","38,557.99"
02PIFL2607-213,"1,745,382.36","43,535.78"
02PIFL2607-214,"3,334,846.39","110,469.83"
02PIFL2607-215,"1,497,744.84","54,400.35"
02PIFL2607-216,"1,291,229.49","42,444.30"
02PIFL2607-218,"751,106.06","20,273.13"
02PIFL2607-22,"1,637,089.24","57,182.65"
02PIFL2607-220,"1,244,409.36","28,083.14"
02PIFL2607-221,"1,302,622.99","36,910.88"
02PIFL2607-222,"574,942.61","19,050.66"
02PIFL2607-223,"1,448,992.38","7,169.51"
02PIFL2607-224,"1,314,950.85","44,251.06"
02PIFL2607-225,"1,162,411.79","38,758.02"
02PIFL2607-228,"1,906,053.39","64,115.20"
02PIFL2607-23,"2,084,813.98","80,512.13"
02PIFL2607-234,"772,336.82","11,683.68"
02PIFL2607-235,"570,842.32","19,418.14"
02PIFL2607-236,"1,738,188.68","79,972.53"
02PIFL2607-239,"1,286,079.21","36,897.01"
02PIFL2607-24,"1,369,491.09","37,017.19"
02PIFL2607-240,"1,430,284.94","48,337.20"
02PIFL2607-242,"1,387,201.56","10,509.83"
02PIFL2607-243,"642,270.43","20,813.89"
02PIFL2607-246,"3,147,256.98","107,690.47"
02PIFL2607-249,"741,211.52","21,061.63"
02PIFL2607-25,"2,849,822.77","79,300.59"
02PIFL2607-250,"1,291,229.49","43,305.31"
02PIFL2607-251,"1,549,125.55","20,539.45"
02PIFL2607-254,"1,217,921.88","36,973.91"
02PIFL2607-255,"4,360,466.30","117,072.55"
02PIFL2607-256,"2,186,678.07","58,639.35"
02PIFL2607-257,"948,204.22","25,203.56"
02PIFL2607-258,"1,296,837.07","36,248.07"
02PIFL2607-260,"1,494,262.34","49,726.99"
02PIFL2607-261,"1,375,717.54","46,309.36"
02PIFL2607-262,"1,245,125.20","27,792.91"
02PIFL2607-264,"1,296,959.39","28,995.70"
02PIFL2607-265,"1,261,560.49","80,751.68"
02PIFL2607-266,"1,094,266.10","36,792.35"
02PIFL2607-267,"1,568,582.54","42,557.25"
02PIFL2607-268,"1,543,687.11","20,497.41"
02PIFL2607-269,"1,290,291.84","34,775.47"
02PIFL2607-27,"723,168.60","24,249.81"
02PIFL2607-271,"2,859,039.90","77,211.13"
02PIFL2607-272,"1,239,525.74","42,052.94"
02PIFL2607-273,"1,246,125.96","29,355.35"
02PIFL2607-274,"1,417,357.25","39,711.27"
02PIFL2607-275,"3,097,833.35","95,574.09"
02PIFL2607-276,"2,082,374.88","58,286.16"
02PIFL2607-277,"1,676,803.60","55,883.89"
02PIFL2607-278,"1,975,331.63","65,572.14"
02PIFL2607-28,"1,436,947.91","47,349.59"
02PIFL2607-280,"1,660,656.54","44,839.07"
02PIFL2607-281,"1,387,007.45","47,703.16"
02PIFL2607-283,"580,000.00","59,193.50"
02PIFL2607-286,"944,520.73","31,848.65"
02PIFL2607-288,"542,665.35","23,490.24"
02PIFL2607-29,"1,342,084.50","44,827.02"
02PIFL2607-290,"4,771,530.87","170,638.48"
02PIFL2607-291,"1,290,094.35","34,677.36"
02PIFL2607-292,"4,846,029.57","201,210.14"
02PIFL2607-293,"2,582,970.55","94,295.90"
02PIFL2607-294,"1,376,911.17","27,903.05"
02PIFL2607-295,"1,293,619.63","35,077.94"
02PIFL2607-297,"2,298,132.37","69,260.86"
02PIFL2607-299,"447,404.52","15,140.44"
02PIFL2607-3,"1,743,291.08","38,998.50"
02PIFL2607-30,"1,246,701.69","34,960.22"
02PIFL2607-300,"3,219,013.40","115,346.61"
02PIFL2607-301,"1,291,229.49","37,829.07"
02PIFL2607-303,"3,576,586.14","173,272.76"
02PIFL2607-304,"609,363.25","20,477.70"
02PIFL2607-305,"1,357,461.18","40,227.89"
02PIFL2607-306,"1,247,621.72","41,847.94"
02PIFL2607-308,"1,929,301.25","77,278.90"
02PIFL2607-31,"1,745,495.08","61,767.42"
02PIFL2607-310,"1,161,812.98","32,577.79"
02PIFL2607-311,"740,660.33","21,792.22"
02PIFL2607-313,"944,842.37","32,103.37"
02PIFL2607-315,"1,298,564.49","36,419.74"
02PIFL2607-318,"1,344,347.80","48,310.61"
02PIFL2607-319,"836,245.99","22,990.70"
02PIFL2607-32,"1,826,518.22","55,920.63"
02PIFL2607-320,"2,316,901.89","62,910.11"
02PIFL2607-321,"1,291,043.08","21,357.28"
02PIFL2607-323,"748,021.02","20,811.71"
02PIFL2607-324,"575,594.36","21,063.28"
02PIFL2607-327,"1,020,935.49","28,545.42"
02PIFL2607-328,"1,287,115.97","43,060.05"
02PIFL2607-329,"769,941.60","19,153.30"
02PIFL2607-33,"822,508.26","14,052.49"
02PIFL2607-331,"1,477,118.52","52,669.71"
02PIFL2607-332,"2,591,646.98","95,083.72"
02PIFL2607-333,"1,736,634.68","50,070.27"
02PIFL2607-334,"1,307,587.74","29,102.16"
02PIFL2607-335,"1,868,637.81","62,128.48"
02PIFL2607-336,"1,741,615.21","58,323.96"
02PIFL2607-338,"5,759,855.00","191,958.98"
02PIFL2607-340,"593,000.00","23,333.16"
02PIFL2607-341,"1,592,227.01","28,664.19"
02PIFL2607-342,"1,750,000.00","62,725.91"
02PIFL2607-343,"1,466,600.11","39,749.32"
02PIFL2607-344,"1,925,391.81","60,904.51"
02PIFL2607-345,"1,074,579.62","41,520.04"
02PIFL2607-346,"577,781.44","19,398.49"
02PIFL2607-347,"2,418,061.19","80,100.01"
02PIFL2607-350,"2,002,132.21","72,443.69"
02PIFL2607-352,"1,295,761.73","43,343.10"
02PIFL2607-353,"883,569.96","35,466.99"
02PIFL2607-355,"1,003,023.48","32,609.56"
02PIFL2607-358,"4,488,263.34","122,153.83"
02PIFL2607-359,"1,290,554.66","41,015.57"
02PIFL2607-36,"1,290,882.31","35,384.68"
02PIFL2607-360,"748,712.97","12,398.08"
02PIFL2607-361,"1,121,016.19","36,197.71"
02PIFL2607-362,"2,701,193.82","86,781.24"
02PIFL2607-363,"3,170,824.68","124,440.94"
02PIFL2607-364,"1,754,582.66","13,429.89"
02PIFL2607-365,"574,942.61","19,405.61"
02PIFL2607-366,"1,246,701.69","34,889.80"
02PIFL2607-367,"1,995,830.80","67,623.43"
02PIFL2607-368,"1,387,201.56","10,641.02"
02PIFL2607-369,"923,987.49","33,552.51"
02PIFL2607-37,"1,755,243.98","47,009.02"
02PIFL2607-370,"3,841,110.00","158,989.95"
02PIFL2607-373,"1,510,820.88","40,898.72"
02PIFL2607-374,"743,475.14","21,903.36"
02PIFL2607-375,"1,299,984.11","34,911.98"
02PIFL2607-376,"2,583,224.33","86,663.35"
02PIFL2607-378,"2,123,696.91","75,012.55"
02PIFL2607-379,"3,503,621.49","116,539.83"
02PIFL2607-38,"1,742,791.02","59,079.63"
02PIFL2607-380,"2,458,545.26","92,576.08"
02PIFL2607-382,"2,019,299.86","54,231.40"
02PIFL2607-383,"5,760,251.54","190,793.94"
02PIFL2607-384,"959,434.20","32,331.63"
02PIFL2607-385,"1,499,319.13","50,430.91"
02PIFL2607-387,"2,299,174.53","76,589.76"
02PIFL2607-388,"2,225,454.72","65,064.55"
02PIFL2607-390,"1,185,427.30","7,130.09"
02PIFL2607-391,"2,083,997.88","70,148.12"
02PIFL2607-394,"2,411,085.48","80,921.54"
02PIFL2607-396,"1,761,237.20","51,670.22"
02PIFL2607-397,"1,445,306.95","32,077.26"
02PIFL2607-399,"1,222,134.46","34,401.72"
02PIFL2607-40,"740,166.31","21,580.29"
02PIFL2607-401,"1,227,358.08","35,950.33"
02PIFL2607-402,"4,413,869.03","126,248.16"
02PIFL2607-403,"808,845.34","13,531.57"
02PIFL2607-406,"2,514,058.25","92,746.93"
02PIFL2607-407,"1,303,281.51","36,336.50"
02PIFL2607-409,"1,654,756.25","44,535.60"
02PIFL2607-410,"812,199.36","13,431.02"
02PIFL2607-412,"1,164,754.38","39,286.93"
02PIFL2607-413,"1,405,776.38","46,778.45"
02PIFL2607-414,"1,194,941.32","33,921.54"
02PIFL2607-415,"1,291,229.49","43,329.33"
02PIFL2607-417,"1,895,294.24","52,661.25"
02PIFL2607-418,"3,053,178.27","91,229.98"
02PIFL2607-419,"1,126,766.67","37,769.58"
02PIFL2607-42,"1,106,088.29","30,081.50"
02PIFL2607-422,"770,430.48","11,234.93"
02PIFL2607-424,"1,658,555.80","37,000.27"
02PIFL2607-425,"1,745,382.38","48,328.19"
02PIFL2607-427,"1,992,088.31","55,376.10"
02PIFL2607-428,"824,510.83","27,103.08"
02PIFL2607-429,"5,550,885.46","161,627.13"
02PIFL2607-43,"1,498,326.88","49,961.88"
02PIFL2607-430,"1,743,225.01","61,602.69"
02PIFL2607-431,"1,598,582.49","47,336.09"
02PIFL2607-433,"746,136.49","9,811.19"
02PIFL2607-435,"1,411,999.43","47,460.00"
02PIFL2607-436,"1,743,051.11","48,644.32"
02PIFL2607-437,"1,312,689.01","56,658.36"
02PIFL2607-438,"3,398,218.32","179,187.35"
02PIFL2607-440,"1,137,679.65","38,616.08"
02PIFL2607-441,"1,298,262.93","43,994.90"
02PIFL2607-443,"1,165,155.64","31,542.47"
02PIFL2607-445,"782,351.30","21,127.48"
02PIFL2607-447,"1,299,224.74","7,742.31"
02PIFL2607-449,"1,194,036.50","27,024.29"
02PIFL2607-45,"1,729,270.17","58,189.59"
02PIFL2607-450,"1,298,395.50","35,564.87"
02PIFL2607-452,"2,274,790.90","62,835.34"
02PIFL2607-454,"1,725,480.53","57,642.31"
02PIFL2607-455,"731,795.18","22,715.00"
02PIFL2607-456,"749,555.36","24,811.37"
02PIFL2607-457,"1,306,543.37","33,768.80"
02PIFL2607-458,"1,302,060.23","47,397.34"
02PIFL2607-459,"4,211,950.32","141,741.45"
02PIFL2607-46,"1,588,872.34","54,845.56"
02PIFL2607-460,"734,263.71","20,523.91"
02PIFL2607-461,"999,974.65","30,130.64"
02PIFL2607-462,"2,461,392.31","84,613.36"
02PIFL2607-463,"1,788,342.51","66,056.26"
02PIFL2607-47,"1,685,653.05","60,801.13"
02PIFL2607-48,"1,457,544.61","48,754.27"
02PIFL2607-5,"2,036,925.75","73,535.46"
02PIFL2607-51,"1,792,962.18","48,664.23"
02PIFL2607-53,"913,172.56","28,023.48"
02PIFL2607-55,"743,285.59","20,611.20"
02PIFL2607-56,"2,890,457.01","105,695.54"
02PIFL2607-57,"2,192,899.73","59,219.66"
02PIFL2607-58,"837,113.46","13,881.45"
02PIFL2607-59,"1,343,528.28","44,738.21"
02PIFL2607-6,"1,315,068.58","35,297.68"
02PIFL2607-61,"1,290,160.82","34,650.79"
02PIFL2607-63,"1,865,016.30","62,390.14"
02PIFL2607-64,"1,111,609.64","42,204.45"
02PIFL2607-65,"1,821,621.93","67,378.55"
02PIFL2607-66,"1,451,413.03","55,104.48"
02PIFL2607-68,"1,503,415.43","51,084.14"
02PIFL2607-69,"1,744,434.36","51,126.50"
02PIFL2607-7,"1,278,160.15","34,668.76"
02PIFL2607-70,"747,134.46","19,921.19"
02PIFL2607-71,"1,399,718.26","49,379.07"
02PIFL2607-72,"1,517,174.37","51,207.77"
02PIFL2607-74,"1,296,593.84","41,366.58"
02PIFL2607-75,"1,468,002.51","50,104.50"
02PIFL2607-77,"1,311,094.53","43,880.37"
02PIFL2607-78,"1,165,904.60","32,487.98"
02PIFL2607-79,"747,422.72","12,365.03"
02PIFL2607-8,"1,793,430.00","60,093.23"
02PIFL2607-81,"1,291,348.93","34,643.42"
02PIFL2607-82,"1,437,579.49","19,130.33"
02PIFL2607-84,"1,548,964.33","25,600.53"
02PIFL2607-85,"750,535.36","20,320.50"
02PIFL2607-86,"1,507,412.11","50,991.99"
02PIFL2607-92,"1,300,285.46","36,419.60"
02PIFL2607-93,"2,303,893.19","63,995.28"
02PIFL2607-95,"1,844,798.63","52,602.63"
02PIFL2607-96,"1,246,701.69","29,999.75"
02PIFL2607-97,"767,483.13","15,338.06"
02PIFL2607-98,"2,536,493.14","79,778.11"
02PIFL2607-99,"735,826.14","25,186.05"
02PIFL2608-1,"715,163.98","26,648.63"
02PIFL2608-10,"1,995,000.00","60,341.54"
02PIFL2608-100,"3,373,000.00","112,989.76"
02PIFL2608-101,"3,423,498.14","115,557.68"
02PIFL2608-102,"1,105,699.72","37,322.51"
02PIFL2608-103,"450,480.13","18,154.51"
02PIFL2608-104,"1,230,244.36","41,626.37"
02PIFL2608-105,"2,326,159.71","62,356.59"
02PIFL2608-106,"1,319,048.25","35,602.55"
02PIFL2608-107,"1,246,701.69","34,741.35"
02PIFL2608-108,"3,445,139.35","112,062.54"
02PIFL2608-109,"1,714,750.00","59,375.31"
02PIFL2608-11,"525,881.93","20,176.95"
02PIFL2608-110,"4,339,680.00","144,809.76"
02PIFL2608-111,"1,795,268.67","39,880.78"
02PIFL2608-112,"867,589.46","24,594.92"
02PIFL2608-115,"808,579.72","26,748.97"
02PIFL2608-116,"1,207,853.01","34,641.93"
02PIFL2608-117,"2,208,922.84","73,616.77"
02PIFL2608-118,"886,370.91","25,879.10"
02PIFL2608-119,"875,653.45","21,670.20"
02PIFL2608-12,"724,611.15","27,169.22"
02PIFL2608-120,"2,426,000.00","89,722.91"
02PIFL2608-121,"1,248,353.93","34,894.88"
02PIFL2608-122,"1,083,587.84","39,959.28"
02PIFL2608-123,"391,149.87","7,549.76"
02PIFL2608-124,"2,609,958.14","97,382.63"
02PIFL2608-125,"2,328,318.70","70,548.49"
02PIFL2608-126,"1,383,539.67","38,450.72"
02PIFL2608-127,"1,789,640.20","49,868.91"
02PIFL2608-128,"4,756,139.15","128,369.60"
02PIFL2608-129,"1,897,865.02","63,373.31"
02PIFL2608-13,"1,205,125.73","34,658.30"
02PIFL2608-130,"1,098,163.12","32,719.85"
02PIFL2608-131,"2,475,752.28","82,023.63"
02PIFL2608-132,"1,390,086.25","38,588.99"
02PIFL2608-133,"1,309,990.23","54,824.86"
02PIFL2608-134,"1,397,337.41","45,908.95"
02PIFL2608-135,"245,360.86","25,331.35"
02PIFL2608-137,"5,597,028.35","227,259.00"
02PIFL2608-139,"5,218,302.11","139,060.51"
02PIFL2608-14,"306,588.64","11,488.74"
02PIFL2608-140,"342,683.32","10,125.09"
02PIFL2608-141,"1,383,800.13","40,644.54"
02PIFL2608-143,"1,100,692.75","30,432.60"
02PIFL2608-145,"1,551,953.61","43,236.67"
02PIFL2608-147,"542,865.40","17,656.72"
02PIFL2608-148,"3,215,000.00","112,233.76"
02PIFL2608-149,"1,746,373.63","55,662.35"
02PIFL2608-15,"1,117,044.71","31,210.36"
02PIFL2608-150,"1,639,472.96","45,928.43"
02PIFL2608-151,"1,315,270.79","35,526.56"
02PIFL2608-152,"1,042,832.83","33,756.90"
02PIFL2608-153,"1,198,419.78","33,576.54"
02PIFL2608-154,"415,180.42","11,990.98"
02PIFL2608-155,"1,656,841.64","55,371.64"
02PIFL2608-156,"405,110.68","15,833.49"
02PIFL2608-157,"2,328,318.70","77,839.40"
02PIFL2608-158,"628,864.18","16,429.56"
02PIFL2608-159,"1,525,962.86","42,330.69"
02PIFL2608-160,"796,599.75","21,686.72"
02PIFL2608-162,"849,272.79","33,259.93"
02PIFL2608-163,"1,966,899.96","65,415.08"
02PIFL2608-164,"800,212.47","22,048.07"
02PIFL2608-165,"529,330.77","15,557.45"
02PIFL2608-166,"6,000,000.00","263,330.97"
02PIFL2608-167,"1,024,795.09","27,494.37"
02PIFL2608-168,"398,090.05","14,909.43"
02PIFL2608-169,"559,009.79","18,848.89"
02PIFL2608-17,"1,671,204.35","56,150.55"
02PIFL2608-170,"1,145,988.92","31,800.72"
02PIFL2608-171,"693,844.63","20,683.08"
02PIFL2608-172,"792,742.05","27,585.08"
02PIFL2608-173,"3,470,311.84","124,924.04"
02PIFL2608-174,"496,880.84","23,981.69"
02PIFL2608-175,"1,319,027.94","35,496.16"
02PIFL2608-176,"675,475.71","18,778.32"
02PIFL2608-177,"1,680,503.09","51,548.40"
02PIFL2608-178,"363,894.75","14,205.03"
02PIFL2608-179,"675,584.39","23,416.71"
02PIFL2608-18,"1,298,564.49","36,307.44"
02PIFL2608-180,"853,875.65","24,795.49"
02PIFL2608-181,"1,624,000.00","55,674.74"
02PIFL2608-182,"622,234.61","31,620.66"
02PIFL2608-183,"1,296,252.01","34,400.41"
02PIFL2608-184,"2,335,000.00","73,287.84"
02PIFL2608-185,"3,498,677.16","117,548.15"
02PIFL2608-186,"1,099,597.78","36,701.19"
02PIFL2608-187,"1,751,618.12","67,721.41"
02PIFL2608-189,"1,243,317.91","47,389.57"
02PIFL2608-19,"2,785,349.94","99,013.58"
02PIFL2608-190,"1,438,076.56","48,544.18"
02PIFL2608-191,"958,173.48","32,341.78"
02PIFL2608-192,"143,575.40","6,878.04"
02PIFL2608-193,"593,078.02","21,514.54"
02PIFL2608-195,"206,999.28","11,814.76"
02PIFL2608-196,"607,058.80","20,014.31"
02PIFL2608-197,"406,833.36","13,375.57"
02PIFL2608-198,"515,467.37","28,019.95"
02PIFL2608-2,"1,553,669.84","37,765.73"
02PIFL2608-20,"569,219.60","23,073.98"
02PIFL2608-200,"807,005.01","26,755.36"
02PIFL2608-201,"572,709.20","23,193.49"
02PIFL2608-202,"742,278.64","24,968.81"
02PIFL2608-203,"3,020,220.00","137,695.46"
02PIFL2608-204,"860,484.27","23,591.67"
02PIFL2608-205,"1,434,109.00","40,034.60"
02PIFL2608-206,"1,746,108.24","56,899.67"
02PIFL2608-207,"1,198,419.78","33,509.75"
02PIFL2608-21,"934,278.06","26,101.74"
02PIFL2608-22,"1,640,175.21","56,658.08"
02PIFL2608-23,"323,499.96","8,267.69"
02PIFL2608-24,"572,883.64","25,833.93"
02PIFL2608-26,"2,112,137.35","79,030.94"
02PIFL2608-27,"369,502.69","12,323.42"
02PIFL2608-28,"2,048,000.00","71,232.35"
02PIFL2608-3,"724,045.28","20,298.98"
02PIFL2608-30,"244,663.44","7,162.38"
02PIFL2608-31,"1,027,422.99","33,944.97"
02PIFL2608-32,"495,680.57","21,633.91"
02PIFL2608-34,"553,706.74","14,631.22"
02PIFL2608-35,"1,311,161.89","37,300.99"
02PIFL2608-36,"614,017.99","22,844.97"
02PIFL2608-37,"1,394,448.47","38,181.97"
02PIFL2608-38,"555,415.94","17,989.40"
02PIFL2608-39,"1,767,244.53","49,416.31"
02PIFL2608-4,"563,295.11","20,886.28"
02PIFL2608-40,"1,261,364.79","33,334.75"
02PIFL2608-41,"454,097.62","14,040.05"
02PIFL2608-42,"2,369,300.00","79,703.03"
02PIFL2608-43,"880,051.45","28,244.18"
02PIFL2608-44,"945,766.74","31,120.10"
02PIFL2608-45,"934,193.97","33,198.90"
02PIFL2608-46,"1,914,930.00","68,455.41"
02PIFL2608-47,"578,951.17","17,675.49"
02PIFL2608-48,"1,088,824.29","30,452.31"
02PIFL2608-49,"362,160.47","11,877.41"
02PIFL2608-5,"1,439,632.73","48,145.71"
02PIFL2608-50,"1,246,923.36","27,955.83"
02PIFL2608-51,"1,761,514.79","47,294.26"
02PIFL2608-52,"1,383,875.68","45,790.29"
02PIFL2608-53,"1,918,951.08","81,702.67"
02PIFL2608-54,"1,038,331.72","32,873.09"
02PIFL2608-55,"1,034,560.91","22,904.79"
02PIFL2608-56,"4,145,280.00","139,191.70"
02PIFL2608-57,"2,315,000.00","79,545.60"
02PIFL2608-58,"3,705,062.85","99,112.11"
02PIFL2608-59,"1,009,036.04","34,762.95"
02PIFL2608-6,"1,438,072.86","48,007.35"
02PIFL2608-60,"856,103.39","23,637.87"
02PIFL2608-61,"1,180,061.23","26,449.48"
02PIFL2608-62,"2,711,104.08","101,187.48"
02PIFL2608-63,"529,541.31","19,374.72"
02PIFL2608-64,"3,240,822.19","108,293.00"
02PIFL2608-65,"1,916,364.70","50,954.34"
02PIFL2608-66,"1,468,335.34","36,756.15"
02PIFL2608-67,"1,322,022.43","36,839.27"
02PIFL2608-68,"3,183,000.00","106,840.69"
02PIFL2608-69,"1,298,564.49","36,244.53"
02PIFL2608-7,"498,689.53","13,866.95"
02PIFL2608-70,"415,945.12","11,051.13"
02PIFL2608-71,"939,654.23","28,082.74"
02PIFL2608-72,"1,343,939.55","44,994.20"
02PIFL2608-73,"1,507,646.67","40,799.11"
02PIFL2608-74,"1,302,934.40","38,212.63"
02PIFL2608-75,"808,085.47","31,804.92"
02PIFL2608-76,"708,151.68","21,220.57"
02PIFL2608-77,"574,171.66","19,513.14"
02PIFL2608-78,"1,243,360.96","35,533.59"
02PIFL2608-79,"662,126.96","20,712.88"
02PIFL2608-8,"957,260.85","31,963.10"
02PIFL2608-80,"5,482,560.36","146,494.66"
02PIFL2608-81,"667,393.86","28,759.53"
02PIFL2608-82,"5,006,500.00","298,269.95"
02PIFL2608-83,"2,301,662.46","75,795.25"
02PIFL2608-84,"952,197.61","40,413.61"
02PIFL2608-85,"1,246,117.40","29,224.09"
02PIFL2608-86,"1,562,285.27","43,062.67"
02PIFL2608-87,"340,890.98","11,625.26"
02PIFL2608-88,"852,824.60","22,951.16"
02PIFL2608-89,"1,254,587.06","38,035.57"
02PIFL2608-9,"1,014,512.07","29,329.05"
02PIFL2608-91,"477,554.72","16,528.84"
02PIFL2608-92,"1,995,000.00","66,829.62"
02PIFL2608-93,"984,290.01","32,885.59"
02PIFL2608-94,"3,943,683.28","132,042.32"
02PIFL2608-95,"1,278,314.43","35,800.60"
02PIFL2608-96,"365,473.44","10,336.30"
02PIFL2608-98,"2,074,816.00","69,643.38"
02PIFL2608-99,"974,047.15","27,262.79"
02PIRL2606-10,"850,135.11","34,775.97"
02PIRL2606-13,"1,095,476.14","38,466.48"
02PIRL2606-14,"1,147,819.37","71,734.72"
02PIRL2606-15,"1,182,202.72","42,621.76"
02PIRL2606-17,"714,514.16","67,642.04"
02PIRL2606-18,"832,151.23","31,987.97"
02PIRL2606-19,"560,918.36","23,700.83"
02PIRL2606-20,"1,840,917.35","71,376.88"
02PIRL2606-22,"521,275.76","25,220.28"
02PIRL2606-23,"966,531.89","37,013.32"
02PIRL2606-24,"566,003.42","23,985.63"
02PIRL2606-25,"1,293,501.93","52,049.76"
02PIRL2606-27,"363,708.72","15,277.66"
02PIRL2606-28,"636,880.83","25,989.21"
02PIRL2606-29,"648,991.71","27,747.46"
02PIRL2606-3,"519,186.14","26,705.43"
02PIRL2606-32,"279,777.21","14,389.82"
02PIRL2606-33,"1,010,139.90","35,831.56"
02PIRL2606-35,"1,357,269.48","56,249.43"
02PIRL2606-4,"106,902.59","20,170.80"
02PIRL2606-5,"1,082,644.79","46,625.68"
02PIRL2606-6,"777,488.90","35,259.68"
02PIRL2606-7,"446,760.42","23,527.78"
02PIRL2606-8,"744,202.09","27,377.39"
02PIRL2606-9,"219,716.25","20,472.70"
02PIRL2607-1,"1,902,206.32","70,878.85"
02PIRL2607-10,"236,141.56","15,586.54"
02PIRL2607-12,"612,855.95","24,454.45"
02PIRL2607-13,"938,867.99","25,689.30"
02PIRL2607-14,"1,565,637.06","54,188.25"
02PIRL2607-16,"557,418.09","17,374.39"
02PIRL2607-17,"736,929.56","21,733.35"
02PIRL2607-18,"588,423.75","17,062.48"
02PIRL2607-19,"781,935.59","27,065.66"
02PIRL2607-2,"601,130.03","32,975.17"
02PIRL2607-20,"435,414.95","12,833.61"
02PIRL2607-21,"1,136,840.92","30,965.68"
02PIRL2607-22,"277,930.37","7,494.24"
02PIRL2607-23,"948,689.48","33,563.77"
02PIRL2607-24,"2,589,492.33","72,610.37"
02PIRL2607-25,"675,941.91","26,420.76"
02PIRL2607-27,"635,800.97","21,405.13"
02PIRL2607-28,"1,499,304.13","45,016.16"
02PIRL2607-29,"786,669.85","27,035.77"
02PIRL2607-3,"1,165,222.90","39,193.36"
02PIRL2607-31,"1,418,934.44","40,391.58"
02PIRL2607-5,"1,235,671.48","42,259.40"
02PIRL2607-7,"1,744,461.82","53,472.01"
02PIRL2607-8,"376,474.98","10,965.10"
02PIRL2608-1,"1,082,293.14","37,037.14"
02PIRL2608-10,"644,541.06","30,130.41"
02PIRL2608-11,"428,280.85","14,824.06"
02PIRL2608-12,"1,694,545.75","50,897.35"
02PIRL2608-13,"450,116.22","22,302.06"
02PIRL2608-14,"520,264.64","20,750.94"
02PIRL2608-15,"680,303.60","28,256.78"
02PIRL2608-16,"164,268.71","8,339.34"
02PIRL2608-17,"1,589,239.30","51,955.93"
02PIRL2608-18,"1,344,075.04","46,867.05"
02PIRL2608-19,"829,240.89","31,890.15"
02PIRL2608-2,"586,066.61","19,531.62"
02PIRL2608-20,"2,298,494.08","62,949.92"
02PIRL2608-21,"383,728.78","25,394.16"
02PIRL2608-22,"660,698.98","21,389.91"
02PIRL2608-23,"387,230.37","21,612.23"
02PIRL2608-24,"1,420,199.08","66,742.41"
02PIRL2608-26,"1,450,170.09","46,375.33"
02PIRL2608-27,"570,050.01","25,582.75"
02PIRL2608-28,"547,230.22","19,096.62"
02PIRL2608-29,"556,651.86","18,837.68"
02PIRL2608-3,"725,660.17","31,479.89"
02PIRL2608-30,"505,598.10","15,925.09"
02PIRL2608-31,"512,520.71","17,062.15"
02PIRL2608-32,"351,417.96","12,667.81"
02PIRL2608-33,"611,607.03","23,407.53"
02PIRL2608-34,"730,090.98","51,004.63"
02PIRL2608-35,"1,158,570.36","33,620.77"
02PIRL2608-4,"1,362,648.33","43,213.26"
02PIRL2608-5,"516,217.42","17,185.09"
02PIRL2608-6,"685,490.27","27,366.61"
02PIRL2608-7,"896,829.44","26,652.14"
02PIRL2608-8,"696,520.96","26,252.17"
02PIRL2608-9,"389,360.43","11,766.97"
02PISL2608-1,"755,208.92","14,351.12"
02PISL2608-10,"368,726.16","8,540.24"
02PISL2608-11,"442,073.01","10,287.23"
02PISL2608-13,"844,279.05","17,771.83"
02PISL2608-14,"765,492.59","14,302.20"
02PISL2608-15,"271,423.41","6,888.42"
02PISL2608-16,"779,314.06","18,049.14"
02PISL2608-17,"439,883.84","10,123.55"
02PISL2608-18,"511,559.20","9,695.60"
02PISL2608-2,"643,535.33","15,001.00"
02PISL2608-20,"397,244.00","9,088.65"
02PISL2608-21,"838,558.53","13,873.59"
02PISL2608-22,"771,037.62","10,171.63"
02PISL2608-23,"812,199.36","13,344.03"
02PISL2608-24,"793,567.01","20,382.54"
02PISL2608-25,"810,983.84","10,846.32"
02PISL2608-26,"1,553,699.45","29,055.06"
02PISL2608-27,"401,507.57","9,393.90"
02PISL2608-28,"1,553,076.11","32,375.86"
02PISL2608-29,"812,199.36","13,422.26"
02PISL2608-3,"485,748.68","9,030.71"
02PISL2608-31,"745,104.77","18,532.26"
02PISL2608-32,"439,372.49","10,591.92"
02PISL2608-33,"357,867.48","6,678.97"
02PISL2608-34,"769,538.72","14,362.47"
02PISL2608-36,"680,574.25","17,268.86"
02PISL2608-37,"1,297,769.15","21,412.49"
02PISL2608-38,"759,095.12","17,518.80"
02PISL2608-39,"835,678.05","11,008.77"
02PISL2608-4,"761,933.06","14,274.94"
02PISL2608-40,"772,336.82","12,768.90"
02PISL2608-41,"1,513,006.58","25,963.72"
02PISL2608-43,"773,670.07","12,800.07"
02PISL2608-44,"580,956.89","11,124.74"
02PISL2608-45,"810,806.51","10,646.34"
02PISL2608-5,"1,554,328.13","25,665.65"
02PISL2608-6,"452,041.25","10,395.32"
02PISL2608-7,"1,297,769.15","21,429.21"
02PITL2606-10,"1,015,421.09","39,485.01"
02PITL2606-12,"367,120.81","14,728.80"
02PITL2606-13,"159,238.39","19,530.61"
02PITL2606-14,"317,435.35","17,804.37"
02PITL2606-16,"607,893.47","32,207.32"
02PITL2606-17,"982,642.18","52,519.78"
02PITL2606-18,"359,656.57","21,926.01"
02PITL2606-19,"405,711.48","16,370.32"
02PITL2606-2,"330,676.33","14,141.55"
02PITL2606-20,"738,608.82","47,208.10"
02PITL2606-21,"2,628,619.11","105,911.32"
02PITL2606-22,"303,317.19","15,125.09"
02PITL2606-23,"200,044.93","9,098.42"
02PITL2606-24,"428,882.57","15,669.68"
02PITL2606-25,"361,084.91","12,901.65"
02PITL2606-26,"511,929.92","20,940.11"
02PITL2606-27,"1,502,188.74","53,324.15"
02PITL2606-28,"1,880,635.50","65,084.43"
02PITL2606-29,"1,582,553.72","57,108.99"
02PITL2606-3,"697,855.73","26,642.34"
02PITL2606-30,"1,001,867.12","41,843.01"
02PITL2606-31,"971,108.17","39,901.13"
02PITL2606-32,"168,859.25","9,251.51"
02PITL2606-33,"521,795.56","27,501.98"
02PITL2606-34,"539,772.51","18,523.96"
02PITL2606-35,"1,397,527.03","51,505.55"
02PITL2606-36,"1,592,008.45","57,730.41"
02PITL2606-37,"345,403.89","13,672.88"
02PITL2606-38,"1,059,981.72","56,652.06"
02PITL2606-4,"980,596.38","52,763.02"
02PITL2606-5,"1,365,292.80","50,613.40"
02PITL2606-6,"454,361.95","16,949.50"
02PITL2606-7,"733,829.57","31,323.83"
02PITL2606-8,"1,554,177.78","65,440.45"
02PITL2606-9,"800,209.88","39,860.99"
02PITL2607-1,"707,249.71","23,507.60"
02PITL2607-10,"977,598.46","42,632.78"
02PITL2607-11,"322,025.48","11,169.54"
02PITL2607-12,"3,352,826.55","163,413.09"
02PITL2607-13,"663,109.49","22,721.28"
02PITL2607-14,"645,748.89","20,743.13"
02PITL2607-16,"424,914.82","19,694.65"
02PITL2607-17,"1,623,875.53","53,987.08"
02PITL2607-18,"855,416.06","30,725.74"
02PITL2607-19,"739,435.03","23,204.22"
02PITL2607-2,"2,183,259.96","74,578.23"
02PITL2607-20,"1,821,211.41","53,800.38"
02PITL2607-21,"480,377.79","23,466.85"
02PITL2607-22,"425,433.49","14,253.66"
02PITL2607-23,"878,226.62","30,280.30"
02PITL2607-24,"71,414.61","44,797.91"
02PITL2607-25,"789,765.88","41,727.16"
02PITL2607-27,"253,642.72","7,492.87"
02PITL2607-28,"662,038.63","21,773.42"
02PITL2607-3,"771,133.71","24,610.26"
02PITL2607-4,"347,561.31","14,120.54"
02PITL2607-5,"207,733.92","6,600.30"
02PITL2607-6,"1,451,065.67","43,272.21"
02PITL2607-7,"336,087.78","18,551.66"
02PITL2607-8,"466,407.46","17,843.59"
02PITL2608-1,"514,343.77","16,067.16"
02PITL2608-10,"680,531.83","33,369.38"
02PITL2608-11,"406,791.48","19,568.18"
02PITL2608-12,"704,877.64","21,990.99"
02PITL2608-13,"922,464.94","31,430.36"
02PITL2608-14,"722,929.88","33,116.40"
02PITL2608-15,"246,780.52","10,944.38"
02PITL2608-16,"1,617,427.49","50,485.87"
02PITL2608-17,"716,799.20","26,013.21"
02PITL2608-18,"605,600.30","20,189.54"
02PITL2608-2,"929,312.52","29,443.27"
02PITL2608-20,"180,453.03","17,580.67"
02PITL2608-21,"540,481.73","20,290.39"
02PITL2608-22,"523,698.77","20,821.17"
02PITL2608-23,"122,103.81","28,687.03"
02PITL2608-24,"680,085.34","22,545.85"
02PITL2608-25,"497,241.69","32,862.22"
02PITL2608-26,"1,192,090.48","33,566.93"
02PITL2608-27,"501,070.72","19,702.39"
02PITL2608-3,"849,322.15","69,991.76"
02PITL2608-4,"659,471.37","22,575.59"
02PITL2608-5,"640,953.17","19,992.18"
02PITL2608-6,"478,258.12","18,119.46"
02PITL2608-7,"773,522.24","30,395.83"
02PITL2608-8,"756,026.93","25,959.37"
02PITL2608-9,"160,280.14","17,438.39"
02PKFL2606-1,"970,458.14","60,820.36"
02PKFL2606-12,"982,101.66","21,533.69"
02PKFL2606-13,"1,163,535.78","63,437.17"
02PKFL2606-14,"2,556,487.89","94,285.76"
02PKFL2606-15,"811,390.55","20,909.80"
02PKFL2606-17,"696,823.14","20,957.71"
02PKFL2606-19,"1,715,003.17","117,916.00"
02PKFL2606-4,"1,108,698.08","37,822.54"
02PKFL2606-6,"1,560,736.33","84,280.31"
02PKFL2606-7,"978,354.67","37,481.04"
02PKFL2607-1,"4,039,200.00","270,085.50"
02PKFL2607-12,"862,291.55","28,122.87"
02PKFL2607-13,"424,307.02","13,023.14"
02PKFL2607-15,"985,600.54","42,039.31"
02PKFL2607-16,"1,130,667.27","38,555.55"
02PKFL2607-18,"1,145,908.36","45,748.19"
02PKFL2607-20,"846,141.78","38,607.44"
02PKFL2607-23,"477,990.34","27,927.57"
02PKFL2607-24,"975,431.87","40,028.78"
02PKFL2607-26,"473,486.82","31,474.30"
02PKFL2607-28,"1,121,043.51","47,062.55"
02PKFL2607-29,"1,144,468.42","26,818.33"
02PKFL2607-3,"1,081,274.25","31,031.53"
02PKFL2607-4,"1,258,983.05","73,522.83"
02PKFL2607-5,"2,860,533.67","86,403.23"
02PKFL2607-7,"1,039,140.00","48,699.64"
02PKFL2607-8,"1,698,128.38","71,161.29"
02PKFL2607-9,"222,313.45","19,175.34"
02PKFL2608-1,"790,656.44","29,819.57"
02PKFL2608-10,"934,076.58","50,740.93"
02PKFL2608-11,"414,840.07","19,510.49"
02PKFL2608-12,"1,264,863.47","52,627.83"
02PKFL2608-13,"3,436,798.74","79,705.24"
02PKFL2608-14,"542,236.30","24,691.94"
02PKFL2608-15,"901,536.74","25,585.73"
02PKFL2608-17,"798,833.61","35,067.12"
02PKFL2608-18,"427,188.06","15,468.86"
02PKFL2608-19,"1,178,538.54","80,015.21"
02PKFL2608-2,"546,693.92","23,108.79"
02PKFL2608-21,"1,044,144.59","34,482.86"
02PKFL2608-22,"456,797.43","22,153.47"
02PKFL2608-23,"857,197.06","26,765.70"
02PKFL2608-24,"706,723.23","22,423.08"
02PKFL2608-25,"338,906.46","17,379.67"
02PKFL2608-27,"995,777.01","44,355.26"
02PKFL2608-29,"616,580.98","31,077.88"
02PKFL2608-3,"1,106,983.41","44,941.98"
02PKFL2608-31,"917,008.99","31,774.85"
02PKFL2608-32,"4,583,513.32","132,277.86"
02PKFL2608-33,"441,024.36","18,274.41"
02PKFL2608-34,"1,722,340.62","66,179.47"
02PKFL2608-35,"755,056.82","34,652.43"
02PKFL2608-36,"856,398.84","21,455.50"
02PKFL2608-37,"407,405.96","26,323.71"
02PKFL2608-38,"1,061,834.15","43,846.17"
02PKFL2608-39,"2,208,425.86","74,650.53"
02PKFL2608-4,"2,718,148.13","137,145.87"
02PKFL2608-40,"846,286.10","37,906.57"
02PKFL2608-41,"852,329.69","36,016.76"
02PKFL2608-42,"895,045.00","35,712.87"
02PKFL2608-43,"1,553,618.31","53,178.88"
02PKFL2608-44,"1,021,209.09","20,585.57"
02PKFL2608-45,"1,446,004.49","36,096.49"
02PKFL2608-46,"700,233.68","12,280.00"
02PKFL2608-47,"866,538.57","25,344.53"
02PKFL2608-48,"691,235.03","25,012.47"
02PKFL2608-49,"848,794.31","35,084.56"
02PKFL2608-5,"418,831.85","13,758.45"
02PKFL2608-50,"826,746.56","30,820.97"
02PKFL2608-51,"772,245.83","9,407.89"
02PKFL2608-52,"4,008,141.74","161,271.96"
02PKFL2608-53,"853,442.29","33,214.50"
02PKFL2608-54,"430,009.73","15,939.96"
02PKFL2608-56,"404,530.20","9,085.91"
02PKFL2608-57,"871,462.22","40,912.79"
02PKFL2608-58,"837,345.87","29,821.88"
02PKFL2608-59,"963,935.97","47,755.60"
02PKFL2608-6,"412,138.27","9,305.79"
02PKFL2608-60,"860,676.05","35,480.27"
02PKFL2608-61,"826,515.35","35,379.33"
02PKFL2608-62,"1,693,655.65","58,715.21"
02PKFL2608-63,"422,721.30","17,513.69"
02PKFL2608-64,"891,564.28","41,772.13"
02PKFL2608-66,"426,783.81","18,224.43"
02PKFL2608-67,"2,006,025.73","78,742.33"
02PKFL2608-7,"824,029.30","29,154.07"
02PKFL2608-70,"851,458.53","17,721.24"
02PKFL2608-71,"464,864.30","6,650.10"
02PKFL2608-72,"1,619,575.53","67,067.35"
02PKFL2608-73,"943,352.42","20,453.12"
02PKFL2608-74,"700,896.17","32,635.80"
02PKFL2608-75,"956,294.14","35,466.24"
02PKFL2608-77,"970,088.22","27,163.81"
02PKFL2608-78,"1,131,613.80","40,142.32"
02PKFL2608-8,"973,880.40","25,154.05"
02PKFL2608-80,"852,893.48","24,733.83"
02PKFL2608-82,"874,422.26","21,810.36"
02PKFL2608-83,"1,318,904.25","46,245.86"
02PKFL2608-85,"857,805.80","22,367.05"
02PKFL2608-86,"692,816.50","7,615.48"
02PKFL2608-87,"409,807.14","13,015.08"
02PKFL2608-88,"961,097.91","40,449.14"
02PKFL2608-9,"929,829.93","46,650.76"
02PKRL2606-2,"407,869.71","13,882.78"
02PKRL2606-3,"387,235.30","12,094.29"
02PKRL2606-4,"760,681.70","33,406.24"
02PKRL2606-5,"924,861.59","69,615.09"
02PKRL2607-1,"1,001,350.10","36,006.04"
02PKRL2607-3,"802,872.41","17,338.03"
02PKRL2607-5,"1,197,226.33","22,648.42"
02PKRL2607-6,"955,994.94","51,220.10"
02PKRL2607-8,"931,424.63","21,036.71"
02PKRL2607-9,"898,412.05","41,573.97"
02PKRL2608-1,"279,055.22","13,782.16"
02PKRL2608-2,"2,193,204.92","77,054.45"
02PKRL2608-3,"533,716.44","26,993.53"
02PKRL2608-4,"815,869.15","30,755.01"
02PKRL2608-5,"840,183.91","34,102.73"
02PKRL2608-6,"2,849,052.06","88,834.90"
02PKRL2608-7,"863,600.53","32,854.94"
02PKRL2608-8,"174,130.97","7,645.70"
02PKTL2606-1,"440,169.80","13,328.63"
02PKTL2606-10,"1,069,869.27","55,981.96"
02PKTL2606-11,"426,235.91","15,113.65"
02PKTL2606-2,"278,301.67","10,746.94"
02PKTL2606-3,"1,919,994.90","126,920.87"
02PKTL2606-4,"846,936.93","38,998.52"
02PKTL2606-5,"385,242.28","8,545.63"
02PKTL2606-6,"890,985.74","56,719.87"
02PKTL2606-8,"867,110.08","55,858.31"
02PKTL2606-9,"900,168.25","57,126.63"
02PKTL2607-1,"902,370.99","75,308.79"
02PKTL2607-2,"1,165,438.75","53,884.32"
02PKTL2607-3,"323,898.97","17,180.16"
02PKTL2607-4,"307,299.47","10,575.36"
02PKTL2607-5,"1,259,324.44","62,683.66"
02PKTL2607-6,"967,499.17","46,789.76"
02PKTL2608-1,"575,753.39","24,559.08"
02PKTL2608-2,"941,657.03","39,046.00"
02PKTL2608-3,"1,062,216.73","35,269.31"
02PKTL2608-4,"2,776,714.95","92,276.41"
02PKTL2608-5,"738,499.42","28,978.57"
02PKTL2608-6,"551,890.82","17,237.78"
02PKTL2608-7,"981,106.67","42,880.56"
02PKTL2608-8,"543,724.65","16,899.48"
02PLFL2606-12,"677,714.25","26,879.57"
02PLFL2606-14,"940,440.59","52,203.27"
02PLFL2606-17,"376,599.28","9,671.25"
02PLFL2606-19,"190,927.83","5,693.00"
02PLFL2606-2,"558,113.79","49,608.09"
02PLFL2606-20,"388,329.34","31,263.08"
02PLFL2606-21,"300,906.43","13,901.28"
02PLFL2606-24,"630,782.19","19,074.34"
02PLFL2606-25,"402,591.11","22,716.88"
02PLFL2606-27,"263,314.67","31,697.09"
02PLFL2606-28,"541,164.15","13,256.12"
02PLFL2606-3,"685,001.09","48,964.13"
02PLFL2606-5,"601,085.62","24,777.99"
02PLFL2606-6,"1,275,633.37","81,444.55"
02PLFL2607-1,"1,924,481.98","39,393.97"
02PLFL2607-12,"947,129.64","20,322.57"
02PLFL2607-14,"1,768,957.65","115,473.66"
02PLFL2607-15,"1,022,196.61","42,283.43"
02PLFL2607-16,"1,341,587.24","34,522.01"
02PLFL2607-17,"1,470,015.13","80,495.38"
02PLFL2607-18,"2,770,395.99","153,065.53"
02PLFL2607-19,"1,384,857.79","28,299.96"
02PLFL2607-2,"693,913.98","85,413.14"
02PLFL2607-20,"999,006.28","13,814.55"
02PLFL2607-21,"1,238,051.22","27,414.10"
02PLFL2607-25,"919,157.96","18,314.59"
02PLFL2607-28,"1,292,459.81","45,658.54"
02PLFL2607-29,"1,760,930.24","96,771.25"
02PLFL2607-3,"280,269.96","17,549.88"
02PLFL2607-30,"547,267.92","29,151.68"
02PLFL2607-31,"1,639,610.46","54,742.87"
02PLFL2607-33,"595,009.80","18,968.56"
02PLFL2607-35,"1,673,367.85","73,991.09"
02PLFL2607-38,"2,240,027.21","46,550.97"
02PLFL2607-6,"1,701,503.61","12,463.23"
02PLFL2607-7,"457,900.96","6,012.83"
02PLFL2607-9,"455,959.42","20,056.35"
02PLFL2608-100,"1,607,598.99","64,219.54"
02PLFL2608-101,"1,027,582.32","36,539.84"
02PLFL2608-102,"1,186,723.18","31,762.50"
02PLFL2608-103,"681,346.12","24,520.72"
02PLFL2608-104,"3,100,264.33","94,324.89"
02PLFL2608-105,"840,116.43","18,713.17"
02PLFL2608-107,"744,224.84","26,002.19"
02PLFL2608-108,"1,986,555.73","66,809.97"
02PLFL2608-109,"1,455,822.41","58,800.56"
02PLFL2608-11,"604,368.53","22,494.09"
02PLFL2608-110,"2,325,000.00","100,109.63"
02PLFL2608-111,"2,176,809.83","59,656.62"
02PLFL2608-112,"1,557,199.79","64,472.93"
02PLFL2608-113,"2,490,492.12","83,709.52"
02PLFL2608-114,"2,220,325.39","87,687.44"
02PLFL2608-115,"312,752.39","8,633.15"
02PLFL2608-116,"921,512.77","38,822.52"
02PLFL2608-117,"1,153,207.55","38,049.37"
02PLFL2608-119,"355,940.29","26,769.26"
02PLFL2608-12,"1,121,452.31","53,924.69"
02PLFL2608-120,"1,017,719.03","36,368.01"
02PLFL2608-121,"2,186,061.39","86,611.41"
02PLFL2608-122,"572,786.68","23,976.12"
02PLFL2608-123,"1,430,633.77","29,982.58"
02PLFL2608-124,"726,280.67","45,983.03"
02PLFL2608-125,"454,861.75","21,822.83"
02PLFL2608-126,"459,914.03","17,962.24"
02PLFL2608-128,"2,173,363.05","66,972.85"
02PLFL2608-129,"2,381,693.35","82,154.92"
02PLFL2608-13,"928,997.18","15,686.48"
02PLFL2608-130,"1,675,836.94","59,955.24"
02PLFL2608-131,"3,141,474.13","87,214.20"
02PLFL2608-133,"696,295.56","28,795.25"
02PLFL2608-135,"1,242,683.82","42,308.60"
02PLFL2608-136,"2,275,540.92","94,300.27"
02PLFL2608-137,"1,272,617.38","29,200.52"
02PLFL2608-138,"1,255,527.17","50,809.42"
02PLFL2608-139,"1,328,312.90","61,161.55"
02PLFL2608-140,"2,485,012.32","86,337.74"
02PLFL2608-141,"2,387,559.59","102,713.56"
02PLFL2608-142,"1,018,268.74","34,062.07"
02PLFL2608-143,"1,024,031.47","41,630.39"
02PLFL2608-144,"1,132,605.88","48,642.43"
02PLFL2608-145,"1,921,370.97","78,953.10"
02PLFL2608-147,"1,404,059.89","67,116.95"
02PLFL2608-148,"1,652,769.60","75,532.97"
02PLFL2608-149,"1,649,714.42","29,063.32"
02PLFL2608-15,"2,500,000.00","179,360.45"
02PLFL2608-151,"1,057,072.15","54,740.66"
02PLFL2608-152,"2,911,159.20","81,639.20"
02PLFL2608-153,"465,991.26","18,522.90"
02PLFL2608-154,"1,160,554.52","23,088.79"
02PLFL2608-155,"1,358,756.17","64,159.99"
02PLFL2608-156,"1,457,715.99","19,920.29"
02PLFL2608-157,"1,397,340.65","26,679.57"
02PLFL2608-17,"982,257.82","39,589.78"
02PLFL2608-18,"861,711.58","19,581.70"
02PLFL2608-19,"1,152,336.90","47,273.50"
02PLFL2608-2,"1,137,831.01","46,041.40"
02PLFL2608-20,"2,268,391.12","93,202.16"
02PLFL2608-21,"964,133.04","35,649.30"
02PLFL2608-22,"2,490,437.23","100,571.92"
02PLFL2608-23,"415,877.21","12,252.69"
02PLFL2608-26,"2,152,680.64","86,279.77"
02PLFL2608-28,"2,000,480.72","68,919.00"
02PLFL2608-29,"1,022,518.90","21,472.48"
02PLFL2608-3,"577,008.13","13,543.87"
02PLFL2608-31,"905,345.79","27,052.92"
02PLFL2608-32,"1,192,410.00","52,152.94"
02PLFL2608-33,"381,824.17","13,495.43"
02PLFL2608-35,"702,204.45","32,470.38"
02PLFL2608-36,"732,072.11","17,129.59"
02PLFL2608-37,"2,333,420.15","59,541.38"
02PLFL2608-39,"1,730,845.30","56,632.78"
02PLFL2608-4,"571,986.53","25,488.99"
02PLFL2608-40,"1,021,985.94","38,337.91"
02PLFL2608-41,"943,872.97","6,684.33"
02PLFL2608-42,"1,037,228.20","35,112.67"
02PLFL2608-43,"1,608,769.94","21,655.07"
02PLFL2608-44,"2,541,529.79","105,031.06"
02PLFL2608-45,"1,425,141.46","43,266.86"
02PLFL2608-46,"2,494,478.30","103,441.79"
02PLFL2608-48,"1,135,219.32","36,201.14"
02PLFL2608-49,"577,862.46","19,521.66"
02PLFL2608-5,"765,789.55","22,403.83"
02PLFL2608-50,"1,126,641.48","29,436.84"
02PLFL2608-51,"3,127,924.84","174,421.38"
02PLFL2608-52,"1,513,024.44","42,461.24"
02PLFL2608-53,"908,482.69","37,409.48"
02PLFL2608-55,"464,040.44","15,933.19"
02PLFL2608-56,"2,478,654.57","83,962.26"
02PLFL2608-58,"926,312.43","19,205.63"
02PLFL2608-59,"172,700.45","4,372.20"
02PLFL2608-6,"309,553.82","21,633.46"
02PLFL2608-60,"1,812,325.01","49,565.48"
02PLFL2608-61,"438,211.77","10,505.68"
02PLFL2608-62,"1,519,411.84","23,323.00"
02PLFL2608-63,"1,411,157.72","36,783.64"
02PLFL2608-64,"1,592,342.23","11,602.84"
02PLFL2608-65,"953,493.14","38,933.67"
02PLFL2608-66,"1,960,527.35","53,766.07"
02PLFL2608-67,"638,152.56","18,318.63"
02PLFL2608-68,"2,666,022.67","110,495.86"
02PLFL2608-69,"572,029.08","23,384.54"
02PLFL2608-7,"1,991,193.43","77,443.81"
02PLFL2608-70,"2,305,325.06","62,811.89"
02PLFL2608-71,"1,085,788.18","33,646.35"
02PLFL2608-72,"1,078,397.61","35,341.44"
02PLFL2608-74,"1,614,825.48","57,569.71"
02PLFL2608-75,"1,125,874.26","64,723.14"
02PLFL2608-76,"1,651,352.24","53,216.02"
02PLFL2608-78,"1,446,790.06","39,238.68"
02PLFL2608-8,"611,946.85","33,479.99"
02PLFL2608-80,"578,212.72","23,691.02"
02PLFL2608-81,"850,000.00","34,271.62"
02PLFL2608-82,"444,332.96","17,356.74"
02PLFL2608-84,"886,248.08","13,194.67"
02PLFL2608-85,"2,500,000.00","101,111.14"
02PLFL2608-87,"2,315,150.00","91,624.77"
02PLFL2608-89,"1,990,412.28","74,501.16"
02PLFL2608-9,"1,673,158.56","59,218.84"
02PLFL2608-92,"1,276,337.45","51,754.54"
02PLFL2608-93,"1,127,139.26","43,328.76"
02PLFL2608-95,"1,766,477.47","77,444.81"
02PLFL2608-97,"2,993,371.97","70,760.40"
02PLFL2608-98,"1,147,682.54","44,615.38"
02PLFL2608-99,"943,232.00","42,339.56"
02PLRL2606-1,"797,710.90","5,282.79"
02PLRL2606-10,"1,929,210.40","130,374.91"
02PLRL2606-11,"2,758,840.70","100,885.72"
02PLRL2606-12,"1,121,488.87","14,654.83"
02PLRL2606-13,"997,709.97","65,334.16"
02PLRL2606-14,"2,938,329.66","148,518.46"
02PLRL2606-2,"928,539.47","24,679.32"
02PLRL2606-4,"2,093,813.84","73,239.45"
02PLRL2606-5,"566,416.65","29,612.24"
02PLRL2606-6,"2,757,876.43","170,988.32"
02PLRL2606-7,"1,584,030.33","74,907.99"
02PLRL2606-8,"422,513.03","34,236.28"
02PLRL2606-9,"964,625.57","24,083.05"
02PLRL2607-1,"1,105,333.35","31,135.56"
02PLRL2607-10,"1,683,486.42","73,042.59"
02PLRL2607-12,"449,685.11","10,026.85"
02PLRL2607-13,"2,207,799.54","94,022.09"
02PLRL2607-14,"1,360,226.33","39,904.74"
02PLRL2607-15,"688,255.24","41,371.06"
02PLRL2607-16,"1,958,003.19","106,667.52"
02PLRL2607-17,"871,617.34","30,482.97"
02PLRL2607-18,"1,992,467.92","95,366.42"
02PLRL2607-19,"1,509,530.26","97,170.80"
02PLRL2607-4,"600,614.67","34,563.88"
02PLRL2607-5,"2,539,884.88","123,433.89"
02PLRL2607-6,"3,001,180.24","122,162.82"
02PLRL2607-7,"1,245,642.65","66,362.74"
02PLRL2607-8,"995,741.80","47,982.77"
02PLRL2607-9,"843,752.70","35,024.08"
02PLRL2608-1,"1,641,147.80","188,924.34"
02PLRL2608-2,"2,486,397.58","74,365.09"
02PLRL2608-3,"2,267,793.20","145,619.44"
02PLRL2608-4,"443,356.43","17,507.35"
02PLRL2608-5,"1,792,088.74","56,171.23"
02PLRL2608-6,"814,314.31","33,160.85"
02PLTL2606-10,"2,977,277.34","116,810.97"
02PLTL2606-11,"798,638.18","35,883.94"
02PLTL2606-12,"1,556,960.64","93,870.30"
02PLTL2606-13,"1,392,874.65","66,250.92"
02PLTL2606-2,"1,060,955.00","55,837.48"
02PLTL2606-4,"1,073,135.97","58,093.98"
02PLTL2606-5,"1,280,646.27","72,990.52"
02PLTL2606-7,"756,858.83","42,977.60"
02PLTL2606-8,"417,886.34","16,214.05"
02PLTL2606-9,"391,988.79","7,851.93"
02PLTL2607-1,"680,537.87","27,090.80"
02PLTL2607-10,"1,578,608.87","59,071.06"
02PLTL2607-11,"238,312.58","15,471.72"
02PLTL2607-12,"985,236.65","33,499.52"
02PLTL2607-13,"999,462.22","30,419.12"
02PLTL2607-2,"1,767,885.71","42,219.59"
02PLTL2607-3,"1,662,503.73","75,005.52"
02PLTL2607-4,"1,296,711.83","48,739.17"
02PLTL2607-5,"399,406.69","12,331.58"
02PLTL2607-6,"551,286.71","34,053.04"
02PLTL2607-7,"1,558,126.48","70,084.32"
02PLTL2607-8,"742,100.14","21,325.61"
02PLTL2607-9,"731,799.62","51,133.31"
02PLTL2608-1,"745,550.16","37,502.28"
02PLTL2608-2,"873,341.40","36,526.97"
02PLTL2608-3,"349,381.92","15,006.45"
02PLTL2608-4,"837,451.08","30,828.53"
02PLTL2608-5,"1,518,865.24","52,819.15"
02PLTL2608-6,"941,974.58","30,997.75"
02PLTL2608-7,"167,750.40","33,218.32"
02PLTL2608-8,"1,261,833.63","49,183.07"
02PMFL2606-16,"378,321.93","20,827.38"
02PMFL2606-2,"349,647.03","66,116.01"
02PMFL2606-21,"100,725.34","46,285.25"
02PMFL2606-27,"339,010.80","25,891.94"
02PMFL2606-28,"601,775.28","44,885.41"
02PMFL2606-29,298.56,328.86
02PMFL2606-3,"478,638.66","27,428.90"
02PMFL2606-30,"274,229.98","16,134.10"
02PMFL2606-4,"552,303.25","28,075.13"
02PMFL2606-6,"491,984.76","23,188.23"
02PMFL2606-9,"1,145,748.69","61,142.26"
02PMFL2607-1,"583,831.51","34,436.97"
02PMFL2607-12,"436,339.67","40,750.93"
02PMFL2607-14,"627,504.02","40,330.59"
02PMFL2607-16,"58,577.62","44,474.83"
02PMFL2607-19,"768,049.42","68,671.71"
02PMFL2607-23,"575,742.71","20,375.02"
02PMFL2607-24,"619,740.52","19,640.91"
02PMFL2607-29,"538,902.03","27,642.87"
02PMFL2607-3,"468,502.82","28,977.38"
02PMFL2607-30,"411,436.19","7,057.36"
02PMFL2607-33,"1,558,908.10","65,827.41"
02PMFL2607-36,"277,981.90","31,982.33"
02PMFL2607-37,"453,448.65","23,688.39"
02PMFL2607-4,"374,994.37","22,292.72"
02PMFL2607-42,"402,644.59","26,884.92"
02PMFL2607-43,"1,016,428.86","48,450.61"
02PMFL2607-6,"528,370.56","43,369.38"
02PMFL2607-9,"461,768.85","23,168.97"
02PMFL2608-1,"793,586.68","34,325.69"
02PMFL2608-10,"333,744.03","15,143.44"
02PMFL2608-100,"562,774.57","31,394.95"
02PMFL2608-101,"836,043.80","38,313.97"
02PMFL2608-102,"706,364.11","33,314.29"
02PMFL2608-103,"1,023,213.55","41,608.06"
02PMFL2608-104,"247,258.04","17,832.57"
02PMFL2608-105,"566,027.45","22,960.32"
02PMFL2608-106,"508,590.68","31,863.51"
02PMFL2608-108,"399,521.38","19,852.49"
02PMFL2608-109,"1,250,631.68","59,292.13"
02PMFL2608-11,"233,757.09","24,672.92"
02PMFL2608-110,"1,085,990.50","91,613.48"
02PMFL2608-111,"453,970.14","14,054.36"
02PMFL2608-113,"144,010.59","17,048.31"
02PMFL2608-114,"894,829.46","21,154.54"
02PMFL2608-116,"271,514.58","7,724.57"
02PMFL2608-118,"253,019.32","15,398.04"
02PMFL2608-119,"649,774.64","28,992.97"
02PMFL2608-12,"352,946.67","13,554.47"
02PMFL2608-120,"477,741.84","21,800.75"
02PMFL2608-122,"804,657.03","17,102.44"
02PMFL2608-123,"725,614.36","33,655.21"
02PMFL2608-125,"306,142.71","15,647.13"
02PMFL2608-126,"433,673.30","14,339.46"
02PMFL2608-127,"628,614.13","25,349.24"
02PMFL2608-13,"336,329.06","10,374.56"
02PMFL2608-130,"431,113.91","15,449.50"
02PMFL2608-131,"847,851.85","58,184.20"
02PMFL2608-132,"325,055.80","16,857.81"
02PMFL2608-134,"1,078,766.49","33,994.85"
02PMFL2608-137,"1,131,598.63","57,675.81"
02PMFL2608-138,"291,823.88","9,679.87"
02PMFL2608-139,"425,402.28","17,675.72"
02PMFL2608-14,"388,300.13","26,493.86"
02PMFL2608-140,"308,926.18","12,619.33"
02PMFL2608-141,"1,264,372.11","27,871.18"
02PMFL2608-144,"356,401.68","6,120.14"
02PMFL2608-146,"982,710.69","33,721.15"
02PMFL2608-147,"322,702.78","14,510.48"
02PMFL2608-149,"510,153.39","23,351.56"
02PMFL2608-15,"382,048.57","34,013.21"
02PMFL2608-150,"202,488.78","16,055.26"
02PMFL2608-151,"697,370.87","33,119.40"
02PMFL2608-152,"938,764.97","27,226.72"
02PMFL2608-153,"399,161.10","15,892.37"
02PMFL2608-154,"520,324.18","26,942.05"
02PMFL2608-156,"1,128,737.92","36,020.15"
02PMFL2608-157,"490,505.17","16,285.32"
02PMFL2608-158,"490,638.40","20,691.97"
02PMFL2608-159,"614,873.03","28,683.44"
02PMFL2608-160,"599,814.48","23,178.90"
02PMFL2608-161,"383,011.53","22,080.75"
02PMFL2608-162,"15,425.55","16,885.65"
02PMFL2608-164,"517,024.36","25,051.15"
02PMFL2608-165,"516,722.20","14,127.67"
02PMFL2608-166,"401,505.99","11,973.74"
02PMFL2608-169,"420,250.50","23,801.73"
02PMFL2608-17,"920,677.82","41,517.33"
02PMFL2608-170,"593,629.76","10,533.25"
02PMFL2608-171,"507,549.35","30,356.64"
02PMFL2608-172,"350,979.66","6,447.80"
02PMFL2608-174,"88,731.96","35,747.12"
02PMFL2608-175,"337,614.88","19,536.32"
02PMFL2608-176,"283,680.63","18,396.47"
02PMFL2608-178,"585,326.34","25,254.64"
02PMFL2608-179,"551,377.20","15,356.06"
02PMFL2608-180,"590,851.82","19,055.29"
02PMFL2608-181,"987,670.13","80,498.13"
02PMFL2608-184,"688,067.95","31,664.04"
02PMFL2608-185,"1,810,904.08","61,316.40"
02PMFL2608-19,"1,081,405.82","24,570.86"
02PMFL2608-22,"1,178,418.23","29,595.71"
02PMFL2608-26,"679,387.54","34,236.63"
02PMFL2608-27,"415,367.56","26,356.03"
02PMFL2608-28,"586,219.76","40,551.66"
02PMFL2608-31,"734,399.96","35,763.12"
02PMFL2608-32,"738,936.84","18,695.27"
02PMFL2608-34,"324,781.28","5,776.08"
02PMFL2608-35,"223,106.48","14,507.88"
02PMFL2608-38,"374,492.91","30,686.66"
02PMFL2608-4,"354,454.67","12,762.49"
02PMFL2608-41,"355,806.04","16,485.36"
02PMFL2608-42,"1,053,440.57","47,649.25"
02PMFL2608-43,"1,077,863.98","44,761.52"
02PMFL2608-46,"839,138.96","40,002.08"
02PMFL2608-47,"176,036.89","7,675.38"
02PMFL2608-50,"444,847.73","15,969.37"
02PMFL2608-52,"248,113.49","16,943.77"
02PMFL2608-53,"279,732.11","14,105.72"
02PMFL2608-54,"391,340.92","10,670.89"
02PMFL2608-55,"695,681.44","29,756.20"
02PMFL2608-56,"536,040.16","30,571.42"
02PMFL2608-57,"482,031.24","28,894.69"
02PMFL2608-58,"523,621.11","31,889.56"
02PMFL2608-6,"326,240.49","13,013.75"
02PMFL2608-60,"550,196.75","37,693.96"
02PMFL2608-61,"406,074.59","19,074.18"
02PMFL2608-62,"363,555.74","11,329.53"
02PMFL2608-63,"336,256.74","11,660.38"
02PMFL2608-64,"509,810.72","5,286.72"
02PMFL2608-65,"606,781.30","40,217.40"
02PMFL2608-67,"1,720,102.04","74,921.69"
02PMFL2608-68,"631,788.87","35,583.00"
02PMFL2608-69,"250,455.65","8,793.02"
02PMFL2608-72,"544,824.25","35,299.03"
02PMFL2608-73,"318,933.88","34,188.14"
02PMFL2608-74,"548,343.62","30,169.78"
02PMFL2608-76,"1,011,033.30","39,044.25"
02PMFL2608-78,"227,152.24","22,236.53"
02PMFL2608-81,"639,739.96","29,415.88"
02PMFL2608-82,"381,518.41","9,898.99"
02PMFL2608-83,"394,181.18","28,138.94"
02PMFL2608-84,"590,938.48","32,392.49"
02PMFL2608-85,"172,230.32","23,500.42"
02PMFL2608-87,"331,776.03","15,233.73"
02PMFL2608-88,"300,025.00","11,314.36"
02PMFL2608-9,"639,725.50","26,408.34"
02PMFL2608-90,"336,475.95","20,804.38"
02PMFL2608-91,"408,925.59","14,568.62"
02PMFL2608-92,"373,806.21","15,690.70"
02PMFL2608-94,"320,113.46","14,420.34"
02PMFL2608-95,"665,239.07","5,061.62"
02PMFL2608-96,"296,395.62","15,649.44"
02PMFL2608-97,"889,836.30","26,961.39"
02PMFL2608-99,"653,069.38","39,645.91"
02PMRL2606-2,"1,129,539.39","33,700.21"
02PMRL2606-4,"1,021,441.74","48,429.99"
02PMRL2606-5,"843,256.93","43,807.43"
02PMRL2606-7,"1,072,379.93","66,876.67"
02PMRL2606-8,"1,162,964.42","69,335.79"
02PMRL2607-1,"1,291,293.28","78,313.53"
02PMRL2607-2,"187,788.02","11,446.49"
02PMRL2607-3,"279,889.83","14,897.42"
02PMRL2607-4,"1,369,964.80","61,155.90"
02PMRL2607-5,"479,534.29","15,629.18"
02PMRL2607-6,"925,482.60","46,442.63"
02PMRL2608-10,"372,085.57","14,614.69"
02PMRL2608-12,"657,627.31","21,014.90"
02PMRL2608-13,"689,268.61","21,521.07"
02PMRL2608-14,"580,060.95","73,241.63"
02PMRL2608-2,"342,135.10","9,061.17"
02PMRL2608-3,"556,883.40","27,657.24"
02PMRL2608-4,"625,652.45","24,114.23"
02PMRL2608-5,"1,191,823.60","43,713.09"
02PMRL2608-6,"696,640.96","40,556.15"
02PMRL2608-7,"399,275.66","12,202.66"
02PMRL2608-8,"228,807.38","16,825.58"
02PMRL2608-9,"1,265,208.79","34,196.77"
02PMTL2606-1,"542,333.11","21,501.03"
02PMTL2606-10,"844,092.01","49,570.45"
02PMTL2606-11,"280,189.08","20,055.27"
02PMTL2606-12,"1,580,848.10","35,219.47"
02PMTL2606-3,"569,742.94","35,779.64"
02PMTL2606-4,"541,199.01","34,020.11"
02PMTL2606-5,"640,700.11","10,242.69"
02PMTL2606-6,"572,973.02","26,358.06"
02PMTL2606-8,"321,945.52","27,815.14"
02PMTL2606-9,"2,472,857.15","92,262.82"
02PMTL2607-1,"1,038,758.19","87,554.19"
02PMTL2607-2,"540,535.43","22,260.62"
02PMTL2607-4,"1,051,803.53","63,227.58"
02PMTL2607-5,"706,545.80","21,403.23"
02PMTL2607-6,"1,569,100.22","64,558.42"
02PMTL2607-7,"1,337,819.42","44,830.65"
02PMTL2607-8,"606,280.60","39,169.72"
02PMTL2608-1,"337,685.65","11,403.81"
02PMTL2608-2,"797,376.47","24,464.68"
02PMTL2608-3,"518,620.04","31,855.20"
02PMTL2608-4,"1,653,445.71","71,246.50"
02PMTL2608-5,"1,337,810.63","42,663.15"
02PNFL2606-2,"173,413.96","12,060.18"
02PNFL2606-3,"129,276.61","102,039.10"
02PNFL2606-5,"271,642.90","8,951.37"
02PNFL2607-1,"148,335.96","17,494.65"
02PNFL2607-10,"28,653.18","13,225.43"
02PNFL2607-12,"1,175,427.98","61,244.03"
02PNFL2607-13,"280,484.10","4,043.74"
02PNFL2607-14,"280,067.94","15,756.66"
02PNFL2607-16,"1,437,682.50","79,241.76"
02PNFL2607-2,"3,751,651.92","191,632.78"
02PNFL2607-3,"1,840,696.25","109,543.14"
02PNFL2607-6,"976,414.12","37,810.28"
02PNFL2607-7,"791,672.66","73,965.82"
02PNFL2607-8,"244,557.54","19,278.83"
02PNFL2608-10,"190,163.31","206,897.01"
02PNFL2608-13,"288,581.67","9,651.97"
02PNFL2608-17,"483,411.32","14,093.18"
02PNFL2608-18,"129,242.99","14,718.41"
02PNFL2608-2,"1,084,662.47","47,837.46"
02PNFL2608-21,"154,357.03","8,622.38"
02PNFL2608-23,"247,262.17","17,968.03"
02PNFL2608-24,"296,406.94","13,957.99"
02PNFL2608-25,"153,807.02","38,048.74"
02PNFL2608-26,"670,450.10","33,067.01"
02PNFL2608-27,"650,000.09","83,394.53"
02PNFL2608-28,"427,874.81","28,147.12"
02PNFL2608-3,"275,983.51","12,181.11"
02PNFL2608-30,"1,334,079.33","46,352.35"
02PNFL2608-31,"491,480.29","45,064.49"
02PNFL2608-32,"1,379,346.50","59,965.82"
02PNFL2608-34,"135,208.22","7,563.21"
02PNFL2608-35,"1,238,335.67","47,628.08"
02PNFL2608-36,"202,911.53","10,065.22"
02PNFL2608-37,"876,955.81","30,804.28"
02PNFL2608-38,"272,892.38","11,392.00"
02PNFL2608-40,"829,018.65","40,576.33"
02PNFL2608-5,"1,528,095.08","68,945.64"
02PNFL2608-7,"260,173.07","10,060.09"
02PNFL2608-8,"1,258,161.99","63,065.53"
02PNFL2608-9,"3,213,866.37","140,956.79"
02PNTL2606-1,"179,960.90","23,908.66"
02PNTL2606-2,"661,969.85","7,056.22"
02PNTL2606-3,"791,076.02","5,549.98"
02PNTL2606-4,"522,630.66","57,761.48"
02PNTL2606-5,"1,288,631.17","59,467.88"
02PNTL2606-6,"1,422,369.22","66,467.95"
02PNTL2606-7,"713,379.38","21,500.30"
02PNTL2606-8,"882,692.51","29,393.64"
02PNTL2607-1,"1,929,690.25","72,828.64"
02PNTL2607-2,"1,468,113.15","97,040.83"
02PNTL2608-1,"2,095,312.67","87,444.38"
02PNTL2608-2,"418,510.98","28,195.88"
02PNTL2608-3,"496,253.60","38,521.38"
02PNTL2608-4,"236,307.26","6,551.03"
02POFL2606-1,"1,194,326.48","45,707.03"
02POFL2606-10,"513,341.91","17,975.34"
02POFL2606-14,"2,657,188.56","145,479.56"
02POFL2606-5,"323,171.62","50,763.51"
02POFL2606-8,"815,134.68","23,944.98"
02POFL2606-9,"691,535.35","22,269.75"
02POFL2607-1,"398,193.29","16,727.09"
02POFL2607-10,"3,431,641.08","98,950.93"
02POFL2607-11,"731,143.64","31,518.37"
02POFL2607-12,"1,273,725.75","42,444.91"
02POFL2607-13,"734,528.92","20,341.03"
02POFL2607-15,"758,853.31","30,345.72"
02POFL2607-17,"1,188,312.16","65,774.24"
02POFL2607-19,"545,900.11","32,087.41"
02POFL2607-2,"531,712.82","17,196.24"
02POFL2607-21,"354,241.43","54,443.02"
02POFL2607-24,"1,775,975.09","71,883.29"
02POFL2607-28,"1,240,905.31","43,281.29"
02POFL2607-5,"455,817.76","17,874.53"
02POFL2607-8,"949,202.46","40,500.48"
02POFL2608-1,"862,880.49","24,768.02"
02POFL2608-10,"193,649.70","1,904.70"
02POFL2608-100,"492,475.89","48,800.18"
02POFL2608-101,"1,021,409.06","36,992.92"
02POFL2608-102,"717,091.79","18,555.72"
02POFL2608-103,"769,102.27","39,483.16"
02POFL2608-104,"577,490.52","21,791.93"
02POFL2608-106,"891,624.17","21,791.75"
02POFL2608-108,"411,962.75","13,318.09"
02POFL2608-109,"1,291,864.49","47,915.59"
02POFL2608-11,"969,808.70","23,123.24"
02POFL2608-12,"11,298.74","11,922.65"
02POFL2608-13,"6,413.85","5,610.10"
02POFL2608-14,"898,630.49","21,329.80"
02POFL2608-15,"677,761.49","32,222.65"
02POFL2608-19,"833,644.59","42,499.10"
02POFL2608-20,"975,404.90","47,420.69"
02POFL2608-21,"348,786.79","12,676.07"
02POFL2608-22,"808,126.42","37,924.86"
02POFL2608-23,"487,128.36","26,533.67"
02POFL2608-24,"1,679,771.33","84,319.38"
02POFL2608-25,"224,181.90","19,293.26"
02POFL2608-26,"1,346,527.85","40,287.44"
02POFL2608-27,"256,228.10","22,954.71"
02POFL2608-28,"305,359.15","15,783.54"
02POFL2608-29,"245,416.37","2,239.43"
02POFL2608-3,"364,414.27","6,936.30"
02POFL2608-31,"270,919.67","14,708.11"
02POFL2608-32,"115,192.54","12,652.72"
02POFL2608-34,"622,332.99","38,067.54"
02POFL2608-36,"509,776.02","46,730.37"
02POFL2608-37,"245,075.99","18,621.78"
02POFL2608-38,"1,155,339.15","46,528.92"
02POFL2608-40,"294,063.69","18,029.99"
02POFL2608-43,"1,099,401.79","50,566.25"
02POFL2608-44,"29,010.44","17,510.79"
02POFL2608-45,"282,008.43","12,890.41"
02POFL2608-47,"111,109.63","18,768.20"
02POFL2608-48,"282,236.62","11,590.90"
02POFL2608-49,"356,107.95","12,651.70"
02POFL2608-51,"325,925.38","10,989.18"
02POFL2608-52,"434,743.08","24,896.62"
02POFL2608-53,"569,443.26","36,353.95"
02POFL2608-54,"105,616.90","1,828.96"
02POFL2608-55,"754,428.26","34,420.31"
02POFL2608-56,"109,880.86","5,277.13"
02POFL2608-57,"469,690.56","15,112.53"
02POFL2608-58,"1,217,911.77","76,968.30"
02POFL2608-60,"189,894.98","57,721.61"
02POFL2608-61,"129,101.11","2,332.95"
02POFL2608-63,"596,971.06","45,748.09"
02POFL2608-64,"404,886.64","12,454.37"
02POFL2608-65,"762,769.25","28,788.48"
02POFL2608-66,"1,012,029.72","28,410.41"
02POFL2608-67,"1,059,197.34","32,247.50"
02POFL2608-68,"184,961.98","3,856.97"
02POFL2608-71,"169,573.72","22,994.89"
02POFL2608-72,"408,464.91","38,920.89"
02POFL2608-73,"190,931.67","7,617.06"
02POFL2608-75,"801,440.38","20,519.68"
02POFL2608-76,"1,564,161.24","26,405.52"
02POFL2608-77,"473,701.67","5,387.57"
02POFL2608-78,"1,363,915.79","45,873.84"
02POFL2608-79,"802,716.97","36,406.07"
02POFL2608-8,"915,027.07","32,648.84"
02POFL2608-80,"233,228.60","18,061.27"
02POFL2608-82,"585,285.52","5,184.11"
02POFL2608-83,"93,020.05","5,652.37"
02POFL2608-84,"1,067,164.90","38,577.30"
02POFL2608-86,"414,686.83","14,290.88"
02POFL2608-87,"753,146.47","34,452.15"
02POFL2608-89,"90,117.27","4,704.49"
02POFL2608-9,"1,886,574.51","69,492.76"
02POFL2608-91,"675,306.41","24,544.01"
02POFL2608-92,"809,118.21","19,100.21"
02POFL2608-93,"729,681.34","21,270.73"
02POFL2608-94,"326,272.33","12,723.36"
02POFL2608-95,"437,931.88","19,176.69"
02POFL2608-96,"729,938.96","41,223.69"
02POFL2608-97,"338,902.74","26,259.81"
02POFL2608-98,"423,290.99","5,384.16"
02POFL2608-99,"706,294.83","25,342.34"
02PORL2606-1,"442,702.80","9,288.24"
02PORL2606-2,"1,541,883.37","64,489.51"
02PORL2606-3,"37,482.04","21,591.53"
02PORL2606-5,"1,675,510.93","114,436.26"
02PORL2606-6,"425,208.39","21,836.03"
02PORL2606-7,"818,691.76","32,382.42"
02PORL2606-8,"1,329,951.57","53,101.63"
02PORL2606-9,"1,932,574.07","96,729.93"
02PORL2607-1,"174,082.61","2,151.88"
02PORL2607-2,"2,258,423.19","86,593.59"
02PORL2607-3,"520,450.10","28,823.93"
02PORL2607-4,"1,486,099.60","82,497.88"
02PORL2607-5,"1,414,623.42","30,490.69"
02PORL2607-6,"1,545,394.08","53,416.77"
02PORL2607-7,"463,816.06","47,126.87"
02PORL2607-9,"1,171,010.50","45,036.09"
02PORL2608-1,"899,576.16","39,294.93"
02PORL2608-2,"401,972.60","15,942.02"
02PORL2608-3,"308,862.68","9,823.33"
02PORL2608-4,"443,728.41","19,966.08"
02PORL2608-6,"585,467.42","20,874.16"
02PORL2608-7,"87,917.31","11,656.55"
02PORL2608-8,"1,060,113.06","29,303.91"
02PORL2608-9,"589,999.01","12,393.44"
02POTL2606-1,"344,494.77","16,828.86"
02POTL2607-2,"65,708.45","18,291.55"
02POTL2607-3,"396,878.78","28,792.09"
02POTL2607-4,"959,045.46","57,604.92"
02POTL2608-1,"553,339.29","23,067.77"
02POTL2608-2,"455,369.88","18,066.76"
02POTL2608-3,"1,867,368.54","67,782.79"
02POTL2608-4,"859,959.07","35,375.08"
02POTL2608-5,"435,622.20","15,439.91"
02POTL2608-6,"143,311.06","7,613.64"
02PPRL2606-1,"847,567.82","51,776.71"
02PPRL2606-2,"538,467.80","26,007.91"
02PPRL2606-3,"1,683,517.19","47,765.83"
02PPRL2606-4,"1,014,087.41","21,054.02"
02PPRL2606-6,"1,912,521.41","74,596.15"
02PPRL2607-1,"1,983,293.52","32,934.73"
02PPRL2607-10,"1,691,850.44","79,642.67"
02PPRL2607-11,"331,674.58","17,189.22"
02PPRL2607-12,"784,735.32","36,580.02"
02PPRL2607-13,"2,717,888.85","108,883.72"
02PPRL2607-2,"621,071.74","21,929.85"
02PPRL2607-3,"638,350.31","24,801.35"
02PPRL2607-5,"880,203.26","49,428.68"
02PPRL2607-6,"557,418.09","29,702.12"
02PPRL2607-7,"1,418,554.83","63,255.26"
02PPRL2607-8,"426,383.22","17,111.56"
02PPRL2607-9,"570,244.30","28,643.50"
02PPRL2608-1,"1,217,532.45","42,563.81"
02PPRL2608-10,"1,517,873.60","45,149.37"
02PPRL2608-11,"1,200,531.08","34,228.84"
02PPRL2608-12,"1,166,150.21","32,897.06"
02PPRL2608-13,"1,770,595.94","51,926.21"
02PPRL2608-14,"2,221,880.87","72,918.26"
02PPRL2608-2,"573,045.82","26,942.95"
02PPRL2608-3,"634,773.31","39,822.35"
02PPRL2608-4,"2,252,955.05","63,455.73"
02PPRL2608-5,"1,035,653.38","33,711.16"
02PPRL2608-6,"765,056.70","27,118.66"
02PPRL2608-8,"970,480.38","32,979.68"
02PPRL2608-9,"574,154.53","25,105.70"
02PRFL2606-1,"723,879.85","42,935.04"
02PRFL2606-12,"429,613.61","23,273.74"
02PRFL2606-13,"317,014.58","14,399.71"
02PRFL2606-17,"821,363.86","41,268.69"
02PRFL2606-18,"986,831.76","47,658.94"
02PRFL2606-19,"470,947.57","30,450.55"
02PRFL2606-3,"1,296,206.59","87,676.17"
02PRFL2606-4,"917,941.75","71,894.94"
02PRFL2607-1,"338,454.57","20,721.34"
02PRFL2607-10,"349,309.10","13,850.12"
02PRFL2607-15,"306,616.37","9,558.09"
02PRFL2607-16,"353,842.56","30,582.51"
02PRFL2607-18,"442,570.69","23,219.73"
02PRFL2607-2,"388,507.63","14,274.33"
02PRFL2607-4,"790,997.41","30,680.09"
02PRFL2607-8,"263,278.52","7,317.29"
02PRFL2607-9,"221,860.24","5,251.69"
02PRFL2608-1,"852,175.88","37,022.40"
02PRFL2608-10,"534,903.85","15,463.51"
02PRFL2608-100,"695,362.72","48,596.60"
02PRFL2608-101,"683,369.74","29,671.70"
02PRFL2608-102,"516,180.39","17,557.14"
02PRFL2608-103,"1,583,475.53","73,908.13"
02PRFL2608-104,"792,374.97","14,139.37"
02PRFL2608-105,"905,203.08","29,435.16"
02PRFL2608-107,"436,405.23","8,504.72"
02PRFL2608-108,"819,763.89","24,897.07"
02PRFL2608-109,"422,278.16","14,960.02"
02PRFL2608-11,"1,438,551.05","75,589.41"
02PRFL2608-110,"380,455.90","10,512.19"
02PRFL2608-111,"411,663.61","18,267.37"
02PRFL2608-112,"778,673.02","13,836.05"
02PRFL2608-113,"386,912.05","6,952.38"
02PRFL2608-114,"691,640.82","24,293.19"
02PRFL2608-115,"1,111,582.76","49,695.87"
02PRFL2608-117,"683,982.22","17,115.04"
02PRFL2608-118,"807,092.15","64,587.07"
02PRFL2608-119,"401,136.50","17,168.11"
02PRFL2608-12,"1,019,817.39","28,428.66"
02PRFL2608-120,"1,454,138.03","30,848.59"
02PRFL2608-121,"394,307.10","20,627.12"
02PRFL2608-124,"1,819,594.59","27,843.40"
02PRFL2608-125,"414,737.40","15,414.65"
02PRFL2608-126,"636,930.29","26,610.99"
02PRFL2608-127,"1,309,698.43","38,403.32"
02PRFL2608-128,"701,745.65","39,721.62"
02PRFL2608-129,"387,348.58","10,212.36"
02PRFL2608-13,"451,433.01","19,553.74"
02PRFL2608-131,"693,817.07","29,506.64"
02PRFL2608-132,"540,340.83","24,537.86"
02PRFL2608-133,"924,338.91","40,311.72"
02PRFL2608-134,"1,673,990.02","82,592.03"
02PRFL2608-135,"1,287,039.54","17,848.24"
02PRFL2608-136,"792,561.64","22,412.69"
02PRFL2608-137,"1,050,096.67","52,890.05"
02PRFL2608-138,"390,853.63","9,670.52"
02PRFL2608-139,"1,403,645.15","49,435.85"
02PRFL2608-14,"1,553,999.36","55,288.46"
02PRFL2608-140,"390,309.15","5,942.80"
02PRFL2608-141,"907,460.08","31,446.32"
02PRFL2608-15,"402,656.26","10,116.66"
02PRFL2608-16,"365,650.28","10,139.87"
02PRFL2608-17,"1,257,629.23","69,806.40"
02PRFL2608-18,"1,850,415.59","77,085.59"
02PRFL2608-19,"388,345.69","12,476.86"
02PRFL2608-2,"390,318.36","14,228.98"
02PRFL2608-20,"388,597.33","10,955.38"
02PRFL2608-21,"1,557,893.61","52,049.77"
02PRFL2608-22,"825,520.57","41,272.25"
02PRFL2608-23,"393,201.90","17,261.94"
02PRFL2608-24,"789,316.68","23,227.62"
02PRFL2608-25,"572,192.71","13,552.42"
02PRFL2608-26,"409,222.03","12,833.05"
02PRFL2608-27,"690,450.72","29,855.92"
02PRFL2608-28,"773,843.91","22,157.94"
02PRFL2608-29,"1,184,032.62","68,603.81"
02PRFL2608-3,"418,099.03","17,999.15"
02PRFL2608-31,"426,252.96","13,311.90"
02PRFL2608-32,"392,261.19","10,229.19"
02PRFL2608-33,"419,304.61","16,403.59"
02PRFL2608-34,"833,732.96","27,747.49"
02PRFL2608-35,"1,977,995.86","84,796.93"
02PRFL2608-36,"1,412,414.68","40,228.07"
02PRFL2608-37,"676,470.43","6,107.47"
02PRFL2608-39,"2,343,427.79","54,244.83"
02PRFL2608-4,"392,222.77","8,392.93"
02PRFL2608-40,"838,754.33","30,896.30"
02PRFL2608-42,"638,241.25","13,824.13"
02PRFL2608-43,"1,538,083.54","68,599.05"
02PRFL2608-44,"801,663.70","45,326.42"
02PRFL2608-45,"1,038,627.85","39,567.40"
02PRFL2608-47,"671,772.08","23,863.63"
02PRFL2608-48,"1,181,662.98","51,193.46"
02PRFL2608-49,"1,102,640.22","46,306.89"
02PRFL2608-5,"1,556,095.79","54,866.80"
02PRFL2608-50,"401,650.95","6,591.61"
02PRFL2608-51,"389,386.44","5,934.73"
02PRFL2608-53,"717,938.36","25,675.56"
02PRFL2608-54,"378,657.32","12,804.04"
02PRFL2608-56,"796,236.54","23,678.32"
02PRFL2608-57,"1,127,157.72","40,013.61"
02PRFL2608-59,"1,796,289.58","25,894.25"
02PRFL2608-6,"382,059.10","10,673.73"
02PRFL2608-62,"375,720.38","8,245.24"
02PRFL2608-63,"1,203,462.37","78,906.51"
02PRFL2608-64,"1,551,978.16","42,699.83"
02PRFL2608-65,"854,014.11","28,321.47"
02PRFL2608-68,"514,826.80","13,607.62"
02PRFL2608-69,"752,229.76","32,259.04"
02PRFL2608-7,"569,125.57","24,726.08"
02PRFL2608-70,"389,070.41","10,662.94"
02PRFL2608-71,"769,813.96","24,449.23"
02PRFL2608-72,"416,957.76","17,983.86"
02PRFL2608-73,"1,565,446.14","32,759.03"
02PRFL2608-74,"1,999,003.85","71,139.20"
02PRFL2608-75,"1,795,659.23","59,265.80"
02PRFL2608-76,"1,586,481.93","71,835.43"
02PRFL2608-77,"395,458.18","13,737.92"
02PRFL2608-78,"534,170.19","24,950.00"
02PRFL2608-79,"410,669.91","12,806.73"
02PRFL2608-80,"398,054.62","15,535.34"
02PRFL2608-81,"1,175,421.00","24,917.54"
02PRFL2608-82,"299,509.72","18,909.55"
02PRFL2608-84,"811,719.76","24,018.26"
02PRFL2608-85,"586,317.13","21,052.45"
02PRFL2608-86,"384,133.48","10,367.64"
02PRFL2608-87,"610,018.02","12,751.73"
02PRFL2608-9,"868,841.95","31,254.10"
02PRFL2608-90,"393,765.89","17,782.58"
02PRFL2608-92,"377,434.06","15,521.02"
02PRFL2608-93,"790,316.28","31,246.85"
02PRFL2608-94,"370,803.16","15,045.53"
02PRFL2608-95,"821,405.29","34,217.12"
02PRFL2608-96,"812,473.80","32,909.61"
02PRFL2608-97,"1,521,245.51","66,340.36"
02PRFL2608-99,"395,734.40","11,773.90"
02PRRL2606-1,"1,169,736.22","68,504.27"
02PRRL2606-10,"553,733.30","38,614.13"
02PRRL2606-11,"638,696.34","16,384.77"
02PRRL2606-2,"588,414.16","33,938.47"
02PRRL2606-4,"517,691.28","15,556.81"
02PRRL2606-5,"782,196.89","36,528.68"
02PRRL2606-6,"652,799.40","27,566.59"
02PRRL2606-7,"406,699.80","20,602.84"
02PRRL2606-8,"1,586,329.73","60,785.94"
02PRRL2606-9,"3,060,845.49","160,428.58"
02PRRL2607-1,"302,513.83","19,933.39"
02PRRL2607-2,"695,545.78","17,818.11"
02PRRL2607-3,"120,029.38","63,210.07"
02PRRL2607-4,"711,665.94","38,520.62"
02PRRL2607-5,"337,416.65","12,825.92"
02PRRL2607-6,"651,533.40","31,784.19"
02PRRL2607-7,"377,361.13","15,244.17"
02PRRL2607-8,"706,197.10","51,209.65"
02PRRL2607-9,"1,159,432.47","46,836.80"
02PRRL2608-1,"456,369.70","16,556.59"
02PRRL2608-10,"476,692.83","12,777.33"
02PRRL2608-11,"790,709.92","11,731.15"
02PRRL2608-12,"577,457.52","22,994.46"
02PRRL2608-13,"859,168.05","39,852.33"
02PRRL2608-2,"275,473.89","9,015.73"
02PRRL2608-3,"272,014.80","9,280.99"
02PRRL2608-4,"1,568,373.71","74,364.43"
02PRRL2608-5,"1,468,311.29","63,475.62"
02PRRL2608-6,"297,193.88","13,726.31"
02PRRL2608-7,"1,183,074.16","34,059.71"
02PRRL2608-8,"1,385,856.14","53,598.38"
02PRRL2608-9,"360,241.39","21,069.45"
02PRTL2606-1,"1,552,628.53","86,494.23"
02PRTL2606-2,"397,894.74","17,379.88"
02PRTL2606-3,"648,208.37","42,893.25"
02PRTL2606-4,"700,733.65","26,876.88"
02PRTL2606-5,"767,850.74","46,876.28"
02PRTL2606-7,"1,009,503.86","66,106.76"
02PRTL2607-1,"560,185.97","23,350.67"
02PRTL2607-2,"398,054.62","11,636.85"
02PRTL2607-3,"336,324.86","28,031.83"
02PRTL2607-4,"570,234.62","25,155.32"
02PRTL2607-5,"1,086,283.88","27,179.60"
02PRTL2608-1,"846,848.69","28,425.57"
02PRTL2608-2,"594,283.01","14,483.96"
02PRTL2608-3,"1,084,818.96","25,027.37"
02PRTL2608-4,"1,002,871.81","14,100.18"
02PRTL2608-5,"1,387,485.26","50,062.42"
02PSFL2606-1,"1,146,119.61","33,973.45"
02PSFL2606-2,"418,928.91","26,035.36"
02PSFL2606-5,"570,395.65","38,528.11"
02PSFL2606-6,"966,029.78","35,423.86"
02PSFL2607-1,"2,328,454.65","112,162.06"
02PSFL2607-10,"589,757.68","14,927.78"
02PSFL2607-11,"328,410.38","22,883.85"
02PSFL2607-12,"1,295,474.21","79,278.67"
02PSFL2607-14,"822,230.60","40,272.06"
02PSFL2607-15,"391,004.60","10,600.31"
02PSFL2607-16,"1,024,204.58","52,046.88"
02PSFL2607-17,"645,093.49","31,004.44"
02PSFL2607-18,"643,273.32","25,587.85"
02PSFL2607-19,"849,545.51","41,812.13"
02PSFL2607-2,"2,823,808.81","138,714.65"
02PSFL2607-21,"2,157,222.46","93,165.13"
02PSFL2607-22,"3,286,000.00","194,430.99"
02PSFL2607-23,"349,369.67","8,853.32"
02PSFL2607-26,"1,220,039.75","80,704.35"
02PSFL2607-27,"2,388,030.12","116,366.46"
02PSFL2607-28,"366,402.77","18,092.38"
02PSFL2607-3,"1,393,275.56","50,203.99"
02PSFL2607-30,"1,349,500.02","153,705.36"
02PSFL2607-31,"2,494,565.45","114,472.49"
02PSFL2607-33,"432,560.06","19,587.65"
02PSFL2607-34,"787,458.27","60,328.38"
02PSFL2607-36,"1,037,102.08","44,305.06"
02PSFL2607-37,"1,098,012.11","36,576.50"
02PSFL2607-38,"1,213,289.50","30,407.15"
02PSFL2607-39,"366,564.58","52,934.20"
02PSFL2607-4,"438,621.75","13,245.86"
02PSFL2607-40,"1,213,271.22","63,166.15"
02PSFL2607-41,"314,440.20","22,906.97"
02PSFL2607-42,"437,890.64","23,991.08"
02PSFL2607-47,"400,951.61","22,140.37"
02PSFL2607-48,"304,956.80","16,092.19"
02PSFL2607-49,"702,681.36","36,204.35"
02PSFL2607-50,"1,111,052.08","65,468.94"
02PSFL2607-51,"742,424.03","37,728.50"
02PSFL2607-52,"874,606.55","22,676.87"
02PSFL2607-53,"1,091,936.37","33,702.98"
02PSFL2607-54,"679,741.44","38,929.47"
02PSFL2607-55,"1,538,203.20","85,023.40"
02PSFL2607-57,"422,861.25","22,903.74"
02PSFL2607-58,"1,578,825.84","72,952.86"
02PSFL2607-6,"3,286,000.00","222,130.44"
02PSFL2607-60,"1,759,679.64","117,352.41"
02PSFL2607-61,"299,715.35","12,219.05"
02PSFL2607-62,"592,746.74","23,349.42"
02PSFL2607-63,"577,441.34","27,804.12"
02PSFL2607-65,"378,484.79","21,746.63"
02PSFL2607-66,"648,564.50","16,412.42"
02PSFL2607-68,"1,085,623.52","73,784.50"
02PSFL2607-69,"623,306.48","19,942.77"
02PSFL2607-7,"1,251,587.14","36,888.82"
02PSFL2607-70,"1,339,000.00","63,828.14"
02PSFL2607-72,"646,959.60","39,741.50"
02PSFL2607-74,"2,242,412.24","109,316.38"
02PSFL2607-75,"2,369,378.96","71,583.26"
02PSFL2607-76,"857,094.52","16,671.02"
02PSFL2607-77,"744,339.12","84,126.14"
02PSFL2607-79,"1,180,653.18","55,962.30"
02PSFL2607-80,"482,091.14","13,802.06"
02PSFL2607-9,"611,107.13","32,139.00"
02PSRL2606-1,"432,336.90","22,378.10"
02PSRL2606-2,"1,063,600.71","40,125.49"
02PSRL2606-4,"421,500.19","18,378.24"
02PSRL2606-5,"394,499.38","9,036.27"
02PSRL2607-1,"722,908.75","35,084.50"
02PSRL2607-2,"157,902.30","23,139.91"
02PSRL2607-4,"2,910,133.31","147,608.47"
02PSRL2607-5,"1,130,844.32","58,158.75"
02PSRL2608-1,"3,237,405.54","112,738.34"
02PSRL2608-2,"3,183,105.26","132,532.21"
02PSRL2608-3,"1,307,633.53","59,496.01"
02PSRL2608-4,"1,106,792.68","37,347.86"
02PSRL2608-5,"862,802.62","28,692.83"
02PSRL2608-6,"847,333.41","28,001.73"
02PSRL2608-7,"3,265,283.81","93,689.82"
02PSRL2608-8,"2,472,365.11","64,824.88"
02PSTL2606-1,"974,602.15","44,557.21"
02PSTL2606-3,"570,302.18","34,980.40"
02PSTL2606-4,"1,449,717.07","25,764.15"
02PSTL2607-1,"1,005,354.79","52,432.29"
02PSTL2607-10,"922,264.66","52,486.31"
02PSTL2607-11,"832,858.90","45,994.19"
02PSTL2607-12,"409,547.62","40,198.46"
02PSTL2607-13,"746,215.07","32,876.47"
02PSTL2607-14,"3,229,932.30","147,618.02"
02PSTL2607-15,"3,221,400.72","113,194.91"
02PSTL2607-16,"2,478,197.29","103,080.95"
02PSTL2607-17,"497,262.71","19,884.57"
02PSTL2607-18,"1,468,250.08","60,995.67"
02PSTL2607-19,"601,791.23","28,211.21"
02PSTL2607-2,"747,538.04","30,525.48"
02PSTL2607-20,"1,826,551.86","252,203.15"
02PSTL2607-21,"3,365,973.13","84,354.94"
02PSTL2607-23,"913,480.07","45,003.54"
02PSTL2607-24,"474,674.05","19,094.90"
02PSTL2607-25,"65,604.49","22,582.52"
02PSTL2607-26,"3,025,426.65","116,391.65"
02PSTL2607-3,"919,762.31","33,640.25"
02PSTL2607-4,"1,192,304.43","42,155.70"
02PSTL2607-5,"455,251.58","18,897.84"
02PSTL2607-6,"328,564.74","21,168.84"
02PSTL2607-7,"1,275,459.05","54,030.50"
02PSTL2607-8,"1,240,098.02","55,813.52"
02PSTL2607-9,"393,773.99","20,566.44"
02PTFL2606-1,"1,676,880.08","54,984.52"
02PTFL2606-10,"281,945.45","9,992.98"
02PTFL2606-11,"653,531.20","50,788.83"
02PTFL2606-12,"1,335,978.95","38,162.07"
02PTFL2606-13,"1,624,047.67","32,666.25"
02PTFL2606-14,"778,370.88","37,792.51"
02PTFL2606-4,"538,538.29","15,647.63"
02PTFL2606-5,"223,318.68","11,656.00"
02PTFL2606-8,"604,463.49","14,700.86"
02PTRL2606-1,"731,388.15","50,968.20"
02PTRL2606-2,"919,220.73","111,680.23"
02PTRL2606-4,"304,041.36","14,746.21"
02PTRL2607-1,"975,001.96","65,595.57"
02PTRL2607-2,"715,980.72","32,596.54"
02PTRL2608-1,"424,092.83","19,125.88"
02PTRL2608-2,"553,582.42","15,888.98"
02PTRL2608-3,"1,383,324.18","45,322.80"
02PTRL2608-4,"250,697.24","30,801.23"
02PTRL2608-5,"811,958.67","33,217.64"
02PTRL2608-6,"334,138.26","22,794.18"
02PTRL2608-7,"1,877,046.98","56,671.88"
02PTRL2608-8,"221,621.71","1,988.00"
02PTTL2606-1,"375,055.10","10,623.82"
02PTTL2606-2,"218,832.01","6,633.93"
02PUFL2606-1,"1,091,858.18","53,841.88"
02PUFL2606-3,"144,488.74","15,214.03"
02PUFL2607-4,"589,702.58","45,647.29"
02PUFL2607-5,"321,394.05","20,387.98"
02PUFL2608-1,"1,890,934.02","90,377.87"
02PUFL2608-10,"1,545,644.49","80,610.10"
02PUFL2608-11,"5,386,382.27","179,148.38"
02PUFL2608-12,"578,170.59","25,205.32"
02PUFL2608-14,"147,360.24","13,374.78"
02PUFL2608-15,"636,771.65","23,886.06"
02PUFL2608-17,"1,190,735.50","45,608.55"
02PUFL2608-18,"934,433.37","27,225.48"
02PUFL2608-19,"483,063.33","18,859.47"
02PUFL2608-20,"720,051.56","37,697.43"
02PUFL2608-21,"1,431,895.87","56,046.13"
02PUFL2608-22,"4,955,158.14","229,912.55"
02PUFL2608-23,"3,043,494.20","162,416.04"
02PUFL2608-25,"194,793.63","10,432.89"
02PUFL2608-26,"211,122.32","21,565.32"
02PUFL2608-3,"1,623,366.38","67,132.07"
02PUFL2608-4,"697,754.28","36,850.20"
02PUFL2608-5,"80,568.37","10,604.54"
02PUFL2608-6,"925,314.75","30,959.16"
02PUFL2608-7,"3,937,615.51","249,386.08"
02PUFL2608-8,"1,934,676.00","62,720.22"
02PVRL2607-1,"1,012,636.68","60,509.48"
02PVRL2608-1,"1,823,773.27","38,594.27"
02PVRL2608-2,"375,979.95","14,093.01"
02PVRL2608-3,"861,214.89","22,637.04"
02PVTL2606-1,"712,113.66","44,702.70"
02PVTL2606-2,"1,813,815.20","56,271.51"
02PZFL2606-5,"779,638.50","41,844.40"
02PZFL2607-1,"626,339.51","30,473.81"
02PZFL2607-11,"1,281,550.00","58,262.54"
02PZFL2607-12,"2,200,167.93","128,687.80"
02PZFL2607-2,"514,987.38","7,401.54"
02PZFL2607-5,"650,894.82","26,398.26"
02PZFL2607-6,"517,772.70","14,445.72"
02PZFL2607-9,"2,069,874.11","83,044.85"
02PZFL2608-1,"679,127.04","28,804.77"
02PZFL2608-10,"407,851.13","14,488.52"
02PZFL2608-11,"519,954.69","24,036.24"
02PZFL2608-12,"514,446.23","96,012.03"
02PZFL2608-13,"920,000.00","37,069.73"
02PZFL2608-14,"1,172,642.45","20,713.65"
02PZFL2608-15,"845,878.61","37,782.40"
02PZFL2608-17,"797,040.00","21,308.32"
02PZFL2608-18,"439,115.71","11,951.03"
02PZFL2608-19,"365,588.76","12,077.28"
02PZFL2608-2,"844,613.68","37,215.16"
02PZFL2608-20,"376,129.35","15,093.48"
02PZFL2608-21,"2,460,750.02","115,690.70"
02PZFL2608-22,"790,987.92","23,921.97"
02PZFL2608-3,"806,287.19","24,796.38"
02PZFL2608-4,"1,379,901.67","61,417.47"
02PZFL2608-5,"519,081.12","22,050.06"
02PZFL2608-6,"29,572.45","7,080.69"
02PZFL2608-7,"743,870.51","21,848.12"
02PZFL2608-8,"1,092,362.74","44,904.50"
02PZFL2608-9,"421,958.23","8,195.88"
02PZRL2606-1,"305,009.75","21,985.97"
02PZRL2607-1,"398,418.19","13,491.19"
02PZRL2607-2,"3,111,371.68","143,909.57"
02PZRL2607-3,"286,986.55","14,919.09"
02PZRL2607-4,"446,455.07","18,322.26"
02PZRL2607-5,"365,348.46","24,252.37"
02PZRL2608-1,"241,638.22","11,999.38"
02PZRL2608-2,"630,315.86","29,747.75"
02PZTL2607-1,"1,701,567.66","48,628.13"
03PACL2606-4,"380,712.95","21,833.51"
03PACL2607-1,"940,085.59","49,264.35"
03PACL2607-2,"952,457.73","49,807.24"
03PACL2607-3,"2,725,868.27","163,857.49"
03PACL2607-4,"963,464.47","47,082.35"
03PAFL2608-1,"596,956.51","17,617.03"
03PAFL2608-10,"796,143.55","45,611.32"
03PAFL2608-12,"623,369.60","32,715.82"
03PAFL2608-14,"495,349.97","23,345.62"
03PAFL2608-15,"112,166.28","10,776.38"
03PAFL2608-16,"215,264.47","52,203.29"
03PAFL2608-17,"374,258.18","19,478.16"
03PAFL2608-18,"948,926.81","39,451.67"
03PAFL2608-19,"688,942.44","79,113.39"
03PAFL2608-2,"906,768.62","33,797.32"
03PAFL2608-20,"748,957.11","31,856.98"
03PAFL2608-21,"227,087.42","10,545.34"
03PAFL2608-23,"950,056.41","42,278.99"
03PAFL2608-26,"276,361.74","15,734.77"
03PAFL2608-27,"1,012,063.67","144,368.75"
03PAFL2608-29,"384,051.27","56,745.12"
03PAFL2608-31,"432,713.56","11,757.88"
03PAFL2608-32,"1,468,578.22","76,078.83"
03PAFL2608-33,"1,280,383.99","56,085.69"
03PAFL2608-34,"343,179.71","9,499.99"
03PAFL2608-35,"923,348.02","31,328.34"
03PAFL2608-36,"1,166,741.33","35,602.86"
03PAFL2608-38,"723,566.33","17,392.60"
03PAFL2608-40,"820,035.76","14,681.94"
03PAFL2608-41,"790,690.68","30,824.22"
03PAFL2608-42,"1,645,037.83","73,699.42"
03PAFL2608-43,"385,787.26","14,884.70"
03PAFL2608-46,"1,059,446.83","43,401.98"
03PAFL2608-48,"799,941.11","25,800.52"
03PAFL2608-5,"1,424,046.30","48,567.86"
03PAFL2608-50,"1,635,115.95","37,435.99"
03PAFL2608-51,"459,355.50","24,140.58"
03PAFL2608-52,"361,521.97","20,286.34"
03PAFL2608-53,"869,355.77","53,899.30"
03PAFL2608-54,"640,283.84","37,069.46"
03PAFL2608-55,"834,378.84","90,868.32"
03PAFL2608-56,"435,162.19","62,622.53"
03PAFL2608-57,"395,229.29","18,248.69"
03PAFL2608-59,"865,947.48","94,575.18"
03PAFL2608-6,"1,320,977.04","79,745.15"
03PAFL2608-62,"1,123,471.34","40,636.93"
03PAFL2608-63,"214,619.47","15,925.25"
03PAFL2608-64,"698,623.73","63,524.96"
03PAFL2608-66,"43,467.78","17,301.47"
03PAFL2608-67,"950,367.26","37,889.45"
03PAFL2608-69,"895,180.08","31,314.57"
03PAFL2608-71,"947,184.06","33,486.03"
03PAFL2608-72,"3,582,982.67","152,321.67"
03PAFL2608-8,"192,131.83","7,734.78"
03PAML2606-1,"78,631.44","2,626.45"
03PAML2606-2,"591,838.14","65,116.45"
03PAML2606-4,"167,935.17","49,336.45"
03PAML2606-5,"1,883,075.97","104,567.28"
03PAML2606-6,"1,242,022.62","50,839.51"
03PAML2607-2,"658,656.15","28,879.16"
03PAML2607-3,"805,042.55","79,036.49"
03PAML2607-4,"1,431,078.25","60,677.04"
03PAML2607-5,"889,532.08","48,987.57"
03PAML2607-6,"1,306,474.51","69,597.29"
03PAML2607-7,"627,123.24","35,282.35"
03PAML2607-8,"638,092.49","41,899.40"
03PATL2608-1,"1,553,810.09","54,479.05"
03PATL2608-10,"1,171,982.96","112,259.86"
03PATL2608-11,"1,667,872.66","72,451.46"
03PATL2608-12,"773,467.75","49,360.17"
03PATL2608-2,"925,158.26","41,368.70"
03PATL2608-3,"910,305.83","51,831.34"
03PATL2608-4,"1,108,682.87","47,309.35"
03PATL2608-5,"219,532.52","16,571.23"
03PATL2608-6,"1,878,031.70","45,393.35"
03PATL2608-7,"319,127.99","21,868.22"
03PATL2608-8,"976,422.13","45,861.53"
03PATL2608-9,"1,371,407.98","75,829.28"
03PBML2606-1,"1,398,767.27","43,739.95"
03PBML2607-2,"570,301.98","44,020.30"
03PBRL2606-2,"715,965.94","57,927.85"
03PBRL2608-1,"398,677.07","26,279.71"
03PBRL2608-2,"463,201.88","15,241.85"
03PBTL2608-1,"1,386,529.81","61,254.99"
03PCRL2606-1,"668,997.79","51,703.04"
03PCRL2606-2,"796,401.88","46,267.70"
03PCRL2607-1,"678,761.91","45,514.10"
03PCRL2607-2,"2,826,434.84","116,063.09"
03PCRL2607-3,"1,568,944.83","72,061.77"
03PCRL2608-1,"898,221.91","49,267.88"
03PCRL2608-2,"1,198,544.86","43,395.58"
03PCRL2608-3,"420,714.28","33,933.46"
03PDCL2606-1,"445,946.92","33,550.19"
03PDCL2606-2,"736,536.90","49,912.90"
03PDCL2607-1,"822,280.29","55,850.60"
03PDFL2608-1,"843,695.69","37,483.22"
03PDFL2608-10,"985,174.91","45,564.83"
03PDFL2608-11,"984,177.54","28,902.41"
03PDFL2608-13,"1,275,517.31","45,172.89"
03PDFL2608-14,"915,716.84","55,862.21"
03PDFL2608-15,"983,362.13","22,874.39"
03PDFL2608-16,"576,700.71","31,401.37"
03PDFL2608-17,"1,285,975.03","68,261.27"
03PDFL2608-18,"225,857.35","13,271.39"
03PDFL2608-19,"335,697.33","14,103.47"
03PDFL2608-2,"986,876.55","40,154.96"
03PDFL2608-20,"850,796.09","33,012.31"
03PDFL2608-21,"778,878.36","33,672.26"
03PDFL2608-22,"522,880.87","96,967.28"
03PDFL2608-23,"2,872,900.33","96,949.01"
03PDFL2608-24,"1,230,954.33","18,505.50"
03PDFL2608-25,"930,154.19","45,695.94"
03PDFL2608-26,"774,481.42","29,306.49"
03PDFL2608-27,"1,384,729.31","40,473.88"
03PDFL2608-28,"944,177.47","50,089.26"
03PDFL2608-3,"786,333.24","33,434.84"
03PDFL2608-5,"358,647.52","61,271.56"
03PDFL2608-6,"946,287.06","22,010.63"
03PDFL2608-7,"1,020,149.06","14,923.05"
03PDFL2608-8,"2,350,379.98","101,401.80"
03PDFL2608-9,"629,872.08","24,558.11"
03PDML2606-1,"2,008,385.06","134,385.94"
03PDML2606-2,"849,909.15","35,526.77"
03PDML2606-3,"1,018,384.66","52,650.96"
03PDML2606-5,"556,604.36","19,431.65"
03PDML2606-6,"675,645.37","49,875.75"
03PDML2607-1,"426,153.18","48,898.18"
03PDML2607-2,"847,894.48","49,630.29"
03PDML2607-3,"297,982.75","61,560.33"
03PDML2607-4,"830,065.62","44,374.78"
03PDRL2606-1,"838,422.56","60,409.64"
03PDRL2607-1,"807,291.48","57,336.32"
03PDRL2607-2,"373,727.54","4,979.93"
03PDRL2607-3,"694,509.04","31,271.18"
03PDRL2607-4,"577,682.10","33,445.33"
03PDRL2607-5,"854,747.34","66,147.19"
03PDRL2607-7,"1,276,795.76","43,861.07"
03PDRL2608-1,"590,295.89","44,682.65"
03PDRL2608-2,"854,163.21","24,814.96"
03PDRL2608-3,"792,943.74","53,694.81"
03PDRL2608-4,"216,605.24","8,276.44"
03PDRL2608-5,"677,642.21","71,681.13"
03PDRL2608-6,"967,592.48","37,840.56"
03PDRL2608-7,"1,370,430.52","43,440.02"
03PDRL2608-8,"937,261.59","51,936.05"
03PDRL2608-9,"637,485.65","26,268.70"
03PDTL2608-1,"267,588.58","12,290.49"
03PDTL2608-2,"1,707,354.23","75,510.06"
03PDTL2608-3,"1,472,129.60","84,338.05"
03PDTL2608-4,"929,123.72","60,121.14"
03PDTL2608-5,"719,997.00","26,600.67"
03PDTL2608-6,"580,686.30","37,471.81"
03PDTL2608-7,"542,546.95","30,501.76"
03PDTL2608-8,"1,414,891.85","70,611.14"
03PFCL2606-1,"701,941.42","46,859.42"
03PFCL2606-4,"772,324.58","35,199.49"
03PFCL2607-1,"862,871.52","51,221.98"
03PFCL2607-2,"1,181,479.20","68,290.30"
03PFCL2607-3,"894,763.50","47,557.61"
03PFCL2607-4,"554,727.95","20,215.09"
03PFCL2607-5,"3,653,720.25","195,463.29"
03PFCL2607-6,"1,219,762.84","58,062.35"
03PFCL2607-7,"1,538,682.08","106,635.96"
03PFCL2607-8,"522,591.77","26,627.55"
03PFFL2608-1,"393,022.44","11,814.77"
03PFFL2608-10,"714,630.23","29,384.08"
03PFFL2608-11,"391,007.10","14,864.77"
03PFFL2608-12,"817,475.68","31,538.69"
03PFFL2608-13,"393,286.46","15,993.68"
03PFFL2608-14,"413,585.34","7,552.73"
03PFFL2608-15,"450,373.43","21,059.97"
03PFFL2608-16,"722,919.14","16,505.93"
03PFFL2608-17,"839,236.03","45,067.73"
03PFFL2608-18,"385,031.18","42,440.45"
03PFFL2608-19,"693,580.60","35,164.43"
03PFFL2608-2,"214,893.00","16,943.96"
03PFFL2608-20,"730,491.60","30,611.05"
03PFFL2608-22,"317,938.98","15,901.09"
03PFFL2608-24,"356,175.66","19,499.21"
03PFFL2608-25,"1,162,062.52","23,001.90"
03PFFL2608-26,"793,579.83","32,686.36"
03PFFL2608-28,"184,573.18","19,810.43"
03PFFL2608-29,"635,958.31","13,945.18"
03PFFL2608-30,"869,966.22","20,736.99"
03PFFL2608-32,"434,518.53","6,005.12"
03PFFL2608-34,"357,606.83","10,041.71"
03PFFL2608-36,"721,608.10","31,958.58"
03PFFL2608-37,"574,814.84","28,004.65"
03PFFL2608-38,"379,817.24","12,880.78"
03PFFL2608-39,"252,249.69","16,362.28"
03PFFL2608-4,"303,739.51","10,440.77"
03PFFL2608-40,"626,514.93","22,282.76"
03PFFL2608-41,"714,017.75","30,109.10"
03PFFL2608-42,"872,918.09","53,681.38"
03PFFL2608-43,"745,616.98","30,242.89"
03PFFL2608-44,"939,153.88","37,687.77"
03PFFL2608-45,"93,135.61","30,025.68"
03PFFL2608-46,"390,651.50","11,608.34"
03PFFL2608-48,"348,096.79","8,230.06"
03PFFL2608-49,"836,859.31","12,051.63"
03PFFL2608-50,"372,310.99","8,240.59"
03PFFL2608-51,"37,740.46","3,605.66"
03PFFL2608-52,"878,031.27","39,012.77"
03PFFL2608-53,"917,111.15","39,114.31"
03PFFL2608-54,"816,580.76","48,501.29"
03PFFL2608-55,"556,240.02","23,564.52"
03PFFL2608-56,"1,320,423.14","56,644.95"
03PFFL2608-57,"823,326.40","36,523.96"
03PFFL2608-58,"124,928.63","2,789.60"
03PFFL2608-59,"877,369.22","65,597.07"
03PFFL2608-6,"294,760.10","14,884.82"
03PFFL2608-60,"252,489.14","15,383.13"
03PFFL2608-62,"93,320.34","13,876.69"
03PFFL2608-63,"61,296.60","4,905.03"
03PFFL2608-64,"532,588.03","22,338.07"
03PFFL2608-65,"1,491,974.64","68,653.99"
03PFFL2608-66,"1,595,988.59","28,874.85"
03PFFL2608-67,"430,876.27","20,532.33"
03PFFL2608-68,"753,012.90","37,880.80"
03PFFL2608-7,"39,319.29","2,195.92"
03PFFL2608-8,"1,253,345.59","47,297.25"
03PFFL2608-9,"696,793.00","47,132.06"
03PFML2606-1,"129,259.61","13,596.15"
03PFML2606-2,"2,630,604.53","90,175.02"
03PFML2606-3,"151,648.47","36,772.10"
03PFML2607-1,"693,038.15","47,448.29"
03PFML2607-10,"709,437.38","38,762.28"
03PFML2607-11,"477,096.22","31,147.70"
03PFML2607-2,"747,837.55","42,781.21"
03PFML2607-3,"1,642,702.31","84,697.27"
03PFML2607-4,"378,057.52","24,095.56"
03PFML2607-6,"943,691.09","86,479.27"
03PFML2607-8,"412,504.50","27,399.57"
03PFML2607-9,"2,673,517.07","145,867.95"
03PFRL2606-1,"2,157,372.00","123,133.81"
03PFRL2606-2,"282,594.50","27,088.62"
03PFRL2606-3,"847,567.82","40,124.13"
03PFRL2606-4,"281,464.01","33,749.70"
03PFRL2606-5,"337,580.88","29,975.80"
03PFRL2606-6,"982,000.20","43,896.46"
03PFRL2606-7,"770,654.15","56,569.80"
03PFRL2607-10,"801,660.99","36,293.06"
03PFRL2607-3,"285,934.77","10,550.40"
03PFRL2607-4,"380,078.52","16,722.82"
03PFRL2607-6,"437,389.18","45,414.22"
03PFRL2607-7,"1,841,295.36","125,127.33"
03PFRL2607-8,"532,077.10","16,065.94"
03PFRL2607-9,"596,998.54","37,733.83"
03PFRL2608-1,"1,946,971.18","100,306.52"
03PFRL2608-10,"446,114.05","15,255.54"
03PFRL2608-11,"53,591.17","14,848.32"
03PFRL2608-12,"303,773.44","13,964.21"
03PFRL2608-13,"1,767,339.09","81,446.46"
03PFRL2608-14,"204,663.34","14,101.92"
03PFRL2608-15,"1,834,723.85","71,891.62"
03PFRL2608-16,"295,754.33","21,258.66"
03PFRL2608-18,"1,845,738.77","81,865.47"
03PFRL2608-19,"424,805.39","8,569.69"
03PFRL2608-2,"631,981.34","37,966.82"
03PFRL2608-3,"416,320.52","18,193.73"
03PFRL2608-4,"313,137.38","19,705.74"
03PFRL2608-5,"771,661.91","37,037.35"
03PFRL2608-6,"416,246.41","21,892.62"
03PFRL2608-7,"271,970.67","24,687.39"
03PFRL2608-8,"446,805.63","15,082.78"
03PFRL2608-9,"286,159.85","17,909.76"
03PFTL2606-1,"761,310.99","26,456.82"
03PFTL2608-1,"97,973.23","20,586.29"
03PFTL2608-2,"390,140.74","16,438.97"
03PFTL2608-3,"397,414.92","33,677.02"
03PFTL2608-4,"774,099.58","36,354.45"
03PFTL2608-5,"308,727.01","38,391.80"
03PFTL2608-6,"1,794,490.84","65,975.60"
03PFTL2608-7,"748,798.28","24,049.98"
03PFTL2608-8,"2,185,207.44","82,737.22"
03PGFL2608-1,"376,713.33","16,332.51"
03PGFL2608-2,"1,092,794.78","54,130.88"
03PGFL2608-3,"2,184,820.43","47,314.91"
03PGFL2608-4,"512,371.13","25,238.70"
03PGFL2608-5,"799,850.17","71,766.02"
03PGRL2608-1,"395,454.77","11,505.83"
03PGTL2608-1,"1,747,782.86","108,519.93"
03PHFL2608-1,"217,946.43","13,325.13"
03PHFL2608-2,"156,847.04","7,596.10"
03PHFL2608-3,"834,987.73","53,379.51"
03PHFL2608-4,"880,103.29","72,285.20"
03PHFL2608-5,"339,917.73","14,400.96"
03PHFL2608-6,"686,317.94","28,476.78"
03PHRL2608-1,"47,748.62","10,973.77"
03PHRL2608-2,"351,097.40","11,912.10"
03PIFL2606-1,"712,347.44","25,188.10"
03PIFL2606-10,"222,312.75","11,649.29"
03PIFL2606-11,"484,317.29","29,119.59"
03PIFL2606-14,"670,465.94","28,104.95"
03PIFL2606-16,"483,103.66","17,634.87"
03PIFL2606-18,"777,754.13","31,910.21"
03PIFL2606-19,"304,739.55","11,195.71"
03PIFL2606-21,"835,697.58","53,185.89"
03PIFL2606-25,"507,824.96","21,646.98"
03PIFL2606-26,"717,022.51","31,213.93"
03PIFL2606-3,"449,854.38","19,266.48"
03PIFL2606-34,"705,661.93","28,252.01"
03PIFL2606-39,"236,526.91","10,820.84"
03PIFL2606-4,"611,411.68","25,771.94"
03PIFL2606-40,"250,567.51","9,762.08"
03PIFL2606-42,"292,608.99","9,615.99"
03PIFL2606-43,"1,100,269.47","39,523.13"
03PIFL2606-46,"419,138.34","19,891.10"
03PIFL2606-47,"243,956.21","10,136.06"
03PIFL2606-52,"379,257.09","14,547.30"
03PIFL2606-55,"506,662.60","21,449.63"
03PIFL2606-56,"542,584.45","19,558.83"
03PIFL2606-57,"243,858.67","8,696.25"
03PIFL2606-58,"446,116.19","13,992.17"
03PIFL2606-6,"1,039,548.91","44,047.94"
03PIFL2606-62,"365,056.70","12,579.85"
03PIFL2606-63,"508,551.28","28,100.92"
03PIFL2606-66,"421,639.47","15,358.04"
03PIFL2606-74,"857,116.67","30,145.96"
03PIFL2606-77,"251,758.79","11,122.84"
03PIFL2606-80,"190,890.14","8,771.21"
03PIFL2606-82,"283,938.53","10,689.86"
03PIFL2607-10,"1,163,368.43","39,179.85"
03PIFL2607-11,"1,750,662.81","70,561.81"
03PIFL2607-14,"1,660,999.04","67,154.78"
03PIFL2607-16,"1,109,482.58","45,387.86"
03PIFL2607-17,"1,297,304.67","8,853.34"
03PIFL2607-18,"1,163,483.87","53,055.45"
03PIFL2607-2,"2,250,968.21","89,878.03"
03PIFL2607-20,"1,052,300.96","21,096.20"
03PIFL2607-22,"2,744,263.85","96,114.93"
03PIFL2607-23,"1,584,606.03","56,882.33"
03PIFL2607-24,"1,058,508.40","6,062.39"
03PIFL2607-27,"1,434,465.67","57,741.53"
03PIFL2607-29,"1,675,846.81","57,629.93"
03PIFL2607-30,"1,246,520.08","53,765.10"
03PIFL2607-31,"2,092,357.14","70,592.06"
03PIFL2607-33,"2,177,750.79","88,003.85"
03PIFL2607-34,"1,549,024.28","25,598.45"
03PIFL2607-35,"2,275,499.22","110,033.23"
03PIFL2607-36,"1,313,996.91","53,325.10"
03PIFL2607-37,"2,663,702.73","114,418.90"
03PIFL2607-38,"3,205,228.88","129,573.92"
03PIFL2607-39,"1,539,542.83","62,547.29"
03PIFL2607-4,"1,823,422.10","73,951.09"
03PIFL2607-40,"790,466.49","32,189.56"
03PIFL2607-42,"2,550,633.80","113,415.72"
03PIFL2607-44,"2,144,055.00","86,214.91"
03PIFL2607-45,"1,327,973.49","54,299.95"
03PIFL2607-47,"1,746,414.23","71,176.74"
03PIFL2607-48,"2,316,009.15","113,543.21"
03PIFL2607-49,"1,713,092.45","57,317.91"
03PIFL2607-5,"1,313,111.16","36,652.06"
03PIFL2607-52,"1,196,833.63","40,365.41"
03PIFL2607-53,"2,252,346.62","76,494.25"
03PIFL2607-54,"1,284,294.13","70,524.20"
03PIFL2607-55,"1,766,059.96","66,737.12"
03PIFL2607-56,"1,757,284.29","77,094.78"
03PIFL2607-58,"1,985,905.26","71,836.80"
03PIFL2607-59,"2,828,332.53","96,400.40"
03PIFL2607-60,"1,554,328.13","30,959.17"
03PIFL2607-63,"1,549,594.69","37,468.78"
03PIFL2607-64,"1,329,482.68","44,733.14"
03PIFL2607-65,"771,710.19","17,381.38"
03PIFL2607-66,"1,741,073.69","48,895.35"
03PIFL2607-69,"1,677,877.01","57,891.37"
03PIFL2607-7,"1,195,246.57","33,423.65"
03PIFL2607-70,"751,106.76","25,294.70"
03PIFL2607-8,"1,379,721.52","101,304.58"
03PIFL2607-9,"1,745,596.22","73,114.84"
03PIFL2608-1,"410,419.38","18,612.42"
03PIFL2608-10,"1,317,303.02","44,296.71"
03PIFL2608-100,"1,518,960.43","71,780.85"
03PIFL2608-101,"640,724.91","26,898.78"
03PIFL2608-11,"892,256.71","29,965.85"
03PIFL2608-12,"1,169,424.40","46,199.71"
03PIFL2608-13,"1,548,353.17","51,083.41"
03PIFL2608-14,"1,069,769.41","38,213.99"
03PIFL2608-15,"1,527,985.21","51,027.80"
03PIFL2608-16,"1,643,832.46","46,191.36"
03PIFL2608-17,"670,446.10","26,786.05"
03PIFL2608-18,"1,248,353.93","41,953.52"
03PIFL2608-19,"1,273,321.01","42,095.46"
03PIFL2608-2,"1,298,824.91","36,408.80"
03PIFL2608-20,"887,923.13","30,011.65"
03PIFL2608-21,"750,547.83","35,170.90"
03PIFL2608-22,"2,335,000.00","94,418.87"
03PIFL2608-23,"1,250,000.00","50,462.01"
03PIFL2608-24,"1,316,558.54","35,698.56"
03PIFL2608-25,"1,247,017.58","44,038.57"
03PIFL2608-26,"703,602.13","27,843.99"
03PIFL2608-27,"231,725.46","27,766.07"
03PIFL2608-28,"1,490,237.40","49,608.90"
03PIFL2608-29,"1,640,000.00","55,224.31"
03PIFL2608-3,"958,735.82","32,204.71"
03PIFL2608-30,"1,780,000.00","73,214.77"
03PIFL2608-31,"2,179,411.53","86,586.91"
03PIFL2608-32,"3,456,000.00","116,574.24"
03PIFL2608-33,"855,587.41","28,801.98"
03PIFL2608-34,"1,677,349.63","76,992.14"
03PIFL2608-35,"327,666.40","85,423.76"
03PIFL2608-36,"1,127,698.56","38,383.37"
03PIFL2608-37,"3,177,517.85","85,877.74"
03PIFL2608-38,"1,152,367.57","46,101.71"
03PIFL2608-39,"1,790,299.68","72,156.22"
03PIFL2608-40,"3,502,000.00","159,387.01"
03PIFL2608-41,"730,627.76","29,557.71"
03PIFL2608-42,"1,950,000.00","78,760.64"
03PIFL2608-43,"1,790,299.68","72,041.47"
03PIFL2608-44,"2,364,000.00","79,403.64"
03PIFL2608-45,"721,932.99","31,107.42"
03PIFL2608-46,"1,248,540.51","35,431.66"
03PIFL2608-47,"1,148,485.62","38,655.93"
03PIFL2608-48,"912,426.60","29,940.04"
03PIFL2608-49,"889,317.56","41,862.30"
03PIFL2608-5,"4,320,000.00","176,532.25"
03PIFL2608-50,"1,158,872.32","38,443.25"
03PIFL2608-52,"1,735,851.04","69,276.08"
03PIFL2608-53,"1,750,000.00","70,444.88"
03PIFL2608-54,"1,170,574.30","38,821.45"
03PIFL2608-55,"2,298,816.73","92,666.39"
03PIFL2608-56,"3,307,989.87","132,600.95"
03PIFL2608-57,"3,802,000.00","153,680.08"
03PIFL2608-58,"670,259.10","25,079.45"
03PIFL2608-59,"1,830,000.00","110,070.21"
03PIFL2608-60,"3,118,731.90","119,434.22"
03PIFL2608-62,"1,400,774.50","47,135.87"
03PIFL2608-63,"1,876,726.78","58,251.80"
03PIFL2608-64,"1,584,346.64","61,958.82"
03PIFL2608-65,"1,697,207.15","69,145.75"
03PIFL2608-66,"1,750,000.00","70,444.88"
03PIFL2608-67,"1,467,435.18","48,420.81"
03PIFL2608-68,"1,500,050.00","59,640.49"
03PIFL2608-69,"3,837,000.00","154,681.52"
03PIFL2608-7,"3,951,247.34","119,244.46"
03PIFL2608-70,"1,198,419.78","40,417.09"
03PIFL2608-71,"2,924,718.17","98,386.40"
03PIFL2608-72,"778,941.81","25,903.38"
03PIFL2608-73,"1,198,861.39","48,388.78"
03PIFL2608-74,"2,322,890.00","89,072.78"
03PIFL2608-75,"870,387.52","35,019.14"
03PIFL2608-76,"2,887,000.00","116,561.84"
03PIFL2608-77,"1,029,457.26","51,927.30"
03PIFL2608-78,"1,924,331.75","65,023.93"
03PIFL2608-79,"690,522.12","26,296.94"
03PIFL2608-8,"1,508,282.37","49,780.77"
03PIFL2608-80,"5,990,781.72","202,897.51"
03PIFL2608-81,"955,572.03","40,748.93"
03PIFL2608-82,"888,346.33","19,859.29"
03PIFL2608-83,"2,649,003.71","98,457.34"
03PIFL2608-84,"1,212,180.59","41,499.83"
03PIFL2608-85,"2,975,000.00","117,716.81"
03PIFL2608-86,"3,780,743.67","161,427.44"
03PIFL2608-88,"865,508.23","27,463.84"
03PIFL2608-89,"1,777,656.00","49,851.15"
03PIFL2608-9,"1,529,829.91","65,511.90"
03PIFL2608-90,"1,293,841.19","55,214.38"
03PIFL2608-91,"930,101.49","30,720.09"
03PIFL2608-92,"1,223,055.67","43,086.30"
03PIFL2608-93,"775,664.01","34,606.53"
03PIFL2608-94,"1,999,021.73","86,572.45"
03PIFL2608-95,"3,183,000.00","128,292.74"
03PIFL2608-96,"2,176,850.40","72,363.81"
03PIFL2608-97,"3,627,790.85","121,598.12"
03PIFL2608-98,"758,320.37","29,433.75"
03PIFL2608-99,"4,607,460.00","185,737.86"
03PIRL2606-1,"61,669.69","14,690.62"
03PIRL2606-11,"519,802.40","27,573.87"
03PIRL2606-12,"1,436,579.89","61,642.77"
03PIRL2606-13,"516,163.57","26,583.11"
03PIRL2606-14,"1,020,659.79","58,339.03"
03PIRL2606-15,"507,003.63","46,610.19"
03PIRL2606-18,"1,000,506.74","48,048.15"
03PIRL2606-19,"1,257,602.69","59,753.49"
03PIRL2606-2,"569,334.74","30,525.86"
03PIRL2606-20,"833,936.23","37,135.00"
03PIRL2606-21,"315,997.65","15,600.75"
03PIRL2606-22,"572,617.86","25,694.54"
03PIRL2606-23,"1,017,273.69","51,599.16"
03PIRL2606-27,"1,662,359.31","69,354.51"
03PIRL2606-28,"413,645.92","17,760.29"
03PIRL2606-3,"1,711,325.44","70,968.74"
03PIRL2606-4,"1,482,879.95","66,571.05"
03PIRL2606-5,"542,266.34","26,592.03"
03PIRL2606-8,"411,783.94","18,697.25"
03PIRL2606-9,"565,543.76","25,146.94"
03PIRL2607-1,"441,700.15","15,279.38"
03PIRL2607-10,"131,382.21","14,737.93"
03PIRL2607-13,"414,130.43","12,418.34"
03PIRL2607-14,"93,678.57","13,401.44"
03PIRL2607-15,"911,525.23","35,526.27"
03PIRL2607-16,"403,395.34","10,061.07"
03PIRL2607-17,"1,222,861.80","44,924.63"
03PIRL2607-18,"1,500,509.72","52,936.81"
03PIRL2607-19,"1,542,285.98","54,154.92"
03PIRL2607-21,"221,061.01","12,682.96"
03PIRL2607-22,"749,178.97","25,700.70"
03PIRL2607-23,"937,868.80","38,411.34"
03PIRL2607-26,"862,545.93","30,790.52"
03PIRL2607-27,"506,772.00","25,224.60"
03PIRL2607-28,"1,116,509.40","40,099.51"
03PIRL2607-29,"378,574.25","15,712.28"
03PIRL2607-3,"770,004.07","30,825.91"
03PIRL2607-4,"994,232.79","37,604.00"
03PIRL2607-5,"369,960.32","16,923.25"
03PIRL2607-6,"563,337.76","25,577.30"
03PIRL2607-7,"1,160,727.32","40,830.41"
03PIRL2607-9,"696,004.26","27,268.39"
03PIRL2608-1,"751,857.88","30,759.79"
03PIRL2608-10,"242,173.45","8,460.46"
03PIRL2608-11,"529,314.18","16,115.80"
03PIRL2608-12,"843,258.56","33,027.71"
03PIRL2608-13,"382,583.28","19,918.36"
03PIRL2608-14,"446,821.04","20,111.57"
03PIRL2608-15,"1,285,648.09","44,690.25"
03PIRL2608-16,"622,412.52","22,394.09"
03PIRL2608-17,"259,769.06","19,736.64"
03PIRL2608-18,"630,237.77","28,017.73"
03PIRL2608-19,"345,111.60","63,913.53"
03PIRL2608-2,"780,999.97","36,665.37"
03PIRL2608-20,"987,431.27","41,953.78"
03PIRL2608-21,"874,214.93","37,175.89"
03PIRL2608-22,"515,162.00","11,602.47"
03PIRL2608-23,"1,113,121.90","37,110.39"
03PIRL2608-24,"273,102.03","14,901.81"
03PIRL2608-25,"1,175,821.42","43,207.06"
03PIRL2608-26,"755,272.63","32,040.45"
03PIRL2608-27,"1,239,482.17","93,358.27"
03PIRL2608-28,"1,480,393.83","88,068.03"
03PIRL2608-29,"751,763.06","28,728.38"
03PIRL2608-3,"721,215.40","33,990.42"
03PIRL2608-30,"1,175,698.55","48,529.06"
03PIRL2608-4,"917,838.64","26,500.59"
03PIRL2608-5,"2,631,445.67","108,907.73"
03PIRL2608-6,"1,613,800.55","56,045.55"
03PIRL2608-7,"1,182,239.60","42,162.60"
03PIRL2608-8,"1,117,153.24","39,792.22"
03PIRL2608-9,"1,391,505.51","57,459.81"
03PISL2608-1,"670,349.27","18,565.50"
03PISL2608-11,"1,480,710.63","34,019.94"
03PISL2608-12,"365,779.23","10,157.52"
03PISL2608-13,"724,903.60","25,985.36"
03PISL2608-14,"1,517,018.27","32,138.05"
03PISL2608-16,"543,857.11","15,093.17"
03PISL2608-17,"748,712.97","14,873.04"
03PISL2608-18,"422,996.33","9,956.86"
03PISL2608-2,"773,670.07","15,343.87"
03PISL2608-3,"651,639.53","15,335.14"
03PISL2608-4,"399,313.58","11,132.68"
03PISL2608-5,"837,232.34","13,911.10"
03PISL2608-6,"408,950.27","15,286.74"
03PISL2608-7,"1,297,769.15","25,811.25"
03PISL2608-9,"1,617,220.01","26,829.17"
03PITL2607-1,"748,629.07","27,319.35"
03PITL2607-10,"439,499.84","15,988.82"
03PITL2607-11,"716,997.15","26,578.87"
03PITL2607-12,"1,477,564.55","58,300.11"
03PITL2607-13,"759,684.53","30,227.29"
03PITL2607-14,"553,234.50","23,833.19"
03PITL2607-15,"415,549.97","16,945.34"
03PITL2607-16,"568,727.68","26,320.48"
03PITL2607-17,"556,291.03","20,471.96"
03PITL2607-18,"881,297.43","33,830.73"
03PITL2607-19,"1,374,498.80","89,872.58"
03PITL2607-2,"587,903.01","27,567.88"
03PITL2607-21,"423,409.52","15,308.65"
03PITL2607-22,"1,247,457.93","64,329.83"
03PITL2607-23,"1,567,781.36","58,058.69"
03PITL2607-24,"215,046.10","11,181.12"
03PITL2607-25,"397,050.46","19,376.41"
03PITL2607-26,"2,297,978.91","90,876.51"
03PITL2607-27,"189,538.08","24,488.88"
03PITL2607-28,"566,610.62","30,934.54"
03PITL2607-29,"624,783.77","22,960.26"
03PITL2607-3,"913,466.50","35,488.32"
03PITL2607-30,"300,604.66","13,786.66"
03PITL2607-31,"506,194.78","16,497.64"
03PITL2607-32,"109,488.25","16,293.63"
03PITL2607-33,"1,246,278.57","46,122.11"
03PITL2607-34,"460,859.21","19,111.32"
03PITL2607-35,"491,982.48","22,777.33"
03PITL2607-4,"207,922.22","6,948.69"
03PITL2607-6,"2,139,492.30","90,157.03"
03PITL2607-7,"600,331.70","24,080.06"
03PITL2607-8,"336,110.85","40,592.66"
03PITL2607-9,"829,438.72","30,545.17"
03PITL2608-1,"340,420.81","29,360.52"
03PITL2608-10,"375,262.35","14,940.27"
03PITL2608-11,"827,421.18","34,659.55"
03PITL2608-12,"1,104,074.84","48,171.75"
03PITL2608-13,"2,705,143.22","113,056.71"
03PITL2608-15,"438,500.96","18,730.67"
03PITL2608-16,"2,307,482.65","86,493.88"
03PITL2608-17,"1,669,399.21","63,905.35"
03PITL2608-18,"1,103,607.60","50,993.41"
03PITL2608-19,"1,491,695.22","60,821.85"
03PITL2608-2,"1,985,505.21","72,912.73"
03PITL2608-20,"499,504.54","27,215.43"
03PITL2608-21,"766,425.78","31,956.04"
03PITL2608-22,"1,500,399.79","62,172.19"
03PITL2608-23,"387,435.68","13,234.08"
03PITL2608-24,"1,685,026.21","90,414.25"
03PITL2608-25,"1,200,184.46","49,162.27"
03PITL2608-26,"751,094.36","28,003.08"
03PITL2608-27,"1,564,012.13","67,440.88"
03PITL2608-28,"1,104,720.67","135,600.84"
03PITL2608-29,"398,732.06","14,863.40"
03PITL2608-3,"397,248.35","16,347.71"
03PITL2608-30,"685,353.57","30,977.37"
03PITL2608-31,"394,974.60","13,335.51"
03PITL2608-32,"302,268.89","12,380.96"
03PITL2608-33,"476,163.73","33,129.12"
03PITL2608-34,"414,460.70","16,349.68"
03PITL2608-35,"693,922.18","26,196.72"
03PITL2608-36,"1,178,366.86","56,864.92"
03PITL2608-37,"303,628.22","15,250.46"
03PITL2608-38,"1,186,760.11","52,406.21"
03PITL2608-39,"2,198,063.74","81,184.40"
03PITL2608-4,"652,851.11","24,618.64"
03PITL2608-40,"612,944.49","39,393.61"
03PITL2608-41,"650,825.67","25,613.38"
03PITL2608-42,"723,382.93","27,814.63"
03PITL2608-5,"960,310.03","38,145.74"
03PITL2608-6,"1,259,324.44","51,552.09"
03PITL2608-7,"724,236.20","28,354.30"
03PITL2608-8,"345,967.81","11,588.28"
03PITL2608-9,"557,576.10","20,270.84"
03PKCL2607-1,"938,115.83","38,534.57"
03PKCL2607-2,"883,914.01","41,421.16"
03PKCL2607-3,"1,168,440.29","83,963.40"
03PKCL2607-4,"773,506.98","18,490.90"
03PKFL2608-10,"1,046,984.52","40,653.26"
03PKFL2608-13,"2,743,723.57","148,066.22"
03PKFL2608-14,"976,196.28","55,889.03"
03PKFL2608-15,"852,380.29","25,897.89"
03PKFL2608-16,"56,020.86","5,034.69"
03PKFL2608-17,"869,710.47","20,769.29"
03PKFL2608-18,"962,623.84","33,036.94"
03PKFL2608-19,"432,456.40","18,516.54"
03PKFL2608-2,"407,649.91","12,761.04"
03PKFL2608-20,"885,638.91","43,425.03"
03PKFL2608-21,"675,389.06","32,735.66"
03PKFL2608-22,"500,351.06","25,116.93"
03PKFL2608-23,"943,761.55","26,558.33"
03PKFL2608-24,"926,598.77","35,770.30"
03PKFL2608-25,"985,366.59","33,736.21"
03PKFL2608-26,"838,520.44","37,778.23"
03PKFL2608-28,"857,132.10","13,082.01"
03PKFL2608-29,"397,118.55","11,200.77"
03PKFL2608-30,"702,063.25","26,382.51"
03PKFL2608-31,"639,349.81","31,186.25"
03PKFL2608-32,"848,386.69","41,781.20"
03PKFL2608-33,"964,189.37","47,333.03"
03PKFL2608-4,"479,285.17","7,308.15"
03PKFL2608-5,"805,416.78","16,441.62"
03PKFL2608-6,"2,347,933.17","64,547.77"
03PKFL2608-7,"342,677.25","11,791.93"
03PKFL2608-8,"1,582,165.04","67,066.78"
03PKFL2608-9,"930,343.62","6,328.07"
03PKML2606-1,"408,114.60","12,376.07"
03PKML2606-2,"312,409.59","16,516.17"
03PKML2606-3,"744,162.09","44,589.30"
03PKML2606-4,"364,407.13","11,165.03"
03PKML2606-5,"644,957.08","57,159.16"
03PKML2606-6,"411,991.42","9,858.04"
03PKML2606-7,"1,414,881.12","72,472.52"
03PKML2607-1,"865,201.23","44,352.77"
03PKML2607-2,"359,905.28","30,264.17"
03PKML2607-4,"160,759.51","16,146.30"
03PKRL2606-2,"255,322.79","5,761.74"
03PKRL2606-3,"805,354.82","50,229.07"
03PKRL2606-5,"1,034,793.98","53,877.35"
03PKRL2607-1,"1,590,123.33","95,634.51"
03PKRL2607-2,"660,300.10","42,619.85"
03PKRL2607-3,"494,181.60","32,047.18"
03PKRL2607-4,"938,670.24","49,349.22"
03PKRL2607-5,"393,218.29","25,210.07"
03PKRL2607-6,"849,742.88","49,120.67"
03PKRL2608-1,"851,023.93","46,890.37"
03PKRL2608-2,"259,508.87","13,730.37"
03PKRL2608-3,"403,713.66","25,818.89"
03PKRL2608-4,"580,200.79","28,966.66"
03PKRL2608-5,"1,332,237.84","85,252.93"
03PKRL2608-6,"1,129,408.67","32,161.59"
03PKRL2608-7,"434,470.49","24,235.72"
03PKTL2608-1,"448,868.90","35,744.66"
03PKTL2608-10,"826,692.12","41,618.16"
03PKTL2608-2,"803,329.30","22,210.45"
03PKTL2608-3,"754,134.96","34,061.87"
03PKTL2608-4,"746,151.27","49,539.24"
03PKTL2608-5,"258,605.21","12,572.58"
03PKTL2608-6,"819,597.17","31,394.18"
03PKTL2608-7,"794,074.10","41,385.32"
03PKTL2608-8,"802,291.81","29,665.60"
03PKTL2608-9,"999,692.11","41,900.34"
03PLCL2606-1,"572,617.86","29,034.63"
03PLCL2606-2,"3,006,321.29","182,847.70"
03PLCL2606-3,"2,132,357.66","147,095.04"
03PLCL2606-4,"337,695.57","20,003.92"
03PLCL2606-6,"540,887.31","38,857.34"
03PLCL2606-7,"2,227,638.28","149,215.13"
03PLCL2607-1,"921,788.33","54,234.77"
03PLCL2607-2,"957,577.14","51,632.46"
03PLCL2607-3,"396,693.13","21,264.18"
03PLCL2607-4,"1,043,037.27","51,591.17"
03PLFL2608-1,"854,464.74","31,784.92"
03PLFL2608-10,"1,102,000.00","54,156.54"
03PLFL2608-11,"1,163,894.60","55,230.75"
03PLFL2608-12,"394,309.32","15,183.65"
03PLFL2608-13,"1,217,843.37","57,748.63"
03PLFL2608-15,"1,597,578.00","68,622.80"
03PLFL2608-16,"1,655,300.23","36,077.67"
03PLFL2608-17,"3,183,560.29","130,672.61"
03PLFL2608-18,"3,384,816.24","97,346.78"
03PLFL2608-19,"726,840.00","25,753.95"
03PLFL2608-2,"1,983,060.66","99,357.47"
03PLFL2608-20,"1,128,107.48","38,342.89"
03PLFL2608-21,"480,000.00","25,062.86"
03PLFL2608-22,"800,576.65","67,121.68"
03PLFL2608-23,"1,213,758.46","27,104.70"
03PLFL2608-24,"1,474,099.67","49,458.08"
03PLFL2608-25,"2,731,622.03","33,573.74"
03PLFL2608-26,"2,187,311.09","89,442.18"
03PLFL2608-27,"1,564,832.97","44,524.07"
03PLFL2608-28,"2,874,034.81","77,750.66"
03PLFL2608-3,"440,631.90","26,249.15"
03PLFL2608-30,"537,253.59","26,848.68"
03PLFL2608-31,"1,259,004.49","43,550.41"
03PLFL2608-32,"888,721.19","42,085.91"
03PLFL2608-33,"1,697,298.93","23,590.64"
03PLFL2608-34,"518,072.60","30,517.72"
03PLFL2608-35,"1,441,994.41","51,861.27"
03PLFL2608-36,"526,103.92","20,449.46"
03PLFL2608-37,"1,573,850.80","68,153.32"
03PLFL2608-38,"1,423,852.49","74,761.42"
03PLFL2608-39,"736,779.92","25,829.91"
03PLFL2608-4,"830,287.92","29,299.69"
03PLFL2608-40,"524,450.00","21,115.85"
03PLFL2608-41,"324,861.58","6,391.74"
03PLFL2608-42,"883,149.50","35,026.86"
03PLFL2608-43,"1,647,823.90","31,432.11"
03PLFL2608-44,"860,364.79","35,501.99"
03PLFL2608-45,"850,000.00","34,619.50"
03PLFL2608-46,"1,205,199.53","154,441.64"
03PLFL2608-47,"5,834,595.89","264,740.07"
03PLFL2608-48,"1,988,464.67","81,415.40"
03PLFL2608-49,"575,576.90","19,635.26"
03PLFL2608-5,"2,492,846.58","117,823.91"
03PLFL2608-50,"1,649,093.86","49,697.22"
03PLFL2608-51,"1,791,077.30","64,613.58"
03PLFL2608-52,"534,482.31","22,184.97"
03PLFL2608-53,"2,750,798.58","127,679.67"
03PLFL2608-54,"2,577,120.63","74,971.03"
03PLFL2608-55,"400,973.31","9,712.40"
03PLFL2608-57,"2,717,362.82","106,922.03"
03PLFL2608-58,"1,299,763.74","53,355.07"
03PLFL2608-59,"1,189,536.40","43,418.71"
03PLFL2608-6,"1,978,814.56","78,622.31"
03PLFL2608-60,"1,127,227.99","38,900.43"
03PLFL2608-61,"401,135.25","17,122.26"
03PLFL2608-62,"732,811.69","16,354.63"
03PLFL2608-63,"2,733,702.37","100,503.87"
03PLFL2608-64,"920,100.17","31,433.35"
03PLFL2608-65,"738,800.00","20,829.21"
03PLFL2608-66,"577,227.89","20,655.56"
03PLFL2608-8,"575,640.22","23,520.58"
03PLFL2608-9,"645,354.24","8,952.37"
03PLML2606-1,"1,131,874.85","98,917.03"
03PLML2606-2,"666,902.25","44,738.34"
03PLML2606-3,"1,337,126.75","83,355.98"
03PLML2606-4,"589,933.50","23,074.60"
03PLML2606-5,"956,634.86","61,809.81"
03PLML2607-1,"455,236.37","27,983.08"
03PLML2607-2,"367,087.39","36,617.19"
03PLML2607-3,"634,580.87","31,514.54"
03PLML2607-4,"844,699.51","40,283.06"
03PLRL2606-1,"569,787.16","32,041.26"
03PLRL2606-10,"2,485,803.51","192,826.71"
03PLRL2606-11,"528,380.01","45,988.53"
03PLRL2606-12,"549,624.64","53,928.05"
03PLRL2606-2,"1,166,240.96","52,713.81"
03PLRL2606-3,"1,687,086.97","112,099.79"
03PLRL2606-4,"444,508.97","24,922.46"
03PLRL2606-5,"362,977.63","31,506.47"
03PLRL2606-6,"819,889.28","54,189.89"
03PLRL2606-7,"770,180.04","41,203.06"
03PLRL2606-9,"970,833.37","22,983.50"
03PLRL2607-1,"647,650.61","35,036.12"
03PLRL2607-11,"573,517.25","35,450.57"
03PLRL2607-12,"2,383,808.29","147,759.65"
03PLRL2607-2,"2,970,858.29","149,520.65"
03PLRL2607-3,"949,673.34","56,835.23"
03PLRL2607-4,"1,422,970.14","76,084.57"
03PLRL2607-5,"1,958,196.05","129,718.12"
03PLRL2607-6,"2,055,588.09","185,701.02"
03PLRL2607-7,"473,149.23","20,054.66"
03PLRL2607-8,"1,584,691.91","104,944.81"
03PLRL2607-9,"1,943,083.95","68,057.93"
03PLRL2608-1,"1,042,717.07","47,017.19"
03PLRL2608-10,"1,428,593.10","56,816.93"
03PLRL2608-11,"1,606,829.03","33,018.38"
03PLRL2608-12,"690,821.83","33,179.73"
03PLRL2608-2,"2,320,016.95","118,886.53"
03PLRL2608-3,"1,235,256.88","56,092.01"
03PLRL2608-4,"2,179,476.13","102,966.80"
03PLRL2608-5,"660,775.14","32,431.17"
03PLRL2608-6,"1,505,781.90","88,249.60"
03PLRL2608-7,"688,763.13","30,883.57"
03PLRL2608-8,"1,127,626.89","40,471.07"
03PLRL2608-9,"1,350,981.62","38,449.78"
03PLTL2606-1,"393,548.63","5,359.84"
03PLTL2606-2,"725,360.47","47,897.92"
03PLTL2608-1,"824,905.27","40,203.36"
03PLTL2608-10,"640,362.15","31,336.51"
03PLTL2608-11,"947,293.56","44,812.09"
03PLTL2608-12,"1,056,128.49","45,741.81"
03PLTL2608-13,"585,351.18","22,548.50"
03PLTL2608-2,"365,405.78","13,067.40"
03PLTL2608-3,"322,334.02","19,261.75"
03PLTL2608-4,"880,505.85","22,157.35"
03PLTL2608-5,"418,084.01","11,925.62"
03PLTL2608-6,"1,368,826.00","65,100.82"
03PLTL2608-7,"469,594.64","20,058.98"
03PLTL2608-8,"1,859,651.14","79,453.42"
03PLTL2608-9,"1,468,300.62","57,437.53"
03PMCL2606-1,"1,315,148.42","88,525.20"
03PMCL2607-1,"854,825.72","38,238.26"
03PMCL2607-2,"751,779.32","40,172.34"
03PMFL2608-1,"235,195.81","16,841.95"
03PMFL2608-11,"666,596.24","41,099.50"
03PMFL2608-13,"695,617.33","13,560.05"
03PMFL2608-14,"351,187.64","17,390.78"
03PMFL2608-15,"1,836,597.31","108,443.89"
03PMFL2608-16,"600,243.01","36,129.91"
03PMFL2608-17,"25,465.07","27,927.38"
03PMFL2608-19,"187,473.80","2,803.45"
03PMFL2608-2,"188,595.98","22,295.38"
03PMFL2608-20,"1,733,955.46","101,314.39"
03PMFL2608-21,"248,798.94","29,081.35"
03PMFL2608-22,"112,674.28","21,712.02"
03PMFL2608-23,"389,107.75","14,200.43"
03PMFL2608-24,"874,115.56","19,266.01"
03PMFL2608-25,"430,992.13","19,471.29"
03PMFL2608-29,"274,251.88","25,280.11"
03PMFL2608-30,"221,285.20","11,754.66"
03PMFL2608-31,"539,008.92","17,535.49"
03PMFL2608-32,"674,647.75","33,555.46"
03PMFL2608-33,"467,691.08","21,833.31"
03PMFL2608-37,"654,151.86","38,253.01"
03PMFL2608-38,"627,711.89","31,355.25"
03PMFL2608-39,"385,967.76","17,787.07"
03PMFL2608-4,"513,917.01","39,955.99"
03PMFL2608-40,"361,828.11","11,435.66"
03PMFL2608-41,"893,840.55","47,982.45"
03PMFL2608-42,"306,057.34","8,464.37"
03PMFL2608-43,"2,347,292.32","138,350.94"
03PMFL2608-45,"454,546.84","19,339.51"
03PMFL2608-46,"432,187.84","28,521.05"
03PMFL2608-47,"1,181,911.25","27,199.68"
03PMFL2608-48,"666,101.00","37,979.76"
03PMFL2608-49,"237,288.34","16,937.94"
03PMFL2608-50,"59,237.47","34,377.81"
03PMFL2608-51,"89,817.41","12,475.49"
03PMFL2608-52,"486,748.75","39,185.40"
03PMFL2608-53,"342,635.62","19,245.99"
03PMFL2608-54,"313,944.36","19,106.32"
03PMFL2608-55,"354,918.56","24,651.87"
03PMFL2608-57,"125,376.53","11,221.63"
03PMFL2608-59,"336,075.23","17,696.01"
03PMFL2608-6,"554,035.90","41,331.13"
03PMFL2608-60,"437,665.76","26,394.15"
03PMFL2608-61,"613,787.94","19,852.52"
03PMFL2608-62,"375,122.97","3,743.25"
03PMFL2608-64,"878,654.49","24,824.48"
03PMFL2608-7,"317,500.12","11,931.95"
03PMFL2608-70,"545,639.56","27,194.01"
03PMFL2608-71,"327,135.23","20,014.51"
03PMFL2608-8,"545,506.05","33,066.45"
03PMML2606-1,"753,546.86","34,424.98"
03PMML2606-3,"510,699.26","35,462.98"
03PMML2606-4,"443,332.09","8,342.57"
03PMRL2606-1,"433,199.79","32,830.78"
03PMRL2606-3,"1,031,773.03","52,729.15"
03PMRL2607-1,"313,725.15","15,974.81"
03PMRL2607-2,"939,036.35","100,760.51"
03PMRL2607-3,"846,736.18","48,404.66"
03PMRL2607-5,"2,545,321.79","99,127.01"
03PMRL2608-1,"629,320.80","31,098.24"
03PMRL2608-2,"918,761.06","26,879.52"
03PMRL2608-3,"321,228.86","21,102.79"
03PMRL2608-4,"454,617.95","34,412.27"
03PMTL2608-1,"1,891,205.70","83,918.87"
03PMTL2608-11,"449,443.12","44,895.18"
03PMTL2608-12,"547,873.35","21,408.72"
03PMTL2608-13,"1,194,332.30","75,369.35"
03PMTL2608-14,"495,944.96","31,858.95"
03PMTL2608-15,"909,712.25","51,254.52"
03PMTL2608-16,"1,554,047.62","95,880.95"
03PMTL2608-17,"279,790.60","17,379.61"
03PMTL2608-18,"282,602.73","25,339.71"
03PMTL2608-2,"1,364,743.34","62,533.39"
03PMTL2608-3,"311,656.20","13,491.92"
03PMTL2608-4,"389,424.88","14,739.88"
03PMTL2608-6,"687,567.47","153,834.15"
03PMTL2608-7,"745,256.86","34,883.20"
03PMTL2608-8,"360,527.58","14,886.65"
03PMTL2608-9,"417,309.96","19,091.35"
03PNCL2606-1,"1,259,295.22","74,836.37"
03PNFL2608-10,"1,229,237.43","45,604.42"
03PNFL2608-11,"62,559.91","19,557.67"
03PNFL2608-15,"348,166.41","34,603.12"
03PNFL2608-16,"133,697.07","18,122.33"
03PNFL2608-17,"71,991.45","19,560.08"
03PNFL2608-19,"348,996.17","21,489.01"
03PNFL2608-21,"1,107,013.06","48,576.09"
03PNFL2608-22,"77,377.90","9,655.39"
03PNFL2608-3,"706,602.38","20,383.48"
03PNFL2608-4,"585,331.18","40,025.35"
03PNFL2608-5,"68,970.65","51,331.47"
03PNML2606-1,"1,470,106.83","133,652.06"
03PNML2607-1,"880,949.04","6,806.87"
03PNML2607-2,"791,288.95","230,827.27"
03PNTL2608-1,"4,708,524.41","236,396.19"
03PNTL2608-2,"465,664.01","20,265.11"
03PNTL2608-3,"943,077.75","40,503.78"
03POFL2608-1,"507,629.51","30,152.68"
03POFL2608-10,"1,006,764.46","54,887.97"
03POFL2608-11,"791,648.38","24,323.12"
03POFL2608-12,"396,428.01","14,258.29"
03POFL2608-14,"584,077.19","31,562.29"
03POFL2608-15,"541,251.77","35,196.92"
03POFL2608-17,"35,386.95","8,851.32"
03POFL2608-18,"506,738.86","17,218.77"
03POFL2608-2,"293,785.47","42,837.82"
03POFL2608-20,"846,716.18","15,586.54"
03POFL2608-21,"277,648.41","17,616.48"
03POFL2608-22,"358,652.87","16,271.92"
03POFL2608-25,"424,648.36","20,457.81"
03POFL2608-27,"659,670.04","8,501.86"
03POFL2608-28,"3,028,820.27","129,815.20"
03POFL2608-3,"460,008.82","24,438.25"
03POFL2608-30,"405,365.00","13,875.55"
03POFL2608-32,"554,332.55","41,419.17"
03POFL2608-33,"763,515.78","5,586.48"
03POFL2608-35,"784,840.76","6,067.26"
03POFL2608-37,"364,082.71","17,232.32"
03POFL2608-39,"426,290.49","13,375.91"
03POFL2608-4,"187,617.76","20,071.64"
03POFL2608-40,"85,267.21","10,263.36"
03POFL2608-42,"545,915.19","29,494.39"
03POFL2608-43,"1,221,031.36","18,816.82"
03POFL2608-5,"1,039,381.92","58,875.32"
03POFL2608-7,"200,434.70","8,401.11"
03POFL2608-8,"364,865.06","2,618.98"
03POFL2608-9,"891,433.74","29,045.76"
03POML2607-1,"73,372.28","78,477.67"
03POML2607-2,"252,286.67","29,257.89"
03PORL2606-2,"2,072,945.12","73,792.34"
03PORL2606-3,"1,851,997.46","92,137.81"
03PORL2606-6,"137,914.23","15,748.77"
03PORL2607-1,"2,320,232.28","123,392.43"
03PORL2607-2,"553,869.01","28,308.14"
03PORL2608-1,"1,479,431.46","54,958.53"
03PORL2608-2,"862,681.36","12,269.72"
03PORL2608-4,"2,439,600.17","125,298.60"
03PORL2608-5,"1,961,443.72","71,174.53"
03PORL2608-6,"148,557.62","2,516.62"
03PORL2608-7,"930,255.92","63,433.57"
03PORL2608-8,"377,644.01","15,383.47"
03POTL2608-1,"796,256.41","40,713.11"
03POTL2608-3,"1,219,584.03","74,535.54"
03POTL2608-4,"685,191.44","37,635.88"
03POTL2608-5,"435,579.27","22,600.72"
03POTL2608-6,"62,080.06","33,185.23"
03PPRL2606-1,"2,251,216.42","65,875.11"
03PPRL2606-2,"1,386,521.33","117,865.70"
03PPRL2606-3,"609,698.56","44,071.58"
03PPRL2606-4,"1,188,675.12","71,436.42"
03PPRL2606-5,"1,444,190.50","91,987.04"
03PPRL2606-6,"409,799.36","21,804.06"
03PPRL2606-7,"700,604.82","37,928.43"
03PPRL2606-8,"914,799.44","23,454.35"
03PPRL2606-9,"683,989.59","33,942.69"
03PPRL2607-1,"2,380,456.43","166,297.61"
03PPRL2607-10,"1,166,652.21","58,952.78"
03PPRL2607-2,"1,305,609.14","41,100.67"
03PPRL2607-3,"609,997.97","27,560.17"
03PPRL2607-4,"1,629,546.82","101,418.62"
03PPRL2607-6,"884,001.27","49,287.71"
03PPRL2607-8,"1,459,222.23","80,169.83"
03PPRL2607-9,"1,580,835.43","55,264.03"
03PPRL2608-1,"301,278.43","19,435.68"
03PPRL2608-2,"570,877.72","30,587.90"
03PPRL2608-3,"932,221.06","40,046.61"
03PPRL2608-4,"2,503,892.87","105,113.97"
03PPRL2608-5,"1,414,302.68","50,468.88"
03PPRL2608-6,"382,538.62","17,420.60"
03PRCL2606-2,"661,706.25","26,677.21"
03PRCL2607-1,"1,278,918.84","58,913.31"
03PRCL2607-2,"868,716.11","34,207.59"
03PRFL2608-1,"514,191.26","10,008.12"
03PRFL2608-10,"414,910.82","5,355.90"
03PRFL2608-11,"422,918.64","11,618.66"
03PRFL2608-12,"1,450,062.11","61,737.65"
03PRFL2608-13,"466,304.77","22,304.30"
03PRFL2608-14,"673,254.98","9,434.74"
03PRFL2608-15,"448,304.85","15,476.45"
03PRFL2608-16,"413,059.32","14,775.75"
03PRFL2608-17,"350,156.09","10,078.94"
03PRFL2608-18,"990,285.29","4,638.39"
03PRFL2608-19,"1,056,833.94","29,687.57"
03PRFL2608-2,"973,411.92","7,580.96"
03PRFL2608-20,"413,168.97","12,066.04"
03PRFL2608-21,"550,874.98","15,636.58"
03PRFL2608-22,"655,395.66","57,800.41"
03PRFL2608-23,"430,651.37","18,386.73"
03PRFL2608-24,"666,605.14","17,571.53"
03PRFL2608-25,"846,890.46","24,904.60"
03PRFL2608-26,"2,341,906.54","110,045.87"
03PRFL2608-27,"391,563.57","15,457.54"
03PRFL2608-29,"607,937.86","35,501.58"
03PRFL2608-31,"424,289.14","4,297.41"
03PRFL2608-32,"898,662.40","44,709.66"
03PRFL2608-33,"469,429.33","19,237.58"
03PRFL2608-34,"1,195,258.09","50,566.11"
03PRFL2608-35,"980,703.61","84,601.40"
03PRFL2608-36,"406,237.05","8,936.18"
03PRFL2608-37,"959,138.45","62,893.85"
03PRFL2608-38,"657,882.25","32,105.03"
03PRFL2608-4,"555,124.93","21,370.10"
03PRFL2608-5,"408,239.93","21,139.03"
03PRFL2608-6,"1,249,487.59","35,239.38"
03PRFL2608-7,"612,903.97","17,402.78"
03PRFL2608-8,"1,411,514.59","37,699.85"
03PRFL2608-9,"1,138,090.38","56,911.67"
03PRRL2606-1,"320,058.43","16,680.34"
03PRRL2606-3,"1,092,498.75","78,893.86"
03PRRL2607-2,"579,090.50","39,039.51"
03PRRL2607-3,"402,783.42","25,887.89"
03PRRL2607-4,"387,182.22","23,793.66"
03PRRL2607-5,"1,346,550.01","87,653.02"
03PRRL2608-1,"648,244.14","23,678.85"
03PRRL2608-2,"425,404.86","16,754.85"
03PRRL2608-3,"394,527.89","26,787.53"
03PRRL2608-4,"805,338.28","26,018.85"
03PRTL2608-1,"387,304.35","12,864.69"
03PRTL2608-2,"737,947.74","38,106.56"
03PRTL2608-3,"487,258.35","19,704.37"
03PRTL2608-4,"815,107.92","29,380.55"
03PRTL2608-5,"407,926.25","20,343.50"
03PRTL2608-6,"485,314.20","19,332.51"
03PRTL2608-7,"377,960.06","13,827.79"
03PRTL2608-8,"663,546.76","28,621.70"
03PSCL2606-2,"1,012,188.59","52,041.56"
03PSCL2607-1,"1,296,783.51","124,102.75"
03PSCL2607-10,"658,301.98","26,992.72"
03PSCL2607-11,"1,308,656.03","98,490.02"
03PSCL2607-12,"849,717.72","56,704.26"
03PSCL2607-3,"881,887.15","53,017.79"
03PSCL2607-4,"2,536,788.65","147,668.45"
03PSCL2607-5,"1,596,560.65","85,559.40"
03PSCL2607-6,"1,763,306.64","84,811.48"
03PSCL2607-7,"1,668,047.05","70,313.69"
03PSCL2607-8,"1,051,985.67","79,392.38"
03PSCL2607-9,"3,101,614.30","90,931.57"
03PSML2606-1,"967,064.46","64,475.65"
03PSML2606-2,"880,449.66","57,807.74"
03PSML2606-3,"1,038,092.88","53,932.43"
03PSML2606-4,"2,249,726.68","108,335.04"
03PSML2607-1,"268,247.94","24,610.32"
03PSML2607-10,"894,832.23","56,355.20"
03PSML2607-11,"1,064,925.47","71,238.47"
03PSML2607-12,"1,109,160.74","53,046.87"
03PSML2607-2,"1,534,260.70","83,031.85"
03PSML2607-3,"2,039,036.95","101,578.94"
03PSML2607-4,"604,736.32","89,162.57"
03PSML2607-5,"1,135,106.26","46,785.52"
03PSML2607-6,"1,118,107.10","68,525.41"
03PSML2607-7,"1,430,525.65","82,367.01"
03PSML2607-8,"323,804.76","38,565.91"
03PSML2607-9,"950,497.66","28,355.32"
03PSRL2606-1,"259,324.91","21,930.99"
03PSRL2607-1,"398,594.14","29,246.33"
03PSRL2607-2,"1,352,466.40","48,916.51"
03PSRL2607-3,"1,048,987.64","70,732.55"
03PSRL2607-4,"424,249.01","23,000.25"
03PSRL2608-1,"1,041,621.57","46,613.35"
03PSRL2608-2,"689,744.80","34,434.73"
03PSRL2608-3,"708,828.62","15,012.49"
03PSRL2608-4,"557,434.25","25,170.29"
03PSRL2608-5,"706,093.12","47,196.74"
03PSRL2608-6,"2,231,110.68","71,999.38"
03PSRL2608-7,"364,343.63","31,513.17"
03PSRL2608-8,"993,786.66","58,701.11"
03PSTL2606-1,"1,920,648.46","147,801.31"
03PTCL2606-3,"162,724.54","5,350.21"
03PTCL2606-4,"640,841.99","57,454.45"
03PTRL2606-2,"936,497.11","49,962.03"
03PTRL2606-3,"315,674.53","11,255.57"
03PTRL2607-1,"672,963.60","42,513.11"
03PTRL2607-2,"366,197.16","15,902.37"
03PTRL2608-1,"5,815,661.16","201,526.06"
03PUFL2608-1,"1,279,041.66","60,009.08"
03PUFL2608-10,"1,053,735.97","121,158.48"
03PUFL2608-11,"79,593.14","8,230.98"
03PUFL2608-12,"5,497,177.50","239,387.23"
03PUFL2608-13,"1,692,357.54","69,652.46"
03PUFL2608-2,"268,398.81","14,884.91"
03PUFL2608-5,"517,508.43","23,823.35"
03PUFL2608-6,"481,910.62","14,665.93"
03PUFL2608-7,"929,910.82","34,945.56"
03PUFL2608-8,"1,104,219.37","128,579.42"
03PUFL2608-9,"2,802,890.61","104,327.11"
03PUML2607-1,"3,877,025.38","229,065.13"
03PURL2608-1,"251,639.49","34,828.39"
03PVRL2608-1,"1,723,294.75","76,208.20"
03PZFL2608-1,"876,287.17","42,503.10"
03PZFL2608-2,"514,883.03","13,115.20"
03PZFL2608-3,"373,156.08","31,510.03"
03PZFL2608-4,"756,633.72","29,271.87"
03PZFL2608-5,"1,230,719.36","47,380.14"
03PZFL2608-6,"640,641.55","25,981.28"
03PZRL2607-1,"1,101,755.00","39,409.78"
03PZRL2607-2,"490,483.20","32,189.55"
03PZRL2608-1,"623,719.52","47,440.70"
03PZTL2608-1,"711,923.92","45,875.41"
03PZTL2608-2,"756,454.21","35,837.94"
03PZTL2608-3,"1,044,581.98","44,035.10"
04PACL2606-10,"1,867,442.65","174,001.47"
04PACL2606-14,"585,171.40","59,949.06"
04PACL2606-3,"1,009,899.27","88,870.65"
04PACL2606-6,"417,870.88","35,480.95"
04PACL2607-1,"1,012,113.69","74,783.96"
04PACL2607-10,"952,894.94","74,706.95"
04PACL2607-11,"1,698,478.18","45,469.17"
04PACL2607-12,"1,011,178.24","52,583.75"
04PACL2607-2,"433,533.79","54,767.82"
04PACL2607-3,"949,966.61","49,053.05"
04PACL2607-4,"974,536.79","61,406.49"
04PACL2607-5,"1,598,389.94","113,965.99"
04PACL2607-6,"424,603.45","34,875.71"
04PACL2607-7,"1,011,129.43","58,033.08"
04PACL2607-8,"1,611,731.73","175,072.50"
04PACL2607-9,"861,686.37","42,946.51"
04PACL2608-1,"1,433,905.76","30,260.31"
04PACL2608-10,"1,137,070.20","103,501.06"
04PACL2608-11,"945,475.75","57,230.38"
04PACL2608-2,"981,619.76","49,630.76"
04PACL2608-3,"525,066.61","42,972.93"
04PACL2608-4,"1,743,780.26","98,538.72"
04PACL2608-5,"74,381.57","19,456.57"
04PACL2608-6,"949,513.11","60,166.03"
04PACL2608-7,"962,972.03","54,895.30"
04PACL2608-8,"1,605,366.25","86,840.05"
04PACL2608-9,"982,611.44","56,220.75"
04PAML2606-3,"463,056.89","35,765.09"
04PAML2606-4,"1,059,296.86","70,884.30"
04PAML2606-5,"1,169,013.59","95,759.14"
04PAML2606-6,"2,290,489.69","193,195.72"
04PAML2606-7,"220,116.35","52,399.01"
04PAML2607-1,"906,149.34","64,315.93"
04PAML2607-2,"969,476.47","58,451.51"
04PAML2607-4,"846,637.12","59,253.67"
04PAML2607-5,"963,361.78","78,455.33"
04PAML2607-6,"740,537.15","60,130.05"
04PAML2607-7,"801,718.84","77,716.80"
04PAML2607-8,"623,028.75","54,962.49"
04PAML2607-9,"847,354.66","86,663.16"
04PAML2608-1,"989,857.20","60,490.21"
04PAML2608-10,"448,918.26","66,488.89"
04PAML2608-11,"722,758.09","45,238.52"
04PAML2608-12,"852,453.24","49,495.13"
04PAML2608-13,"1,654,312.65","133,246.94"
04PAML2608-2,"1,376,124.10","53,524.83"
04PAML2608-3,"336,927.82","41,603.65"
04PAML2608-4,"1,178,043.49","66,068.16"
04PAML2608-5,"98,435.27","8,773.37"
04PAML2608-6,"1,151,838.81","72,950.91"
04PAML2608-7,"56,333.05","3,941.07"
04PAML2608-8,"2,583,122.05","193,079.85"
04PAML2608-9,"367,643.97","36,346.55"
04PBML2606-1,"2,566,106.57","187,711.47"
04PBML2606-2,"1,565,172.89","166,165.95"
04PBML2607-1,"2,138,477.68","203,201.35"
04PBML2608-1,"1,140,115.01","75,263.66"
04PBML2608-2,"1,085,845.68","65,802.79"
04PBRL2606-1,"339,364.76","154,178.15"
04PBRL2606-2,"2,725,164.48","210,694.68"
04PBRL2607-2,"1,593,648.40","147,862.39"
04PBRL2607-3,"3,472,943.16","243,404.08"
04PBRL2607-4,"1,864,386.31","219,093.11"
04PBRL2607-5,"1,769,764.61","129,481.22"
04PBRL2607-6,"640,681.04","39,321.01"
04PBRL2607-7,"280,673.32","52,183.43"
04PBRL2607-8,"379,214.12","17,933.85"
04PBRL2607-9,"158,509.22","16,931.07"
04PBRL2608-1,"98,949.92","44,202.70"
04PBRL2608-2,"4,099,326.77","364,323.13"
04PBRL2608-3,"1,000,245.34","108,979.52"
04PCRL2606-1,"201,456.89","14,503.13"
04PCRL2606-2,"385,164.30","31,272.95"
04PCRL2606-3,"1,571,042.74","109,691.70"
04PCRL2606-4,"1,212,871.07","80,349.98"
04PCRL2606-5,"576,098.12","31,095.12"
04PCRL2606-6,"1,523,873.49","121,571.53"
04PCRL2606-7,"1,036,153.94","59,850.62"
04PCRL2607-1,"384,030.64","22,851.17"
04PCRL2607-10,"798,285.30","67,034.56"
04PCRL2607-11,"484,664.81","38,923.06"
04PCRL2607-2,"1,150,917.59","71,330.96"
04PCRL2607-3,"614,260.58","108,552.57"
04PCRL2607-4,"2,456,235.01","155,048.11"
04PCRL2607-5,"28,891.35","28,413.94"
04PCRL2607-6,"284,839.80","29,573.79"
04PCRL2607-8,"919,665.28","65,052.41"
04PCRL2608-1,"431,928.43","40,696.45"
04PCRL2608-10,"1,570,429.10","102,036.47"
04PCRL2608-11,"1,169,395.59","77,243.51"
04PCRL2608-12,"97,900.82","53,521.49"
04PCRL2608-2,"714,297.29","43,542.07"
04PCRL2608-3,"223,596.31","26,578.75"
04PCRL2608-4,"237,952.81","40,561.54"
04PCRL2608-5,"1,648,210.44","103,573.50"
04PCRL2608-6,"1,055,800.72","48,140.84"
04PCRL2608-7,"1,260,694.02","62,404.01"
04PCRL2608-8,"463,848.51","31,220.63"
04PCRL2608-9,"729,117.48","57,651.60"
04PDCL2606-1,"1,135,210.05","102,595.04"
04PDCL2606-2,"487,366.76","49,678.03"
04PDCL2607-1,"726,857.41","55,722.84"
04PDCL2607-2,"1,373,653.59","146,213.60"
04PDCL2607-3,"367,643.97","42,332.93"
04PDCL2607-4,"1,308,592.59","81,993.39"
04PDCL2608-1,"1,901,578.94","111,853.18"
04PDCL2608-2,"1,273,725.75","67,774.41"
04PDCL2608-3,"279,697.80","33,564.98"
04PDCL2608-4,"220,008.88","15,322.22"
04PDCL2608-5,"2,167,131.38","123,391.18"
04PDCL2608-6,"959,203.71","44,643.09"
04PDCL2608-7,"2,011,004.29","107,645.54"
04PDCL2608-8,"1,493,974.69","87,231.95"
04PDML2606-2,"859,786.84","74,336.28"
04PDML2606-3,"420,202.28","18,663.06"
04PDML2606-4,"314,405.13","34,645.98"
04PDML2606-5,"448,604.18","33,987.35"
04PDML2607-1,"1,432,360.33","42,581.46"
04PDML2607-2,"877,991.14","33,842.65"
04PDML2607-3,"634,980.20","57,743.89"
04PDML2607-4,"837,015.24","71,447.16"
04PDML2608-1,"870,332.35","38,574.81"
04PDML2608-10,"1,773,141.84","105,258.16"
04PDML2608-11,"464,699.82","24,228.22"
04PDML2608-12,"607,164.68","42,563.11"
04PDML2608-13,"1,198,653.29","58,456.13"
04PDML2608-2,"390,140.74","26,260.85"
04PDML2608-3,"1,375,048.57","98,243.41"
04PDML2608-4,"709,066.04","40,564.06"
04PDML2608-5,"517,071.91","53,524.71"
04PDML2608-6,"394,144.35","27,843.02"
04PDML2608-7,"1,355,809.92","88,437.39"
04PDML2608-8,"1,029,135.49","71,318.97"
04PDML2608-9,"834,902.63","50,665.68"
04PDRL2606-1,"522,961.26","58,371.25"
04PDRL2606-2,"160,215.03","8,585.32"
04PDRL2606-3,"1,905,448.55","64,922.61"
04PDRL2606-5,"464,260.44","45,035.25"
04PDRL2606-7,"1,756,651.40","142,368.93"
04PDRL2606-8,"943,213.52","57,297.39"
04PDRL2607-1,"617,280.44","59,032.58"
04PDRL2607-2,"990,323.64","47,286.86"
04PDRL2607-3,"1,231,882.68","21,235.96"
04PDRL2607-4,"336,819.36","25,957.40"
04PDRL2607-5,"1,127,803.10","88,247.50"
04PDRL2607-6,"523,680.43","109,750.01"
04PDRL2607-8,"714,712.25","62,833.48"
04PDRL2608-1,"210,196.99","36,011.57"
04PDRL2608-10,"3,713,964.99","170,906.62"
04PDRL2608-11,"1,216,430.49","70,973.04"
04PDRL2608-2,"1,290,564.87","131,352.80"
04PDRL2608-3,"31,205.92","34,295.57"
04PDRL2608-4,"945,259.46","44,738.04"
04PDRL2608-5,"387,348.30","40,434.77"
04PDRL2608-6,"729,054.21","47,473.03"
04PDRL2608-7,"924,398.11","49,199.65"
04PDRL2608-8,"626,420.91","44,053.77"
04PFCL2606-1,"729,890.09","63,969.98"
04PFCL2606-2,"431,741.85","26,654.25"
04PFCL2606-5,"865,262.81","75,619.38"
04PFCL2606-7,"923,698.76","64,869.98"
04PFCL2607-1,"1,328,687.23","99,894.85"
04PFCL2607-10,"162,344.46","18,476.33"
04PFCL2607-11,"1,181,540.94","65,887.66"
04PFCL2607-12,"543,733.08","52,049.96"
04PFCL2607-13,"627,219.17","55,630.50"
04PFCL2607-14,"2,678,387.86","267,368.11"
04PFCL2607-15,"622,805.61","43,080.14"
04PFCL2607-19,"526,348.34","21,350.82"
04PFCL2607-2,"516,582.70","27,197.34"
04PFCL2607-20,"1,658,397.31","83,912.18"
04PFCL2607-4,"66,337.22","17,197.94"
04PFCL2607-5,"2,223,087.61","242,394.89"
04PFCL2607-7,"446,895.48","28,441.31"
04PFCL2607-8,"1,204,544.18","104,476.37"
04PFCL2607-9,"516,037.24","30,038.63"
04PFCL2608-1,"675,943.56","51,222.05"
04PFCL2608-10,"385,748.53","63,838.18"
04PFCL2608-11,"381,177.77","63,020.94"
04PFCL2608-2,"982,592.54","65,219.15"
04PFCL2608-3,"725,839.88","46,136.96"
04PFCL2608-4,"405,831.37","18,835.49"
04PFCL2608-5,"452,063.93","30,096.01"
04PFCL2608-6,"742,121.80","38,928.74"
04PFCL2608-7,"556,699.32","36,305.93"
04PFCL2608-8,"799,417.85","62,407.80"
04PFCL2608-9,"777,977.95","49,279.59"
04PFML2606-10,"1,901,650.12","110,292.11"
04PFML2606-12,"94,951.89","60,869.38"
04PFML2606-13,"191,151.13","26,915.30"
04PFML2606-2,"687,478.37","40,621.28"
04PFML2606-3,"435,947.89","19,130.59"
04PFML2606-4,"326,727.73","29,304.29"
04PFML2606-5,"213,585.22","12,355.30"
04PFML2606-6,"1,242,956.50","53,514.18"
04PFML2606-7,"703,985.46","55,774.16"
04PFML2606-9,"539,305.81","31,006.68"
04PFML2607-11,"152,613.01","28,011.29"
04PFML2607-12,"541,044.72","37,084.93"
04PFML2607-13,"416,565.08","5,961.08"
04PFML2607-14,"1,215,781.70","100,451.95"
04PFML2607-15,"420,040.53","36,126.15"
04PFML2607-16,"662,262.29","30,828.13"
04PFML2607-17,"1,851,384.07","145,319.82"
04PFML2607-2,"207,014.07","27,288.87"
04PFML2607-3,"1,869,931.37","104,607.61"
04PFML2607-4,"397,024.57","26,089.01"
04PFML2607-5,"422,073.20","18,992.29"
04PFML2607-7,"388,273.23","11,695.71"
04PFML2607-8,"417,417.39","25,026.06"
04PFML2607-9,"279,578.17","22,551.59"
04PFML2608-1,"875,763.43","49,760.16"
04PFML2608-10,"382,366.35","19,789.80"
04PFML2608-11,"408,664.38","20,983.57"
04PFML2608-12,"453,720.79","26,126.32"
04PFML2608-13,"1,369,459.06","98,339.14"
04PFML2608-14,"1,032,521.56","59,933.18"
04PFML2608-15,"560,564.98","23,754.66"
04PFML2608-16,"362,316.57","30,410.28"
04PFML2608-17,"644,348.56","38,753.28"
04PFML2608-2,"794,072.16","51,977.19"
04PFML2608-3,"797,209.67","53,632.54"
04PFML2608-4,"367,045.02","23,246.27"
04PFML2608-5,"835,994.12","61,511.81"
04PFML2608-6,"285,311.04","22,103.08"
04PFML2608-7,"816,469.50","47,633.66"
04PFML2608-8,"442,754.47","27,654.65"
04PFML2608-9,"51,387.35","12,405.74"
04PFRL2606-1,"758,076.91","71,573.09"
04PFRL2606-12,"494,361.57","29,404.01"
04PFRL2606-13,"581,999.28","29,250.30"
04PFRL2606-14,"271,645.83","9,676.97"
04PFRL2606-2,"1,678,593.54","145,906.27"
04PFRL2606-4,"231,399.83","28,433.61"
04PFRL2606-5,"420,194.72","19,225.52"
04PFRL2606-6,"390,513.42","26,239.23"
04PFRL2606-7,"925,858.37","75,490.15"
04PFRL2606-8,"122,069.46","26,735.98"
04PFRL2607-1,"399,181.50","11,477.42"
04PFRL2607-10,"767,801.82","61,646.07"
04PFRL2607-11,"702,125.54","52,617.29"
04PFRL2607-12,"141,776.59","12,081.13"
04PFRL2607-16,"688,247.24","61,978.30"
04PFRL2607-18,"325,197.21","27,606.64"
04PFRL2607-19,"832,628.94","64,030.50"
04PFRL2607-2,"697,661.50","51,664.84"
04PFRL2607-20,"403,586.45","24,453.92"
04PFRL2607-21,"929,143.27","69,062.85"
04PFRL2607-22,"793,566.59","57,034.41"
04PFRL2607-23,"552,347.35","55,587.80"
04PFRL2607-24,"829,406.37","53,052.28"
04PFRL2607-25,"430,630.25","31,391.48"
04PFRL2607-26,"1,437,272.40","60,320.26"
04PFRL2607-27,"547,074.80","28,353.78"
04PFRL2607-28,"461,615.32","50,084.56"
04PFRL2607-29,"407,447.32","26,709.28"
04PFRL2607-3,"14,523.96","16,947.46"
04PFRL2607-5,"417,319.45","29,060.27"
04PFRL2607-7,"1,787,280.88","79,681.82"
04PFRL2607-8,"434,558.09","30,137.85"
04PFRL2607-9,"23,985.53","5,045.27"
04PFRL2608-1,"459,550.98","14,983.13"
04PFRL2608-10,"225,921.30","25,488.78"
04PFRL2608-12,"393,752.07","9,311.99"
04PFRL2608-13,"748,963.57","44,211.48"
04PFRL2608-14,"901,987.94","59,180.37"
04PFRL2608-15,"865,796.27","55,944.20"
04PFRL2608-16,"1,768,421.97","67,322.43"
04PFRL2608-17,"719,004.60","168,960.34"
04PFRL2608-18,"315,568.53","23,002.18"
04PFRL2608-19,"400,973.31","23,392.04"
04PFRL2608-20,"340,109.56","23,265.04"
04PFRL2608-21,"407,173.44","23,576.28"
04PFRL2608-22,"115,854.75","17,118.62"
04PFRL2608-23,"366,806.57","13,114.26"
04PFRL2608-24,"594,810.49","46,664.44"
04PFRL2608-25,"458,165.60","28,520.30"
04PFRL2608-26,"876,313.05","47,705.06"
04PFRL2608-27,"72,149.89","8,570.21"
04PFRL2608-28,"616,076.11","36,090.82"
04PFRL2608-29,"534,392.79","89,660.67"
04PFRL2608-3,"590,312.26","34,954.32"
04PFRL2608-30,"405,860.26","27,646.91"
04PFRL2608-31,"2,028,177.72","138,695.53"
04PFRL2608-32,"744,061.30","57,738.36"
04PFRL2608-33,"29,837.45","10,336.97"
04PFRL2608-34,"1,859,129.75","100,449.76"
04PFRL2608-35,"360,453.65","25,194.67"
04PFRL2608-36,"305,554.83","21,167.25"
04PFRL2608-37,"9,457.29","10,604.59"
04PFRL2608-4,"1,385,341.80","79,463.72"
04PFRL2608-6,"668,301.19","32,295.08"
04PFRL2608-7,"415,718.50","24,472.13"
04PFRL2608-8,"347,641.01","28,746.29"
04PFRL2608-9,"401,776.01","27,092.94"
04PGML2607-1,"1,278,416.75","54,372.35"
04PGML2607-2,"1,951,202.10","172,200.04"
04PGML2608-1,"4,673,231.85","240,132.23"
04PGML2608-2,"1,183,057.37","88,672.12"
04PHCL2608-1,"708,869.28","45,202.48"
04PHRL2606-1,"848,595.90","68,752.80"
04PHRL2606-2,"845,268.28","60,713.85"
04PHRL2606-4,"419,249.15","42,267.09"
04PHRL2607-1,"381,845.66","38,464.66"
04PHRL2607-2,"433,117.42","37,035.34"
04PHRL2608-1,"243,033.84","27,274.46"
04PHRL2608-2,"501,207.72","27,828.49"
04PHRL2608-3,"1,086,984.21","26,202.02"
04PHRL2608-4,"1,213,317.12","30,071.83"
04PHRL2608-5,"1,315,465.59","94,857.87"
04PHRL2608-6,"772,593.28","39,646.66"
04PICL2606-1,"2,238,666.14","108,735.41"
04PICL2606-10,"639,227.76","28,233.34"
04PICL2606-11,"337,337.03","17,153.06"
04PICL2606-12,"724,045.21","53,407.48"
04PICL2606-13,"1,053,185.54","78,214.45"
04PICL2606-14,"754,124.80","37,443.08"
04PICL2606-16,"1,147,569.64","69,153.94"
04PICL2606-17,"543,724.29","31,464.03"
04PICL2606-18,"842,387.02","50,266.93"
04PICL2606-19,"572,617.86","27,434.70"
04PICL2606-20,"3,338,824.65","187,910.62"
04PICL2606-21,"379,534.65","27,270.24"
04PICL2606-22,"1,570,121.20","67,456.87"
04PICL2606-25,"1,288,100.74","81,359.79"
04PICL2606-26,"730,143.97","32,850.81"
04PICL2606-27,"973,195.69","61,490.24"
04PICL2606-28,"375,607.42","19,086.59"
04PICL2606-3,"762,391.43","62,738.34"
04PICL2606-30,"1,400,256.41","70,212.44"
04PICL2606-32,"632,183.30","37,234.19"
04PICL2606-33,"685,868.50","34,988.65"
04PICL2606-34,"771,581.38","35,636.22"
04PICL2606-37,"400,336.57","19,050.61"
04PICL2606-38,"582,311.32","31,486.02"
04PICL2606-39,"742,195.38","47,414.12"
04PICL2606-4,"534,448.82","23,236.76"
04PICL2606-41,"1,492,118.93","84,251.55"
04PICL2606-42,"1,096,301.19","63,032.71"
04PICL2606-45,"645,109.90","30,413.40"
04PICL2606-5,"1,425,218.78","74,968.81"
04PICL2606-6,"3,435,175.42","209,345.29"
04PICL2606-7,"606,580.87","33,943.26"
04PICL2606-9,"377,501.72","29,201.22"
04PICL2607-1,"1,399,289.76","71,316.42"
04PICL2607-10,"612,236.67","29,523.98"
04PICL2607-11,"905,469.08","50,506.49"
04PICL2607-12,"1,031,830.71","66,176.00"
04PICL2607-14,"1,540,645.41","85,768.18"
04PICL2607-15,"1,356,725.67","76,159.59"
04PICL2607-16,"770,689.45","41,001.84"
04PICL2607-17,"737,864.22","36,719.27"
04PICL2607-18,"1,375,108.48","75,464.85"
04PICL2607-19,"554,821.22","19,925.35"
04PICL2607-2,"1,409,892.84","62,881.54"
04PICL2607-20,"1,062,775.00","61,953.03"
04PICL2607-21,"743,345.78","42,104.40"
04PICL2607-22,"1,002,294.41","58,394.71"
04PICL2607-23,"81,236.85","43,369.28"
04PICL2607-24,"342,519.09","23,904.64"
04PICL2607-25,"618,390.66","40,504.60"
04PICL2607-26,"3,317,571.42","201,535.30"
04PICL2607-27,"1,597,730.61","70,869.82"
04PICL2607-28,"1,361,706.35","71,929.43"
04PICL2607-29,"771,581.38","40,479.40"
04PICL2607-3,"1,058,737.20","56,661.94"
04PICL2607-30,"806,693.00","42,477.86"
04PICL2607-31,"1,616,135.99","90,383.44"
04PICL2607-32,"799,682.30","47,387.71"
04PICL2607-33,"1,480,820.83","73,442.91"
04PICL2607-34,"931,801.42","53,238.75"
04PICL2607-35,"750,326.86","40,212.57"
04PICL2607-36,"1,101,942.14","58,321.61"
04PICL2607-37,"627,846.56","39,100.05"
04PICL2607-38,"660,007.63","34,183.19"
04PICL2607-39,"1,340,036.35","63,489.35"
04PICL2607-40,"428,784.16","26,794.51"
04PICL2607-41,"736,880.75","40,667.94"
04PICL2607-5,"1,755,369.95","89,540.45"
04PICL2607-6,"741,617.07","37,945.30"
04PICL2607-7,"501,343.75","24,442.63"
04PICL2607-8,"1,504,265.20","69,446.72"
04PICL2607-9,"709,039.51","38,470.30"
04PICL2608-1,"1,579,099.39","90,147.16"
04PICL2608-10,"12,690.08","13,650.28"
04PICL2608-11,"830,235.41","53,511.45"
04PICL2608-12,"981,837.16","61,123.09"
04PICL2608-13,"1,568,663.53","76,648.52"
04PICL2608-14,"894,807.48","40,079.83"
04PICL2608-15,"577,532.32","25,631.18"
04PICL2608-16,"549,370.89","31,850.68"
04PICL2608-17,"537,598.23","38,904.77"
04PICL2608-18,"1,055,042.64","80,621.08"
04PICL2608-19,"785,518.74","43,729.54"
04PICL2608-2,"814,854.68","50,608.60"
04PICL2608-20,"914,237.40","42,072.73"
04PICL2608-21,"406,693.58","13,458.29"
04PICL2608-22,"1,311,019.20","62,154.19"
04PICL2608-23,"1,846,597.29","76,435.92"
04PICL2608-24,"128,934.09","10,987.14"
04PICL2608-25,"1,216,822.64","71,525.84"
04PICL2608-26,"1,556,790.05","72,569.85"
04PICL2608-27,"1,510,526.48","75,884.33"
04PICL2608-28,"221,489.65","11,546.62"
04PICL2608-29,"274,911.92","12,061.18"
04PICL2608-3,"775,961.65","35,622.80"
04PICL2608-30,"908,097.69","37,714.95"
04PICL2608-31,"935,310.79","53,377.89"
04PICL2608-32,"450,888.85","99,819.24"
04PICL2608-33,"3,279,018.59","152,302.13"
04PICL2608-34,"588,458.69","42,691.01"
04PICL2608-35,"526,391.60","17,017.24"
04PICL2608-36,"871,205.32","42,501.21"
04PICL2608-37,"839,018.08","40,613.67"
04PICL2608-38,"2,796,982.55","150,286.51"
04PICL2608-39,"597,930.42","32,887.95"
04PICL2608-4,"573,401.48","28,970.70"
04PICL2608-40,"692,317.34","38,237.63"
04PICL2608-41,"302,473.34","12,792.43"
04PICL2608-42,"578,835.62","27,854.88"
04PICL2608-43,"919,548.25","53,853.05"
04PICL2608-44,"666,878.71","42,182.41"
04PICL2608-45,"1,020,686.78","57,631.80"
04PICL2608-46,"1,062,773.32","55,573.65"
04PICL2608-47,"226,046.20","18,572.16"
04PICL2608-48,"368,570.38","47,185.94"
04PICL2608-49,"592,740.51","33,649.09"
04PICL2608-5,"511,834.67","26,678.02"
04PICL2608-50,"1,487,269.28","75,098.82"
04PICL2608-51,"770,252.67","32,942.63"
04PICL2608-52,"945,391.43","48,635.84"
04PICL2608-6,"641,950.34","33,842.06"
04PICL2608-7,"1,263,174.41","64,621.34"
04PICL2608-8,"1,475,179.80","82,934.88"
04PICL2608-9,"3,521,807.18","188,626.02"
04PIFL2607-10,"1,385,398.51","41,668.92"
04PIFL2607-13,"810,474.01","22,265.99"
04PIFL2607-2,"1,445,081.24","13,251.18"
04PIFL2607-3,"1,526,076.43","18,909.44"
04PIFL2607-4,"1,381,127.16","41,922.08"
04PIFL2607-5,"1,523,548.06","45,806.93"
04PIFL2607-7,"1,378,432.06","46,582.51"
04PIFL2607-8,"1,290,713.93","42,297.56"
04PIFL2607-9,"1,543,423.51","35,867.38"
04PIFL2608-1,"920,000.00","40,976.66"
04PIFL2608-2,"399,999.99","19,238.66"
04PIFL2608-3,"2,727,083.70","129,167.99"
04PIML2606-11,"2,017,844.43","127,101.03"
04PIML2606-13,"391,498.53","26,659.81"
04PIML2606-15,"486,461.70","15,711.80"
04PIML2606-16,"374,589.43","22,148.93"
04PIML2606-17,"681,429.45","35,861.72"
04PIML2606-18,"394,350.26","37,108.24"
04PIML2606-19,"749,820.08","49,110.51"
04PIML2606-20,"1,535,439.60","112,229.30"
04PIML2606-21,"691,449.50","43,542.49"
04PIML2606-22,"649,470.54","48,984.33"
04PIML2606-23,"421,243.74","51,302.06"
04PIML2606-25,"1,166,309.42","59,197.00"
04PIML2606-26,"64,975.46","10,209.74"
04PIML2606-27,"1,024,443.03","113,621.74"
04PIML2606-28,"1,996,008.71","159,917.57"
04PIML2606-29,"554,689.03","39,234.18"
04PIML2606-3,"349,756.02","19,736.99"
04PIML2606-30,"400,244.84","49,930.55"
04PIML2606-32,"225,321.91","19,832.75"
04PIML2606-34,"755,052.44","38,521.37"
04PIML2606-35,"826,882.50","40,391.38"
04PIML2606-36,"1,272,229.31","107,098.85"
04PIML2606-37,"505,428.19","42,895.94"
04PIML2606-38,"809,703.39","47,142.22"
04PIML2606-39,"366,504.82","44,684.81"
04PIML2606-4,"574,990.83","34,936.20"
04PIML2606-41,"3,001,594.77","315,424.39"
04PIML2606-42,"332,414.54","20,544.50"
04PIML2606-43,"372,779.84","28,556.86"
04PIML2606-44,"555,005.17","47,869.81"
04PIML2606-45,"3,282,636.38","173,831.48"
04PIML2606-46,"31,038.71","26,576.17"
04PIML2606-47,"817,458.80","55,181.57"
04PIML2606-49,"432,765.36","21,537.83"
04PIML2606-5,"2,292,179.18","146,173.07"
04PIML2606-6,"557,750.52","71,589.99"
04PIML2606-7,"408,787.83","25,408.06"
04PIML2606-8,"706,770.78","34,905.39"
04PIML2606-9,"696,407.51","31,878.17"
04PIML2607-1,"1,209,725.77","78,220.91"
04PIML2607-10,"469,533.78","26,424.84"
04PIML2607-11,"882,520.29","54,253.48"
04PIML2607-12,"555,807.49","45,850.77"
04PIML2607-14,"832,540.12","66,335.18"
04PIML2607-16,"1,817,434.40","90,074.53"
04PIML2607-17,"547,477.26","48,119.92"
04PIML2607-18,"540,947.69","26,395.85"
04PIML2607-19,"1,957,593.90","169,866.52"
04PIML2607-2,"548,517.96","43,404.35"
04PIML2607-20,"395,988.88","20,474.99"
04PIML2607-21,"494,838.85","37,920.83"
04PIML2607-22,"623,667.97","50,882.00"
04PIML2607-23,"393,984.86","17,551.09"
04PIML2607-24,"662,444.77","42,399.29"
04PIML2607-25,"383,838.58","21,426.30"
04PIML2607-26,"456,971.52","27,001.78"
04PIML2607-4,"411,663.61","21,026.15"
04PIML2607-5,"4,267,839.76","189,205.94"
04PIML2607-6,"554,802.89","45,860.01"
04PIML2607-8,"377,013.65","29,030.45"
04PIML2607-9,"1,035,429.63","52,577.95"
04PIML2608-1,"408,088.25","19,782.85"
04PIML2608-10,"303,049.56","28,235.42"
04PIML2608-11,"878,633.53","48,486.79"
04PIML2608-12,"383,724.32","45,866.63"
04PIML2608-13,"890,600.63","62,663.84"
04PIML2608-14,"839,380.29","55,780.75"
04PIML2608-15,"629,346.97","44,484.10"
04PIML2608-16,"429,315.32","19,472.51"
04PIML2608-17,"1,139,411.95","56,456.00"
04PIML2608-18,"673,200.65","35,642.76"
04PIML2608-19,"254,683.98","19,203.73"
04PIML2608-2,"186,553.38","11,736.13"
04PIML2608-20,"440,485.09","39,425.37"
04PIML2608-21,"206,898.68","40,461.67"
04PIML2608-22,"1,113,516.22","54,266.04"
04PIML2608-23,"567,009.47","34,674.20"
04PIML2608-24,"769,063.85","44,179.53"
04PIML2608-25,"375,067.23","16,811.47"
04PIML2608-26,"1,320,801.18","83,573.71"
04PIML2608-27,"878,860.24","58,085.12"
04PIML2608-28,"2,242,254.93","193,493.59"
04PIML2608-29,"558,094.71","56,726.25"
04PIML2608-3,"702,997.95","50,859.60"
04PIML2608-30,"338,380.12","31,575.68"
04PIML2608-31,"327,287.19","31,255.44"
04PIML2608-32,"751,467.58","42,744.49"
04PIML2608-33,"519,299.74","31,669.95"
04PIML2608-34,"1,018,610.59","53,233.68"
04PIML2608-35,"400,598.84","39,109.15"
04PIML2608-36,"561,664.75","48,314.05"
04PIML2608-37,"1,071,704.29","143,211.77"
04PIML2608-38,"1,416,932.87","80,784.84"
04PIML2608-39,"924,426.50","43,264.57"
04PIML2608-4,"536,752.22","36,874.24"
04PIML2608-40,"527,260.45","46,446.89"
04PIML2608-41,"1,015,547.50","58,054.89"
04PIML2608-5,"782,590.26","61,663.50"
04PIML2608-6,"1,544,402.33","91,588.41"
04PIML2608-7,"165,694.46","15,496.54"
04PIML2608-8,"730,149.71","43,975.29"
04PIML2608-9,"758,853.55","39,622.17"
04PIRL2606-11,"1,391,051.44","76,626.02"
04PIRL2606-12,"1,153,516.03","64,130.80"
04PIRL2606-13,"772,468.60","45,997.61"
04PIRL2606-14,"1,251,575.59","98,966.38"
04PIRL2606-15,"1,139,490.13","73,869.77"
04PIRL2606-16,"813,081.02","56,106.60"
04PIRL2606-17,"757,551.17","63,115.13"
04PIRL2606-19,"509,354.70","33,583.76"
04PIRL2606-20,"3,856,540.35","205,412.37"
04PIRL2606-21,"376,743.97","32,268.11"
04PIRL2606-22,"1,610,428.81","77,650.20"
04PIRL2606-23,"1,219,438.00","79,480.72"
04PIRL2606-27,"1,655,691.56","98,867.73"
04PIRL2606-28,"941,761.67","55,591.54"
04PIRL2606-29,"430,088.74","24,181.00"
04PIRL2606-3,"3,347,974.20","173,026.73"
04PIRL2606-30,"3,098,086.92","151,192.38"
04PIRL2606-31,"2,285,647.98","124,760.29"
04PIRL2606-32,"750,303.33","44,051.23"
04PIRL2606-33,"322,356.24","18,007.03"
04PIRL2606-34,"1,449,655.18","15,285.60"
04PIRL2606-35,"50,910.47","57,534.34"
04PIRL2606-37,"1,385,139.58","47,878.59"
04PIRL2606-38,"1,018,965.24","56,563.28"
04PIRL2606-39,"363,323.33","20,948.65"
04PIRL2606-4,"526,182.40","29,971.21"
04PIRL2606-40,"611,238.05","34,679.43"
04PIRL2606-41,"1,708,397.86","103,878.24"
04PIRL2606-42,"629,048.50","31,810.17"
04PIRL2606-43,"1,677,959.91","111,500.18"
04PIRL2606-44,"1,622,756.62","60,610.81"
04PIRL2606-45,"1,269,751.79","140,866.70"
04PIRL2606-46,"530,506.97","33,317.60"
04PIRL2606-47,"1,380,752.96","78,707.67"
04PIRL2606-48,"1,693,473.31","84,524.42"
04PIRL2606-49,"1,141,865.05","55,281.48"
04PIRL2606-5,"1,297,769.15","39,615.84"
04PIRL2606-51,"1,140,213.08","62,854.65"
04PIRL2606-52,"1,387,035.52","17,945.69"
04PIRL2606-54,"1,549,535.94","54,521.18"
04PIRL2606-55,"441,615.56","34,724.14"
04PIRL2606-56,"1,673,694.00","95,076.73"
04PIRL2606-57,"2,414,622.49","148,482.51"
04PIRL2606-59,"1,443,575.42","80,241.58"
04PIRL2606-60,"2,356,618.69","146,696.30"
04PIRL2606-7,"1,447,925.77","15,463.54"
04PIRL2606-8,"3,416,196.96","187,412.76"
04PIRL2606-9,"186,775.96","15,418.05"
04PIRL2607-1,"625,432.63","41,272.50"
04PIRL2607-10,"855,213.41","58,446.04"
04PIRL2607-11,"1,163,617.70","99,401.18"
04PIRL2607-13,"1,192,475.98","117,400.69"
04PIRL2607-14,"665,235.97","28,410.84"
04PIRL2607-15,"1,317,662.35","81,292.40"
04PIRL2607-16,"417,827.84","21,147.31"
04PIRL2607-17,"1,937,604.00","116,204.41"
04PIRL2607-18,"1,287,371.96","34,590.27"
04PIRL2607-2,"1,421,713.15","68,256.52"
04PIRL2607-20,"223,440.57","31,632.54"
04PIRL2607-21,"380,070.11","38,890.46"
04PIRL2607-23,"1,028,588.81","51,181.87"
04PIRL2607-24,"2,319,784.41","111,638.42"
04PIRL2607-25,"438,486.29","20,622.40"
04PIRL2607-26,"346,848.09","17,377.39"
04PIRL2607-27,"391,846.91","27,429.66"
04PIRL2607-28,"529,720.14","39,654.16"
04PIRL2607-29,"80,230.39","61,105.74"
04PIRL2607-3,"341,619.16","23,546.50"
04PIRL2607-30,"615,755.42","38,868.12"
04PIRL2607-31,"263,180.53","23,267.06"
04PIRL2607-33,"549,370.89","26,638.98"
04PIRL2607-34,"525,782.10","29,397.80"
04PIRL2607-36,"479,159.65","45,335.96"
04PIRL2607-37,"1,158,472.29","51,567.68"
04PIRL2607-38,"1,299,642.47","10,495.56"
04PIRL2607-39,"1,498,273.52","65,898.77"
04PIRL2607-4,"915,639.77","60,588.50"
04PIRL2607-40,"525,392.52","51,937.60"
04PIRL2607-41,"1,174,109.85","68,373.70"
04PIRL2607-44,"179,308.73","19,466.12"
04PIRL2607-45,"2,134,953.61","102,528.41"
04PIRL2607-46,"3,723,597.51","179,749.23"
04PIRL2607-47,"344,677.15","20,044.48"
04PIRL2607-48,"2,248,498.27","109,697.08"
04PIRL2607-49,"1,109,728.82","49,877.09"
04PIRL2607-5,"271,104.55","19,460.03"
04PIRL2607-50,"420,882.36","19,132.78"
04PIRL2607-52,"833,471.85","58,456.84"
04PIRL2607-53,"667,937.85","38,317.31"
04PIRL2607-54,"2,632,775.58","213,823.57"
04PIRL2607-55,"710,289.50","40,117.74"
04PIRL2607-56,"1,299,845.60","13,498.16"
04PIRL2607-57,"1,569,762.79","96,425.17"
04PIRL2607-58,"2,068,063.99","114,332.30"
04PIRL2607-59,"327,501.87","21,154.31"
04PIRL2607-6,"3,144,671.86","196,576.80"
04PIRL2607-61,"2,446,814.98","124,908.13"
04PIRL2607-62,"1,993,836.96","110,596.53"
04PIRL2607-63,"252,929.16","14,959.08"
04PIRL2607-64,"763,349.69","41,692.35"
04PIRL2607-65,"829,934.88","40,834.90"
04PIRL2607-66,"1,614,621.02","104,080.54"
04PIRL2607-67,"951,738.07","53,050.08"
04PIRL2607-68,"254,545.93","12,128.89"
04PIRL2607-69,"290,469.49","26,324.34"
04PIRL2607-7,"178,007.34","12,235.53"
04PIRL2607-70,"203,674.62","28,900.97"
04PIRL2607-71,"754,124.80","35,234.59"
04PIRL2607-72,"801,866.11","52,163.53"
04PIRL2607-73,"1,543,464.56","36,940.46"
04PIRL2607-74,"185,441.72","10,701.83"
04PIRL2607-75,"1,442,744.18","66,601.67"
04PIRL2607-76,"1,458,624.47","76,883.33"
04PIRL2607-77,"1,419,549.22","75,985.77"
04PIRL2607-78,"72,706.52","15,675.00"
04PIRL2607-79,"538,962.05","43,669.39"
04PIRL2607-8,"486,571.26","27,834.45"
04PIRL2607-80,"408,051.74","14,686.54"
04PIRL2607-81,"751,151.62","41,336.01"
04PIRL2607-82,"358,617.98","27,406.70"
04PIRL2607-83,"447,917.41","21,362.68"
04PIRL2607-84,"833,278.27","46,502.56"
04PIRL2607-85,"460,336.37","73,110.83"
04PIRL2607-86,"438,464.15","54,381.91"
04PIRL2607-87,"328,241.42","28,933.30"
04PIRL2607-88,"1,204,703.53","55,853.91"
04PIRL2607-89,"3,179,197.46","152,107.09"
04PIRL2607-9,"2,581,581.32","135,514.13"
04PIRL2607-90,"916,424.07","52,196.55"
04PIRL2607-91,"556,001.07","32,523.19"
04PIRL2607-92,"795,889.90","59,544.25"
04PIRL2607-94,"944,236.79","58,148.27"
04PIRL2607-95,"660,154.58","40,294.46"
04PIRL2608-1,"454,588.62","29,935.32"
04PIRL2608-10,"2,497,627.90","136,488.14"
04PIRL2608-11,"529,308.17","22,323.31"
04PIRL2608-12,"1,596,249.73","79,320.25"
04PIRL2608-13,"425,875.82","14,660.11"
04PIRL2608-14,"1,069,825.92","63,639.97"
04PIRL2608-15,"1,396,053.36","129,072.49"
04PIRL2608-16,"1,922,404.34","104,439.42"
04PIRL2608-17,"239,672.22","14,479.58"
04PIRL2608-18,"477,672.57","32,401.66"
04PIRL2608-19,"1,510,963.12","73,200.88"
04PIRL2608-20,"129,589.38","8,712.86"
04PIRL2608-21,"373,956.31","29,865.07"
04PIRL2608-22,"1,697,252.74","70,102.95"
04PIRL2608-23,"892,922.27","50,696.49"
04PIRL2608-24,"223,223.88","12,140.46"
04PIRL2608-25,"4,246,966.49","233,455.01"
04PIRL2608-26,"413,201.55","43,288.42"
04PIRL2608-27,"1,223,075.73","58,818.76"
04PIRL2608-28,"794,807.05","38,556.37"
04PIRL2608-29,"120,156.91","28,651.95"
04PIRL2608-3,"2,080,705.62","114,600.29"
04PIRL2608-30,"1,125,172.77","56,124.41"
04PIRL2608-31,"405,554.60","22,706.19"
04PIRL2608-33,"270,190.83","11,088.86"
04PIRL2608-34,"2,714,697.65","149,623.09"
04PIRL2608-35,"1,654,626.40","78,695.18"
04PIRL2608-36,"336,206.26","23,598.27"
04PIRL2608-37,"2,328,732.31","111,951.90"
04PIRL2608-38,"596,360.33","33,866.64"
04PIRL2608-39,"109,292.29","11,925.19"
04PIRL2608-4,"539,281.37","19,242.93"
04PIRL2608-40,"541,872.89","23,744.25"
04PIRL2608-41,"603,594.41","38,447.39"
04PIRL2608-42,"1,648,692.77","82,141.64"
04PIRL2608-43,"336,448.14","24,768.68"
04PIRL2608-44,"201,659.01","27,118.72"
04PIRL2608-45,"6,299.69","6,981.33"
04PIRL2608-46,"863,344.92","53,699.70"
04PIRL2608-47,"1,984,341.84","85,197.43"
04PIRL2608-48,"153,279.03","17,659.10"
04PIRL2608-49,"688,914.23","56,140.37"
04PIRL2608-5,"1,584,228.57","70,385.60"
04PIRL2608-50,"679,314.16","46,798.72"
04PIRL2608-51,"690,682.55","47,067.59"
04PIRL2608-52,"4,610,650.73","225,080.44"
04PIRL2608-53,"980,137.09","136,374.79"
04PIRL2608-54,"248,639.41","15,492.15"
04PIRL2608-55,"833,767.28","48,802.94"
04PIRL2608-56,"3,668,873.70","176,113.72"
04PIRL2608-57,"1,042,212.64","75,831.34"
04PIRL2608-58,"1,324,674.73","75,890.59"
04PIRL2608-59,"1,793,527.25","142,285.65"
04PIRL2608-6,"650,586.32","33,432.45"
04PIRL2608-60,"1,142,856.85","71,686.77"
04PIRL2608-61,"1,355,387.53","77,689.64"
04PIRL2608-62,"1,348,706.58","66,656.01"
04PIRL2608-63,"340,434.07","20,133.36"
04PIRL2608-64,"374,311.88","17,750.59"
04PIRL2608-65,"698,698.31","30,829.41"
04PIRL2608-67,"592,447.36","49,618.07"
04PIRL2608-68,"287,616.57","21,255.70"
04PIRL2608-69,"420,999.26","39,097.55"
04PIRL2608-7,"3,152,907.46","182,768.22"
04PIRL2608-70,"1,072,387.30","62,590.20"
04PIRL2608-71,"864,177.39","57,348.66"
04PIRL2608-72,"522,533.77","18,316.45"
04PIRL2608-73,"2,928,013.23","158,970.64"
04PIRL2608-74,"737,611.47","43,453.92"
04PIRL2608-75,"1,260,339.16","82,069.91"
04PIRL2608-76,"1,945,510.08","81,670.53"
04PIRL2608-77,"363,927.24","21,505.92"
04PIRL2608-78,"188,960.03","10,129.49"
04PIRL2608-79,"46,675.42","14,129.48"
04PIRL2608-8,"1,614,310.44","69,767.05"
04PIRL2608-80,"2,072,249.10","120,279.47"
04PIRL2608-81,"18,246.71","19,917.38"
04PIRL2608-82,"1,619,117.75","80,770.76"
04PIRL2608-83,"709,475.49","32,087.91"
04PIRL2608-84,"1,315,333.71","73,444.24"
04PIRL2608-85,"615,757.08","68,177.02"
04PIRL2608-86,"1,316,130.44","52,575.76"
04PIRL2608-9,"474,364.94","36,299.04"
04PISL2608-10,"810,000.00","26,757.40"
04PISL2608-12,"415,554.80","39,213.74"
04PISL2608-18,"704,504.22","52,474.83"
04PISL2608-3,"719,999.99","23,567.32"
04PITL2607-1,"211,258.77","16,156.53"
04PITL2607-2,"1,314,434.46","47,044.18"
04PITL2608-1,"526,100.10","26,360.63"
04PITL2608-2,"1,081,861.55","46,821.32"
04PKCL2606-5,"98,346.75","1,488.64"
04PKCL2607-2,"978,443.17","54,458.93"
04PKCL2607-3,"357,526.16","17,543.77"
04PKCL2607-4,"897,466.69","52,970.97"
04PKCL2608-1,"978,214.87","50,560.94"
04PKCL2608-10,"884,589.13","67,246.24"
04PKCL2608-11,"916,783.88","32,484.83"
04PKCL2608-2,"460,524.68","20,633.29"
04PKCL2608-3,"176,683.31","8,232.23"
04PKCL2608-4,"435,698.09","23,675.66"
04PKCL2608-5,"892,078.95","67,705.55"
04PKCL2608-6,"956,574.08","67,560.89"
04PKCL2608-7,"833,409.94","40,293.83"
04PKCL2608-8,"469,381.63","29,106.97"
04PKCL2608-9,"861,277.69","50,592.91"
04PKML2606-11,"335,663.90","46,501.56"
04PKML2606-12,"66,792.42","5,132.25"
04PKML2606-3,"1,002,457.17","73,109.96"
04PKML2606-4,"983,340.57","80,990.27"
04PKML2606-5,"335,660.77","37,056.73"
04PKML2606-7,"887,778.28","85,538.97"
04PKML2606-8,"652,863.71","40,044.70"
04PKML2606-9,"977,606.72","82,414.76"
04PKML2607-1,"408,324.76","38,246.22"
04PKML2607-2,"829,021.37","57,044.00"
04PKML2607-3,"524,914.37","43,378.83"
04PKML2607-4,"707,748.53","56,665.40"
04PKML2607-5,"662,555.83","40,055.11"
04PKML2607-6,"900,832.50","66,174.25"
04PKML2607-8,"1,946,505.43","125,137.04"
04PKML2607-9,"130,581.96","5,430.11"
04PKML2608-1,"444,778.01","31,704.99"
04PKML2608-10,"304,614.12","26,653.57"
04PKML2608-2,"592,228.23","25,067.91"
04PKML2608-3,"740,470.45","40,168.58"
04PKML2608-4,"865,490.17","37,221.01"
04PKML2608-5,"806,529.35","25,289.82"
04PKML2608-6,"860,239.68","31,915.40"
04PKML2608-7,"822,929.95","44,026.61"
04PKML2608-8,"421,531.07","23,242.20"
04PKML2608-9,"391,435.85","32,551.70"
04PKRL2606-10,"975,276.40","69,938.44"
04PKRL2606-11,"962,627.22","53,871.53"
04PKRL2606-2,"1,199,921.53","97,180.83"
04PKRL2606-3,"722,557.49","55,379.74"
04PKRL2606-4,"966,824.16","75,407.21"
04PKRL2606-5,"834,686.90","64,046.30"
04PKRL2606-6,"2,216,181.04","183,252.95"
04PKRL2606-7,"471,525.02","27,208.98"
04PKRL2606-8,"988,205.51","83,265.73"
04PKRL2606-9,"803,427.52","80,333.41"
04PKRL2607-1,"1,143,830.66","113,656.57"
04PKRL2607-10,"861,495.86","58,620.59"
04PKRL2607-11,"787,911.66","61,511.46"
04PKRL2607-12,"985,307.45","75,893.20"
04PKRL2607-13,"973,457.87","58,101.25"
04PKRL2607-14,"921,084.10","71,772.61"
04PKRL2607-2,"2,188,468.97","186,822.87"
04PKRL2607-3,"807,237.33","29,118.07"
04PKRL2607-6,"1,388,286.76","122,800.59"
04PKRL2607-8,"370,743.90","22,128.32"
04PKRL2607-9,"1,177,489.78","59,754.25"
04PKRL2608-1,"211,877.11","10,616.61"
04PKRL2608-10,"948,350.28","73,322.13"
04PKRL2608-11,"2,202,616.09","182,507.86"
04PKRL2608-12,"401,190.37","29,129.46"
04PKRL2608-13,"475,408.30","44,324.30"
04PKRL2608-14,"555,340.96","47,229.20"
04PKRL2608-2,"2,550,959.41","113,841.41"
04PKRL2608-3,"845,959.15","70,474.92"
04PKRL2608-4,"470,675.93","40,474.28"
04PKRL2608-5,"863,233.61","50,489.92"
04PKRL2608-6,"247,437.32","39,482.99"
04PKRL2608-7,"738,649.83","56,356.31"
04PKRL2608-8,"417,182.12","12,715.85"
04PKRL2608-9,"1,140,625.47","85,495.37"
04PLCL2606-12,"1,605,956.65","248,129.24"
04PLCL2606-6,"2,109,345.58","124,464.28"
04PLCL2606-7,"2,490,235.68","266,082.06"
04PLCL2607-1,"2,188,583.77","153,054.71"
04PLCL2607-10,"1,326,362.53","110,206.38"
04PLCL2607-11,"1,477,932.00","110,162.83"
04PLCL2607-12,"762,041.93","74,091.89"
04PLCL2607-14,"320,937.21","26,786.92"
04PLCL2607-15,"976,418.46","71,412.97"
04PLCL2607-2,"1,686,506.03","129,707.67"
04PLCL2607-3,"700,029.89","59,767.11"
04PLCL2607-4,"1,082,888.51","155,291.75"
04PLCL2607-5,"553,812.74","51,744.48"
04PLCL2607-6,"2,460,810.07","204,112.19"
04PLCL2607-7,"2,480,673.67","175,600.21"
04PLCL2607-8,"1,282,559.72","107,442.43"
04PLCL2607-9,"2,038,541.53","157,466.17"
04PLCL2608-1,"1,972,514.15","97,850.29"
04PLCL2608-10,"1,123,586.36","68,511.73"
04PLCL2608-11,"995,718.52","48,469.90"
04PLCL2608-12,"1,516,402.57","94,368.30"
04PLCL2608-13,"387,181.65","25,603.00"
04PLCL2608-14,"564,473.64","31,730.72"
04PLCL2608-15,"2,267,335.72","147,384.24"
04PLCL2608-16,"2,218,633.45","137,475.73"
04PLCL2608-17,"3,144,187.53","174,078.38"
04PLCL2608-2,"660,944.98","38,676.49"
04PLCL2608-3,"2,694,405.52","149,098.29"
04PLCL2608-4,"921,938.39","57,558.83"
04PLCL2608-5,"1,606,053.25","82,619.29"
04PLCL2608-6,"1,351,065.46","143,802.97"
04PLCL2608-7,"1,951,620.84","100,977.29"
04PLCL2608-8,"1,890,253.06","111,122.14"
04PLCL2608-9,"675,786.49","44,575.99"
04PLML2606-1,"325,506.22","37,160.05"
04PLML2606-2,"1,497,503.13","148,071.48"
04PLML2606-5,"399,809.22","33,139.46"
04PLML2606-6,"344,165.44","28,861.49"
04PLML2606-7,"569,730.57","47,045.56"
04PLML2607-1,"435,842.86","31,387.05"
04PLML2607-2,"719,423.55","63,317.44"
04PLML2607-3,"644,469.35","61,855.74"
04PLML2607-4,"2,011,558.98","126,826.18"
04PLML2608-1,"307,048.04","24,029.84"
04PLML2608-10,"382,464.73","31,983.72"
04PLML2608-2,"1,285,754.52","95,868.63"
04PLML2608-3,"1,284,929.32","78,419.66"
04PLML2608-4,"981,755.98","60,920.47"
04PLML2608-5,"629,148.03","51,075.19"
04PLML2608-6,"822,749.01","75,907.52"
04PLML2608-7,"380,921.67","21,843.90"
04PLML2608-8,"866,805.86","53,923.25"
04PLML2608-9,"935,624.98","93,523.60"
04PLRL2606-10,"826,690.33","89,948.01"
04PLRL2606-12,"445,178.96","34,593.99"
04PLRL2606-13,"1,688,253.23","94,920.82"
04PLRL2606-14,"572,617.86","42,195.69"
04PLRL2606-15,"2,416,072.75","182,722.98"
04PLRL2606-16,"1,633,448.65","124,998.74"
04PLRL2606-17,"2,193,704.98","86,044.15"
04PLRL2606-18,"1,003,195.68","75,866.76"
04PLRL2606-2,"461,715.14","26,589.69"
04PLRL2606-20,"577,219.56","48,684.82"
04PLRL2606-21,"2,133,938.91","227,570.41"
04PLRL2606-22,"1,375,901.84","154,004.26"
04PLRL2606-23,"1,813,071.91","130,660.35"
04PLRL2606-24,"838,318.44","53,331.26"
04PLRL2606-25,"2,465,642.63","198,928.55"
04PLRL2606-26,"938,297.01","80,811.05"
04PLRL2606-27,"1,327,881.02","93,211.69"
04PLRL2606-28,"370,935.14","12,541.46"
04PLRL2606-29,"1,190,016.12","88,298.48"
04PLRL2606-3,"581,758.51","60,746.04"
04PLRL2606-30,"2,293,047.72","194,812.82"
04PLRL2606-31,"869,734.23","77,010.23"
04PLRL2606-4,"389,269.65","23,569.07"
04PLRL2606-5,"1,985,153.32","145,131.12"
04PLRL2606-6,"2,424,192.75","219,944.95"
04PLRL2606-8,"402,597.01","45,435.09"
04PLRL2607-1,"1,976,564.14","131,780.15"
04PLRL2607-10,"841,609.06","62,897.53"
04PLRL2607-12,"519,506.60","35,789.59"
04PLRL2607-13,"1,965,713.80","110,914.31"
04PLRL2607-14,"1,038,342.43","73,224.86"
04PLRL2607-15,"1,943,826.56","145,178.01"
04PLRL2607-16,"1,612,295.11","113,546.60"
04PLRL2607-17,"1,614,166.37","112,692.66"
04PLRL2607-18,"889,819.70","66,174.48"
04PLRL2607-2,"810,391.29","56,717.24"
04PLRL2607-20,"889,974.54","70,382.58"
04PLRL2607-21,"1,123,932.56","77,747.42"
04PLRL2607-22,"1,470,283.83","109,086.00"
04PLRL2607-23,"1,136,489.41","35,749.70"
04PLRL2607-24,"2,508,457.23","174,914.94"
04PLRL2607-25,"2,788,252.01","226,360.73"
04PLRL2607-27,"677,706.65","49,111.98"
04PLRL2607-28,"1,543,328.40","116,913.64"
04PLRL2607-3,"1,568,740.41","104,653.90"
04PLRL2607-4,"841,560.03","70,700.92"
04PLRL2607-5,"2,483,266.29","173,243.65"
04PLRL2607-6,"532,139.68","44,311.15"
04PLRL2607-7,"3,229,430.68","488,107.37"
04PLRL2607-8,"1,098,153.91","92,258.87"
04PLRL2607-9,"1,226,471.39","121,668.43"
04PLRL2608-1,"1,346,509.69","69,593.60"
04PLRL2608-10,"1,326,515.67","83,211.82"
04PLRL2608-11,"1,557,797.94","101,196.95"
04PLRL2608-12,"1,092,557.48","67,985.35"
04PLRL2608-13,"575,457.52","36,697.96"
04PLRL2608-14,"2,726,021.04","169,584.33"
04PLRL2608-15,"543,762.97","32,750.47"
04PLRL2608-16,"1,658,877.68","105,483.71"
04PLRL2608-17,"914,322.70","45,779.04"
04PLRL2608-18,"1,184,914.55","69,936.09"
04PLRL2608-19,"2,662,884.15","168,343.73"
04PLRL2608-2,"1,067,681.92","66,870.24"
04PLRL2608-20,"1,098,811.53","133,348.53"
04PLRL2608-22,"1,755,238.80","99,882.03"
04PLRL2608-23,"1,775,723.92","129,026.41"
04PLRL2608-24,"1,695,135.69","105,149.10"
04PLRL2608-25,"541,637.93","37,373.65"
04PLRL2608-26,"840,061.88","56,736.94"
04PLRL2608-27,"1,789,903.58","91,147.52"
04PLRL2608-28,"1,116,758.76","69,640.91"
04PLRL2608-29,"1,128,398.91","101,518.08"
04PLRL2608-3,"1,305,795.33","66,266.43"
04PLRL2608-30,"2,594,333.76","161,354.03"
04PLRL2608-31,"2,442,446.41","144,507.39"
04PLRL2608-32,"436,672.85","26,709.89"
04PLRL2608-33,"358,452.15","28,467.83"
04PLRL2608-34,"2,492,808.52","104,123.74"
04PLRL2608-35,"608,200.57","44,166.24"
04PLRL2608-36,"981,376.42","66,375.17"
04PLRL2608-37,"1,141,656.46","51,681.51"
04PLRL2608-38,"1,090,469.83","36,572.22"
04PLRL2608-39,"465,061.23","26,579.38"
04PLRL2608-4,"1,344,436.96","84,379.85"
04PLRL2608-40,"1,966,359.72","123,338.01"
04PLRL2608-41,"1,186,285.70","81,770.72"
04PLRL2608-42,"2,185,151.50","207,762.68"
04PLRL2608-43,"1,185,938.40","74,009.64"
04PLRL2608-44,"1,992,349.80","123,652.37"
04PLRL2608-45,"1,557,184.46","103,073.60"
04PLRL2608-46,"2,290,452.71","111,172.28"
04PLRL2608-47,"1,110,681.19","69,772.55"
04PLRL2608-48,"608,905.57","38,626.87"
04PLRL2608-49,"453,724.35","15,489.00"
04PLRL2608-5,"1,187,210.17","68,291.20"
04PLRL2608-50,"3,322,120.27","191,012.80"
04PLRL2608-51,"1,319,746.59","81,980.74"
04PLRL2608-52,"2,041,457.85","237,578.73"
04PLRL2608-53,"2,579,289.07","220,106.22"
04PLRL2608-54,"443,356.43","24,630.11"
04PLRL2608-55,"1,512,603.16","101,775.67"
04PLRL2608-6,"2,294,548.77","127,684.72"
04PLRL2608-7,"671,644.79","42,812.55"
04PLRL2608-8,"454,033.96","37,046.27"
04PLRL2608-9,"1,165,949.28","99,525.12"
04PMCL2606-1,"623,830.73","12,916.78"
04PMCL2607-1,"952,377.52","78,204.71"
04PMCL2608-1,"435,141.35","22,381.19"
04PMCL2608-2,"806,729.03","76,244.69"
04PMCL2608-3,"741,635.02","33,440.51"
04PMCL2608-4,"716,304.99","39,261.14"
04PMML2606-1,"231,766.24","22,139.66"
04PMML2606-10,"531,683.83","58,939.56"
04PMML2606-11,"243,582.38","25,474.25"
04PMML2606-2,"376,911.26","32,869.52"
04PMML2606-3,"478,354.75","41,704.79"
04PMML2606-4,"242,989.32","45,404.30"
04PMML2606-5,"1,416,329.48","104,249.59"
04PMML2606-6,"715,719.01","62,372.83"
04PMML2606-7,"874,938.49","53,953.82"
04PMML2606-9,"455,183.60","16,115.03"
04PMML2607-3,"770,486.97","48,679.93"
04PMML2607-5,"602,801.71","51,183.51"
04PMML2607-6,"1,397,719.33","94,159.92"
04PMML2607-7,"373,773.91","19,224.82"
04PMML2607-8,"430,289.70","31,821.12"
04PMML2608-1,"964,693.82","56,129.97"
04PMML2608-10,"646,313.56","130,708.97"
04PMML2608-11,"811,409.66","64,262.67"
04PMML2608-12,"1,237,993.69","90,746.98"
04PMML2608-13,"859,786.14","64,003.18"
04PMML2608-14,"409,026.03","24,328.08"
04PMML2608-2,"759,316.88","128,421.46"
04PMML2608-3,"250,244.54","26,410.79"
04PMML2608-4,"776,774.86","58,584.34"
04PMML2608-5,"1,090,824.15","67,638.52"
04PMML2608-6,"1,470,225.95","79,309.54"
04PMML2608-7,"569,916.31","19,677.85"
04PMML2608-8,"1,539,095.37","70,804.13"
04PMML2608-9,"493,259.55","29,272.54"
04PMRL2606-10,"880,235.34","87,945.03"
04PMRL2606-11,"124,896.94","8,182.87"
04PMRL2606-12,"2,078,823.24","209,942.37"
04PMRL2606-2,"754,368.27","135,360.97"
04PMRL2606-4,"400,469.60","12,231.02"
04PMRL2606-5,"474,011.77","86,755.17"
04PMRL2606-8,"524,839.64","55,198.21"
04PMRL2606-9,"703,063.53","48,709.73"
04PMRL2607-1,"1,250,421.06","93,222.76"
04PMRL2607-2,"168,458.30","26,884.60"
04PMRL2607-3,"755,616.57","51,910.92"
04PMRL2607-4,"918,667.54","16,497.55"
04PMRL2607-5,"363,446.85","35,902.83"
04PMRL2607-6,"436,171.42","35,041.80"
04PMRL2607-7,"816,844.44","63,956.22"
04PMRL2608-1,"281,023.30","32,374.73"
04PMRL2608-10,"612,451.64","36,017.85"
04PMRL2608-11,"407,037.76","21,700.12"
04PMRL2608-12,"154,277.79","28,757.95"
04PMRL2608-13,"1,532,638.03","73,475.22"
04PMRL2608-2,"1,725,920.54","121,122.90"
04PMRL2608-3,"357,063.83","22,138.88"
04PMRL2608-4,"234,502.33","35,772.23"
04PMRL2608-5,"655,839.50","28,502.91"
04PMRL2608-6,"1,612,295.11","96,836.81"
04PMRL2608-7,"351,785.15","36,396.27"
04PMRL2608-8,"650,293.79","34,232.74"
04PMRL2608-9,"1,238,789.77","159,239.33"
04PMTL2608-1,"334,737.23","19,591.40"
04PNCL2607-1,"775,909.68","94,139.79"
04PNCL2608-1,"701,291.44","47,838.03"
04PNFL2608-2,"218,104.53","18,928.74"
04PNML2606-1,"383,134.75","44,947.32"
04PNML2606-2,"5,177,125.66","395,632.60"
04PNML2606-3,"2,629,767.96","117,700.01"
04PNML2606-4,"2,585,296.27","67,953.09"
04PNML2606-5,"1,659,164.93","110,519.63"
04PNML2607-1,"4,765,162.72","328,612.08"
04PNML2608-1,"229,617.24","23,952.66"
04PNML2608-2,"132,843.56","14,347.52"
04PNML2608-3,"1,139,053.17","55,543.29"
04PNML2608-4,"524,903.63","30,289.38"
04POCL2606-1,"435,886.64","31,924.27"
04POCL2606-3,"559,066.79","118,847.69"
04POCL2607-1,"645,209.04","53,264.52"
04POCL2608-1,"2,286,908.83","125,185.70"
04POML2606-1,"1,006,377.85","43,336.72"
04POML2606-3,"459,664.69","20,557.32"
04POML2607-1,"462,671.12","29,894.80"
04POML2608-1,"158,600.87","7,039.34"
04POML2608-2,"971,805.58","51,038.99"
04POML2608-3,"607,679.79","32,133.95"
04POML2608-4,"1,402,950.28","71,627.27"
04POML2608-5,"390,140.74","19,402.13"
04POML2608-6,"105,016.25","8,125.44"
04PORL2606-2,"1,260,654.86","49,882.36"
04PORL2606-3,"113,846.00","5,553.08"
04PORL2606-4,"253,626.87","21,280.67"
04PORL2606-5,"127,374.51","20,657.07"
04PORL2606-6,"910,635.84","23,171.38"
04PORL2606-9,"1,973,126.05","144,354.72"
04PORL2607-1,"84,967.24","18,640.31"
04PORL2607-12,"534,411.38","50,645.29"
04PORL2607-13,"603,683.83","84,649.64"
04PORL2607-14,"916,761.33","111,449.81"
04PORL2607-15,"1,412,409.31","97,054.54"
04PORL2607-2,"213,138.18","19,399.77"
04PORL2607-3,"2,323,996.68","154,297.18"
04PORL2607-6,"1,929,891.41","134,038.66"
04PORL2607-7,"662,411.76","47,814.50"
04PORL2607-8,"695,084.86","62,907.75"
04PORL2608-1,"1,409,303.31","90,833.67"
04PORL2608-10,"1,622,237.68","129,387.18"
04PORL2608-11,"1,967,445.44","121,405.40"
04PORL2608-12,"1,964,700.98","192,435.79"
04PORL2608-13,"1,916,025.39","109,286.32"
04PORL2608-14,"2,013,269.46","96,170.45"
04PORL2608-15,"471,900.13","24,454.33"
04PORL2608-3,"642,867.05","55,938.70"
04PORL2608-6,"1,533,674.90","83,384.51"
04PORL2608-7,"590,764.18","92,289.38"
04PORL2608-9,"426,748.90","33,561.93"
04POTL2608-1,"966,706.79","69,655.96"
04PPRL2606-10,"1,197,716.85","92,045.53"
04PPRL2606-11,"364,994.06","17,250.13"
04PPRL2606-12,"1,794,875.54","74,642.92"
04PPRL2606-13,"697,704.34","55,033.86"
04PPRL2606-14,"402,599.15","26,176.05"
04PPRL2606-15,"803,373.42","60,469.42"
04PPRL2606-16,"559,113.05","38,141.43"
04PPRL2606-17,"1,126,145.30","94,998.01"
04PPRL2606-18,"1,968,130.79","150,569.39"
04PPRL2606-2,"1,579,920.24","136,008.32"
04PPRL2606-21,"1,322,694.05","23,025.81"
04PPRL2606-22,"525,429.71","28,191.67"
04PPRL2606-23,"948,430.42","39,385.18"
04PPRL2606-25,"1,330,570.07","108,372.27"
04PPRL2606-26,"397,383.09","33,832.10"
04PPRL2606-27,"418,702.24","40,954.25"
04PPRL2606-29,"1,112,942.99","85,607.24"
04PPRL2606-3,"1,793,084.50","107,493.50"
04PPRL2606-30,"495,765.18","19,994.84"
04PPRL2606-31,"1,094,806.50","106,700.84"
04PPRL2606-33,"1,050,757.21","81,173.59"
04PPRL2606-4,"639,307.33","100,570.83"
04PPRL2606-5,"766,061.74","56,869.78"
04PPRL2606-7,"1,462,212.66","112,361.77"
04PPRL2606-8,"547,083.11","45,173.53"
04PPRL2606-9,"840,373.98","67,876.99"
04PPRL2607-1,"40,658.66","45,989.06"
04PPRL2607-10,"973,953.65","70,205.07"
04PPRL2607-11,"640,320.92","27,387.11"
04PPRL2607-12,"704,430.33","50,747.40"
04PPRL2607-13,"1,880,458.81","117,636.99"
04PPRL2607-14,"1,146,709.42","79,708.98"
04PPRL2607-15,"1,506,680.60","114,645.80"
04PPRL2607-16,"842,923.92","62,920.32"
04PPRL2607-2,"1,554,091.24","87,115.64"
04PPRL2607-3,"1,304,532.27","82,785.29"
04PPRL2607-4,"983,833.39","29,630.50"
04PPRL2607-5,"545,430.01","36,517.34"
04PPRL2607-6,"97,697.42","38,843.40"
04PPRL2607-7,"377,025.29","36,774.97"
04PPRL2607-8,"1,151,746.65","68,479.74"
04PPRL2607-9,"1,968,130.79","130,909.12"
04PPRL2608-1,"1,617,707.63","104,810.59"
04PPRL2608-10,"2,474,612.90","154,921.61"
04PPRL2608-11,"1,236,162.45","81,611.87"
04PPRL2608-12,"941,972.84","45,647.60"
04PPRL2608-13,"1,427,105.79","89,769.62"
04PPRL2608-14,"915,817.62","65,051.74"
04PPRL2608-15,"2,244,968.63","124,291.88"
04PPRL2608-16,"759,368.14","38,382.01"
04PPRL2608-17,"1,511,579.29","95,059.22"
04PPRL2608-18,"4,663,924.43","353,466.15"
04PPRL2608-19,"349,022.76","31,152.10"
04PPRL2608-2,"2,357,144.17","102,475.06"
04PPRL2608-20,"1,366,680.45","64,586.47"
04PPRL2608-21,"1,087,897.73","71,390.21"
04PPRL2608-22,"1,466,914.98","91,793.21"
04PPRL2608-23,"3,530,483.50","194,927.47"
04PPRL2608-24,"1,598,969.23","83,384.73"
04PPRL2608-25,"566,241.42","42,365.40"
04PPRL2608-26,"619,596.62","41,712.92"
04PPRL2608-27,"578,212.72","32,107.35"
04PPRL2608-28,"1,643,108.75","121,655.53"
04PPRL2608-29,"2,145,277.25","134,639.25"
04PPRL2608-3,"1,503,744.36","52,400.61"
04PPRL2608-30,"758,603.70","47,511.48"
04PPRL2608-31,"1,552,716.69","64,729.49"
04PPRL2608-32,"1,570,653.98","102,064.35"
04PPRL2608-33,"1,884,201.75","117,824.08"
04PPRL2608-34,"1,473,464.51","91,207.87"
04PPRL2608-4,"557,518.93","24,987.61"
04PPRL2608-5,"2,403,104.11","149,503.69"
04PPRL2608-6,"477,790.44","35,804.24"
04PPRL2608-7,"731,617.46","94,843.16"
04PPRL2608-8,"1,038,772.10","78,861.50"
04PPRL2608-9,"1,956,181.44","110,730.96"
04PRCL2607-1,"578,890.15","31,852.43"
04PRCL2607-3,"1,296,800.40","115,393.18"
04PRCL2607-4,"564,355.35","75,245.95"
04PRCL2607-6,"733,659.12","52,788.79"
04PRCL2607-7,"449,840.01","36,040.86"
04PRCL2608-1,"908,355.86","311,106.95"
04PRCL2608-10,"761,753.89","48,256.73"
04PRCL2608-11,"2,151,475.31","119,800.40"
04PRCL2608-12,"1,225,407.84","79,095.80"
04PRCL2608-2,"901,605.60","55,172.68"
04PRCL2608-3,"494,435.27","25,768.00"
04PRCL2608-4,"773,728.84","45,519.42"
04PRCL2608-5,"322,696.66","15,475.75"
04PRCL2608-6,"318,065.04","22,238.25"
04PRCL2608-7,"1,064,187.81","58,751.28"
04PRCL2608-8,"724,336.55","49,354.91"
04PRCL2608-9,"804,897.97","45,929.49"
04PRML2606-1,"709,123.75","49,968.48"
04PRML2606-3,"1,048,942.60","80,294.11"
04PRML2606-4,"370,640.37","72,860.94"
04PRML2607-1,"278,117.18","138,910.92"
04PRML2607-2,"146,358.53","43,126.99"
04PRML2607-3,"300,192.50","29,356.47"
04PRML2607-4,"1,217,056.76","84,612.58"
04PRML2608-1,"1,463,921.72","108,744.43"
04PRML2608-2,"190,307.62","36,398.99"
04PRML2608-3,"1,046,915.50","54,969.39"
04PRML2608-4,"580,266.72","36,793.59"
04PRML2608-5,"465,910.79","43,525.72"
04PRRL2606-1,"345,382.94","39,359.96"
04PRRL2606-11,"398,170.57","34,876.83"
04PRRL2606-12,"407,384.80","30,110.29"
04PRRL2606-13,"482,027.28","38,290.96"
04PRRL2606-14,"378,321.93","19,029.20"
04PRRL2606-3,"1,723,415.04","248,648.29"
04PRRL2606-5,"658,433.08","54,994.47"
04PRRL2606-7,"1,169,682.55","91,782.63"
04PRRL2606-8,"814,455.27","75,008.25"
04PRRL2606-9,"419,030.15","32,458.75"
04PRRL2607-1,"702,718.70","51,278.74"
04PRRL2607-10,"1,641,209.11","111,786.50"
04PRRL2607-11,"318,607.95","22,447.89"
04PRRL2607-12,"381,670.20","26,355.06"
04PRRL2607-2,"781,529.20","101,208.81"
04PRRL2607-3,"939,841.37","65,048.64"
04PRRL2607-4,"392,509.48","28,549.79"
04PRRL2607-6,"1,841,190.23","85,430.68"
04PRRL2607-7,"404,658.95","27,226.54"
04PRRL2607-8,"1,419,620.21","104,895.34"
04PRRL2607-9,"1,883,332.77","163,038.70"
04PRRL2608-1,"290,408.83","19,687.64"
04PRRL2608-10,"327,105.50","19,360.07"
04PRRL2608-11,"783,329.55","50,888.84"
04PRRL2608-12,"1,505,270.75","67,526.38"
04PRRL2608-13,"264,165.43","23,061.12"
04PRRL2608-14,"701,737.99","49,988.86"
04PRRL2608-15,"567,140.31","47,343.93"
04PRRL2608-16,"836,581.58","47,365.14"
04PRRL2608-17,"375,800.16","18,420.59"
04PRRL2608-18,"620,913.43","47,840.87"
04PRRL2608-19,"589,797.33","36,881.43"
04PRRL2608-2,"357,369.32","21,430.13"
04PRRL2608-20,"466,999.54","29,434.77"
04PRRL2608-21,"541,400.51","37,508.91"
04PRRL2608-22,"1,060,394.65","71,326.94"
04PRRL2608-23,"363,798.99","12,261.74"
04PRRL2608-24,"925,025.60","62,756.86"
04PRRL2608-25,"624,517.42","30,259.15"
04PRRL2608-3,"1,507,626.55","83,398.90"
04PRRL2608-4,"551,947.83","35,466.33"
04PRRL2608-5,"408,340.04","28,124.06"
04PRRL2608-6,"676,294.56","23,855.22"
04PRRL2608-7,"1,986,199.63","127,719.79"
04PRRL2608-8,"1,074,623.39","48,489.99"
04PRRL2608-9,"349,430.38","18,598.71"
04PRTL2608-1,"464,318.09","23,373.93"
04PSCL2607-1,"2,675,332.20","239,048.80"
04PSCL2607-10,"1,467,875.98","104,942.95"
04PSCL2607-11,"2,416,390.68","154,384.59"
04PSCL2607-12,"407,196.25","38,704.08"
04PSCL2607-13,"3,040,778.91","154,180.25"
04PSCL2607-15,"686,242.39","39,790.84"
04PSCL2607-16,"1,097,330.87","81,634.82"
04PSCL2607-18,"2,963,349.51","189,227.30"
04PSCL2607-19,"3,925,736.09","223,651.94"
04PSCL2607-2,"54,064.36","27,022.93"
04PSCL2607-3,"1,498,518.20","153,870.49"
04PSCL2607-4,"3,192,552.39","253,076.43"
04PSCL2607-5,"3,063,745.02","188,623.29"
04PSCL2607-6,"426,783.81","26,466.18"
04PSCL2607-7,"833,199.26","41,706.59"
04PSFL2607-1,"246,112.58","30,397.31"
04PSML2606-1,"1,356,139.82","41,550.59"
04PSML2606-2,"605,344.43","83,962.11"
04PSML2606-3,"602,919.98","43,947.98"
04PSML2606-4,"330,793.20","33,787.21"
04PSML2606-5,"487,182.50","43,797.76"
04PSML2606-6,"132,260.22","31,561.18"
04PSML2606-7,"1,288,786.80","100,959.16"
04PSML2606-8,"443,961.02","23,098.17"
04PSML2607-1,"362,665.07","25,522.77"
04PSML2607-10,"663,345.49","142,121.59"
04PSML2607-11,"809,167.76","61,714.37"
04PSML2607-12,"776,833.68","49,838.79"
04PSML2607-13,"410,737.28","11,536.40"
04PSML2607-15,"477,929.18","35,551.30"
04PSML2607-16,"1,388,523.09","124,367.58"
04PSML2607-17,"373,307.66","19,115.69"
04PSML2607-19,"1,590,041.09","88,339.87"
04PSML2607-2,"299,459.81","55,594.78"
04PSML2607-20,"1,320,823.51","125,617.20"
04PSML2607-21,"1,145,084.07","113,001.10"
04PSML2607-22,"654,918.58","84,686.76"
04PSML2607-23,"939,726.24","27,458.55"
04PSML2607-25,"1,186,316.01","76,173.46"
04PSML2607-3,"1,127,955.82","84,747.20"
04PSML2607-4,"419,882.63","28,320.64"
04PSML2607-5,"2,786,475.57","292,250.21"
04PSML2607-6,"154,789.51","35,473.48"
04PSML2607-7,"539,424.32","36,389.34"
04PSML2607-8,"850,147.09","41,057.40"
04PSML2607-9,"19,855.48","22,687.64"
04PSRL2606-2,"1,192,304.43","92,349.68"
04PSRL2606-3,"703,944.13","62,011.68"
04PSRL2606-4,"394,878.13","45,627.67"
04PSRL2606-5,"2,429,554.52","187,649.97"
04PSRL2606-7,"1,011,982.23","23,505.82"
04PSRL2607-1,"936,934.77","73,002.01"
04PSRL2607-2,"908,649.35","76,032.77"
04PSRL2607-3,"2,342,816.53","234,121.28"
04PSRL2607-4,"659,022.42","50,674.53"
04PSRL2607-5,"181,382.67","30,186.77"
04PSRL2607-6,"3,468,321.74","337,378.57"
04PSRL2607-7,"473,562.27","31,297.96"
04PSRL2608-1,"1,346,642.45","79,061.27"
04PSRL2608-10,"777,489.31","66,611.01"
04PSRL2608-11,"3,049,943.71","88,633.08"
04PSRL2608-12,"3,485,346.16","230,411.72"
04PSRL2608-2,"898,229.34","57,995.11"
04PSRL2608-3,"417,886.34","27,514.68"
04PSRL2608-4,"3,012,420.91","196,612.09"
04PSRL2608-5,"1,146,747.12","63,600.91"
04PSRL2608-6,"1,012,175.21","37,898.21"
04PSRL2608-7,"546,031.76","33,867.90"
04PSRL2608-8,"566,511.12","31,470.24"
04PSRL2608-9,"323,820.75","40,554.74"
04PTML2606-2,"2,281,084.06","148,040.22"
04PTML2606-3,"1,476,258.30","125,746.36"
04PTML2608-1,"1,868,130.92","89,366.89"
04PTML2608-2,"662,930.02","52,024.35"
04PTML2608-3,"640,821.34","34,851.15"
04PTRL2606-1,"196,061.69","20,037.17"
04PTRL2606-2,"373,938.11","42,282.00"
04PTRL2606-3,"514,309.34","27,882.72"
04PTRL2606-4,"749,517.94","28,654.00"
04PTRL2607-1,"420,090.67","25,989.32"
04PTRL2607-2,"267,004.28","21,089.05"
04PTRL2607-3,"849,817.14","65,038.65"
04PTRL2607-4,"379,713.11","24,296.16"
04PTRL2608-1,"356,891.19","20,088.24"
04PTRL2608-2,"1,039,241.25","82,463.21"
04PTRL2608-3,"412,314.53","22,807.30"
04PTRL2608-4,"842,487.46","52,003.55"
04PUML2606-1,"1,065,495.72","61,662.16"
04PUML2607-1,"1,901,421.74","169,421.63"
04PUML2607-2,"912,245.14","60,851.85"
04PUML2608-1,"492,593.93","31,845.99"
04PURL2607-1,"295,754.65","62,823.29"
04PVRL2606-1,"170,553.05","21,870.88"
04PVRL2608-1,"1,209,018.46","62,454.51"
04PVRL2608-2,"318,373.11","35,813.71"
04PVRL2608-3,"1,240,766.70","118,796.07"
04PVRL2608-4,"861,289.25","59,014.37"
04PVRL2608-5,"757,687.32","54,663.46"
04PVRL2608-6,"2,497,627.90","153,420.59"
04PVRL2608-7,"2,246,044.15","141,333.12"
04PVRL2608-8,"1,200,888.79","120,918.33"
04PVRL2608-9,"1,218,430.67","89,063.19"
04PZCL2608-1,"4,044,423.21","282,853.50"
04PZML2606-1,"3,052,215.78","187,183.78"
04PZML2606-2,"788,244.79","48,280.12"
04PZML2606-3,"3,154,011.61","197,087.41"
04PZML2608-1,"376,530.92","34,219.91"
04PZML2608-2,"1,703,704.64","116,152.84"
04PZRL2606-2,"1,335,903.04","76,558.24"
04PZRL2606-5,"2,491,610.88","156,651.46"
04PZRL2606-6,"543,961.54","45,032.81"
04PZRL2607-2,"1,483,057.67","105,056.45"
04PZRL2608-1,"445,902.11","33,030.15"
04PZRL2608-2,"108,417.00","9,762.76"
04PZRL2608-3,"479,918.40","45,942.05"
05PACL2606-15,"1,835,923.51","246,183.44"
05PACL2606-17,"1,620,243.97","188,699.52"
05PACL2606-5,"1,141,378.73","114,326.67"
05PACL2607-1,"650,360.52","65,429.13"
05PACL2607-10,"967,462.76","89,555.99"
05PACL2607-11,"1,663,178.64","166,335.75"
05PACL2607-12,"1,676,382.86","156,951.36"
05PACL2607-13,"1,013,092.85","93,620.13"
05PACL2607-14,"1,013,092.85","93,003.14"
05PACL2607-15,"365,389.15","44,599.12"
05PACL2607-16,"927,385.98","89,408.81"
05PACL2607-17,"945,559.09","95,204.22"
05PACL2607-18,"1,010,040.73","92,792.34"
05PACL2607-19,"1,014,068.01","93,209.58"
05PACL2607-2,"1,868,204.34","162,889.14"
05PACL2607-20,"984,124.02","89,998.38"
05PACL2607-21,"997,281.60","127,867.12"
05PACL2607-22,"1,869,650.98","172,207.19"
05PACL2607-23,"1,014,372.14","85,805.85"
05PACL2607-24,"856,899.23","95,675.54"
05PACL2607-25,"1,872,436.68","186,005.06"
05PACL2607-26,"984,124.02","82,971.80"
05PACL2607-28,"976,376.49","84,202.89"
05PACL2607-29,"930,656.99","123,118.45"
05PACL2607-3,"1,015,035.98","93,126.61"
05PACL2607-30,"953,778.66","112,110.89"
05PACL2607-31,"1,695,166.10","152,847.29"
05PACL2607-4,"900,015.35","108,456.70"
05PACL2607-5,"590,380.29","66,568.95"
05PACL2607-6,"903,001.21","76,376.63"
05PACL2607-7,"1,084,458.16","144,512.29"
05PACL2607-8,"966,498.39","80,265.53"
05PACL2607-9,"1,824,374.01","198,019.80"
05PACL2608-1,"966,261.75","88,791.13"
05PACL2608-10,"1,012,678.37","85,053.04"
05PACL2608-11,"902,966.12","69,914.76"
05PACL2608-12,"936,510.06","68,314.13"
05PACL2608-13,"984,579.41","76,172.52"
05PACL2608-14,"985,555.76","83,203.31"
05PACL2608-15,"1,486,856.78","158,164.75"
05PACL2608-16,"818,801.68","85,266.51"
05PACL2608-17,"1,007,132.83","71,391.25"
05PACL2608-18,"925,018.63","86,091.83"
05PACL2608-19,"1,011,746.20","83,383.81"
05PACL2608-2,"1,657,477.70","137,067.95"
05PACL2608-3,"1,012,491.09","78,314.99"
05PACL2608-4,"1,705,598.07","164,492.66"
05PACL2608-5,"959,260.80","60,857.76"
05PACL2608-6,"1,015,035.98","85,542.30"
05PACL2608-7,"1,002,671.94","94,226.41"
05PACL2608-8,"1,790,310.83","174,024.09"
05PACL2608-9,"1,014,472.51","92,771.89"
05PBML2606-1,"253,718.60","102,073.95"
05PBML2606-2,"2,239,212.31","283,639.99"
05PBML2607-1,"585,838.03","97,946.57"
05PBML2607-2,"950,825.10","90,890.58"
05PBML2608-1,"707,318.85","80,132.64"
05PBML2608-2,"504,440.29","49,786.10"
05PDCL2606-1,"987,029.64","109,517.12"
05PDCL2607-1,"2,317,457.38","415,619.07"
05PDCL2607-2,"349,040.74","34,800.08"
05PDCL2607-3,"1,413,383.20","135,543.33"
05PDCL2608-1,"1,632,739.63","83,972.96"
05PDCL2608-2,"2,167,854.05","152,188.44"
05PDML2606-2,"2,502,248.73","259,926.51"
05PDML2607-1,"299,648.86","38,753.99"
05PDML2607-2,"2,476,161.47","260,427.15"
05PDML2607-3,"480,759.75","54,489.43"
05PDML2607-4,"197,489.65","43,886.94"
05PDML2608-1,"908,842.83","72,727.42"
05PDML2608-2,"765,157.62","75,526.80"
05PDML2608-3,"748,634.33","66,713.76"
05PDML2608-4,"413,456.45","67,454.23"
05PDML2608-5,"596,376.41","96,848.51"
05PFCL2606-1,"191,115.90","35,589.90"
05PFCL2607-1,"535,949.59","50,901.45"
05PFCL2607-10,"844,782.49","81,555.20"
05PFCL2607-11,"2,272,297.12","208,902.13"
05PFCL2607-12,"551,478.47","53,080.78"
05PFCL2607-13,"483,862.10","60,021.14"
05PFCL2607-14,"754,623.67","85,220.08"
05PFCL2607-3,"249,567.82","38,255.73"
05PFCL2607-4,"536,605.72","51,750.24"
05PFCL2607-5,"617,241.85","60,418.33"
05PFCL2607-7,"904,525.42","84,673.32"
05PFCL2607-8,"402,798.37","45,420.35"
05PFCL2607-9,"1,692,270.57","143,477.30"
05PFCL2608-1,"413,538.54","41,025.21"
05PFCL2608-2,"184,220.28","24,664.35"
05PFCL2608-3,"595,330.99","46,889.01"
05PFCL2608-4,"63,357.83","36,793.51"
05PFCL2608-5,"814,268.27","57,410.04"
05PFCL2608-6,"449,936.40","34,166.25"
05PFML2606-1,"320,001.01","72,720.18"
05PFML2606-10,"1,679,627.47","182,578.16"
05PFML2606-11,"358,272.48","67,353.09"
05PFML2606-12,"262,837.63","4,162.27"
05PFML2606-13,"443,606.24","38,591.16"
05PFML2606-14,"415,570.56","53,440.85"
05PFML2606-15,"362,227.89","38,072.01"
05PFML2606-3,"291,044.90","41,508.37"
05PFML2606-5,"1,856,640.53","144,037.92"
05PFML2606-6,"1,187,748.87","194,722.91"
05PFML2606-7,"504,527.24","74,726.39"
05PFML2606-8,"350,374.88","53,362.33"
05PFML2606-9,"728,579.81","76,069.52"
05PFML2607-1,"239,863.19","36,262.05"
05PFML2607-2,"878,252.52","85,305.39"
05PFML2607-3,"796,484.78","71,083.70"
05PFML2607-4,"142,382.91","26,041.30"
05PFML2607-7,"249,404.54","46,879.18"
05PFML2607-8,"401,731.26","38,159.57"
05PFML2607-9,"743,908.99","76,087.69"
05PFML2608-1,"321,020.05","31,219.74"
05PFML2608-10,"136,936.87","21,441.70"
05PFML2608-11,"149,110.71","26,042.96"
05PFML2608-12,"802,872.99","78,388.81"
05PFML2608-13,"933,466.84","88,507.10"
05PFML2608-14,"372,753.35","28,364.72"
05PFML2608-15,"536,882.58","63,235.92"
05PFML2608-2,"323,776.05","31,174.22"
05PFML2608-3,"770,780.14","66,705.71"
05PFML2608-4,"1,821,962.90","170,075.84"
05PFML2608-5,"227,930.00","22,273.87"
05PFML2608-6,"826,968.57","77,015.01"
05PFML2608-7,"400,772.99","25,579.72"
05PFML2608-8,"524,033.19","46,572.41"
05PFML2608-9,"203,697.54","44,609.67"
05PGML2606-1,"2,746,367.82","363,988.99"
05PGML2607-1,"316,116.23","35,025.39"
05PICL2606-1,"1,232,821.25","86,661.42"
05PICL2606-11,"962,347.33","67,234.17"
05PICL2606-13,"937,816.87","82,744.59"
05PICL2606-14,"1,146,533.08","95,789.94"
05PICL2606-15,"1,333,607.96","83,850.24"
05PICL2606-16,"481,727.27","37,818.41"
05PICL2606-17,"763,563.83","67,094.05"
05PICL2606-18,"1,636,506.38","138,443.66"
05PICL2606-19,"2,906,456.88","228,625.29"
05PICL2606-2,"1,512,506.00","118,737.52"
05PICL2606-20,"402,756.20","23,685.13"
05PICL2606-21,"1,068,888.98","70,174.85"
05PICL2606-22,"1,666,092.31","130,251.31"
05PICL2606-23,"1,148,908.83","88,648.07"
05PICL2606-24,"2,525,251.28","294,713.19"
05PICL2606-25,"582,446.83","40,579.37"
05PICL2606-26,"1,549,067.58","151,008.75"
05PICL2606-27,"4,065,240.81","316,196.69"
05PICL2606-29,"592,915.71","57,448.56"
05PICL2606-3,"1,195,566.17","85,471.36"
05PICL2606-31,"1,177,668.19","90,541.77"
05PICL2606-33,"632,435.05","44,800.34"
05PICL2606-34,"3,126,014.82","247,125.63"
05PICL2606-35,"1,453,931.55","133,022.00"
05PICL2606-36,"837,237.86","59,376.68"
05PICL2606-38,"2,799,866.78","199,053.15"
05PICL2606-4,"1,052,317.19","82,090.42"
05PICL2606-40,"945,444.87","76,022.42"
05PICL2606-41,"1,299,872.97","95,928.79"
05PICL2606-42,"3,105,900.76","219,969.12"
05PICL2606-43,"781,503.61","55,661.59"
05PICL2606-44,"350,405.99","36,630.04"
05PICL2606-45,"249,095.48","18,539.89"
05PICL2606-5,"550,102.98","31,253.96"
05PICL2606-9,"1,148,908.83","96,310.90"
05PICL2607-10,"1,561,787.84","134,143.80"
05PICL2607-11,"1,244,604.61","114,185.79"
05PICL2607-12,"348,841.11","25,398.11"
05PICL2607-13,"543,642.46","26,753.72"
05PICL2607-14,"845,264.42","58,188.50"
05PICL2607-15,"743,990.88","73,565.67"
05PICL2607-16,"972,280.42","75,916.04"
05PICL2607-17,"1,326,271.25","106,192.49"
05PICL2607-18,"322,169.42","22,060.64"
05PICL2607-19,"2,326,703.15","187,846.29"
05PICL2607-2,"1,468,602.63","114,960.44"
05PICL2607-20,"2,321,532.46","162,429.36"
05PICL2607-21,"358,809.32","27,207.59"
05PICL2607-22,"1,884,592.00","131,428.89"
05PICL2607-23,"620,744.61","53,340.73"
05PICL2607-24,"875,515.57","77,372.40"
05PICL2607-25,"348,445.98","20,442.94"
05PICL2607-26,"532,378.61","76,925.69"
05PICL2607-27,"1,771,915.37","122,927.49"
05PICL2607-28,"576,087.00","44,646.49"
05PICL2607-29,"695,689.91","65,662.36"
05PICL2607-3,"3,283,042.57","261,067.35"
05PICL2607-30,"100,810.75","20,955.01"
05PICL2607-31,"1,058,498.98","83,019.47"
05PICL2607-32,"4,959,928.94","391,392.20"
05PICL2607-33,"1,092,505.68","96,838.26"
05PICL2607-34,"315,076.74","24,470.62"
05PICL2607-35,"762,882.39","61,770.05"
05PICL2607-36,"2,163,306.01","168,256.67"
05PICL2607-38,"1,673,075.17","152,428.44"
05PICL2607-39,"653,894.08","55,673.84"
05PICL2607-4,"1,553,081.21","116,470.56"
05PICL2607-40,"631,751.45","44,868.47"
05PICL2607-41,"511,491.92","46,316.89"
05PICL2607-43,"3,995,228.65","312,499.09"
05PICL2607-44,"420,103.80","24,315.16"
05PICL2607-46,"1,870,434.50","143,447.10"
05PICL2607-47,"1,172,500.01","102,638.26"
05PICL2607-48,"1,548,767.94","137,700.20"
05PICL2607-49,"716,880.09","40,154.71"
05PICL2607-5,"1,591,285.24","92,992.41"
05PICL2607-50,"912,584.98","80,900.65"
05PICL2607-51,"1,087,516.60","80,371.03"
05PICL2607-52,"437,719.66","39,017.68"
05PICL2607-53,"1,872,221.88","156,251.67"
05PICL2607-54,"387,253.49","32,143.18"
05PICL2607-55,"742,143.86","66,528.02"
05PICL2607-6,"831,689.09","73,860.62"
05PICL2607-7,"743,052.23","49,851.99"
05PICL2607-8,"846,415.84","71,335.89"
05PICL2607-9,"563,664.54","44,230.32"
05PICL2608-1,"499,693.97","37,914.50"
05PICL2608-10,"753,373.08","58,418.50"
05PICL2608-11,"2,295,716.99","248,624.42"
05PICL2608-12,"1,312,816.29","104,391.58"
05PICL2608-13,"784,209.61","63,258.63"
05PICL2608-14,"1,293,946.03","169,249.84"
05PICL2608-15,"287,662.91","24,690.43"
05PICL2608-16,"657,567.48","61,792.62"
05PICL2608-17,"877,882.17","63,034.51"
05PICL2608-18,"1,229,182.72","118,779.70"
05PICL2608-19,"744,202.09","57,710.13"
05PICL2608-2,"612,948.59","39,096.37"
05PICL2608-20,"3,208,782.48","258,965.72"
05PICL2608-21,"1,821,306.11","295,989.85"
05PICL2608-22,"1,316,020.58","104,898.33"
05PICL2608-23,"240,468.29","32,366.07"
05PICL2608-24,"821,816.07","64,415.81"
05PICL2608-25,"490,584.07","40,793.99"
05PICL2608-26,"766,221.95","44,463.52"
05PICL2608-27,"1,682,198.23","118,688.34"
05PICL2608-28,"1,387,553.25","106,984.54"
05PICL2608-29,"3,108,416.06","255,510.88"
05PICL2608-3,"1,197,991.22","76,117.47"
05PICL2608-30,"1,819,883.63","149,148.29"
05PICL2608-31,"881,579.91","76,539.42"
05PICL2608-32,"1,734,246.47","111,475.94"
05PICL2608-33,"985,236.65","67,890.54"
05PICL2608-34,"1,626,628.91","129,639.77"
05PICL2608-35,"793,345.64","58,479.02"
05PICL2608-36,"1,307,507.56","100,459.83"
05PICL2608-37,"1,307,507.56","85,610.29"
05PICL2608-38,"369,369.66","31,224.35"
05PICL2608-39,"101,993.40","14,360.85"
05PICL2608-4,"1,447,164.96","108,183.70"
05PICL2608-40,"881,356.30","77,115.69"
05PICL2608-41,"1,416,147.41","110,142.10"
05PICL2608-42,"1,148,908.83","87,806.41"
05PICL2608-43,"1,736,640.45","135,587.07"
05PICL2608-44,"686,957.30","52,989.82"
05PICL2608-5,"3,480,881.84","219,636.22"
05PICL2608-6,"734,871.13","66,903.81"
05PICL2608-7,"253,249.93","21,305.56"
05PICL2608-8,"1,584,173.91","135,724.49"
05PICL2608-9,"3,170,824.68","248,822.49"
05PIFL2608-1,"3,015,000.00","226,683.82"
05PIFL2608-2,"1,152,720.00","86,890.81"
05PIFL2608-3,"855,000.00","76,417.40"
05PIML2606-1,"872,374.90","64,571.94"
05PIML2606-10,"868,925.08","70,573.75"
05PIML2606-11,"314,121.25","25,615.78"
05PIML2606-12,"1,594,289.65","131,315.65"
05PIML2606-13,"844,771.19","70,527.62"
05PIML2606-14,"1,127,248.07","83,225.87"
05PIML2606-15,"418,700.78","36,132.52"
05PIML2606-16,"565,120.74","51,119.25"
05PIML2606-17,"1,163,838.01","148,274.02"
05PIML2606-19,"821,733.60","161,257.36"
05PIML2606-2,"935,617.80","79,687.57"
05PIML2606-21,"430,403.32","31,223.79"
05PIML2606-24,"13,948.94","15,824.31"
05PIML2606-25,"792,434.02","109,005.57"
05PIML2606-26,"654,308.49","50,259.79"
05PIML2606-28,"1,376,995.51","111,532.69"
05PIML2606-29,"2,000,384.18","150,513.21"
05PIML2606-3,"1,346,474.61","147,624.45"
05PIML2606-30,"556,992.16","46,266.78"
05PIML2606-32,"404,909.57","30,287.83"
05PIML2606-33,"1,899,690.73","194,397.69"
05PIML2606-34,"1,191,696.36","83,375.11"
05PIML2606-35,"824,129.02","109,750.52"
05PIML2606-4,"430,278.33","45,979.27"
05PIML2606-5,"1,721,590.48","131,494.53"
05PIML2606-6,"361,137.94","34,683.00"
05PIML2606-8,"3,366,702.12","222,555.50"
05PIML2607-1,"2,939,411.14","344,400.66"
05PIML2607-10,"305,884.17","20,743.77"
05PIML2607-12,"121,197.26","42,581.14"
05PIML2607-13,"2,507,939.27","212,538.19"
05PIML2607-14,"709,621.05","56,469.77"
05PIML2607-15,"205,870.88","47,994.62"
05PIML2607-16,"1,584,586.27","126,715.20"
05PIML2607-17,"1,779,529.88","146,493.26"
05PIML2607-18,"37,051.81","42,641.50"
05PIML2607-19,"1,258,810.22","105,049.36"
05PIML2607-2,"369,493.58","26,117.28"
05PIML2607-20,"822,687.81","63,133.16"
05PIML2607-21,"283,580.98","41,175.01"
05PIML2607-22,"1,754,897.81","150,614.27"
05PIML2607-23,"1,292,218.68","90,794.48"
05PIML2607-24,"884,697.45","55,153.67"
05PIML2607-25,"344,877.53","45,589.33"
05PIML2607-26,"294,210.74","73,591.51"
05PIML2607-27,"621,834.69","80,912.20"
05PIML2607-5,"648,632.12","52,972.78"
05PIML2607-6,"311,944.77","48,435.02"
05PIML2607-7,"414,745.39","33,248.19"
05PIML2607-8,"477,247.58","41,150.34"
05PIML2607-9,"360,929.12","42,409.39"
05PIML2608-1,"1,296,090.59","89,516.80"
05PIML2608-10,"1,996,466.80","174,892.28"
05PIML2608-11,"377,999.96","25,255.68"
05PIML2608-12,"457,748.60","63,692.28"
05PIML2608-13,"1,109,187.20","99,470.64"
05PIML2608-14,"374,458.69","41,869.81"
05PIML2608-15,"429,508.71","33,225.57"
05PIML2608-16,"378,501.57","51,056.11"
05PIML2608-17,"681,640.18","54,355.63"
05PIML2608-18,"254,539.22","33,290.94"
05PIML2608-19,"1,315,403.33","111,328.29"
05PIML2608-2,"746,623.72","55,624.28"
05PIML2608-20,"888,409.23","79,615.93"
05PIML2608-21,"811,222.12","72,440.73"
05PIML2608-22,"1,098,543.76","98,739.92"
05PIML2608-23,"2,806.46","3,536.29"
05PIML2608-24,"234,974.81","43,076.95"
05PIML2608-25,"473,079.23","67,298.56"
05PIML2608-26,"2,525,661.49","166,440.76"
05PIML2608-3,"450,721.19","38,978.86"
05PIML2608-4,"708,487.44","75,796.54"
05PIML2608-5,"845,061.45","69,345.87"
05PIML2608-6,"505,710.58","78,628.49"
05PIML2608-7,"374,243.80","32,968.47"
05PIML2608-8,"1,491,808.91","119,066.60"
05PIML2608-9,"2,369,448.04","174,098.52"
05PIRL2606-1,"1,386,463.22","59,281.70"
05PISL2608-20,"619,999.99","29,484.37"
05PKCL2606-2,"495,467.31","48,874.12"
05PKCL2607-1,"815,669.13","80,019.31"
05PKCL2607-2,"952,679.02","74,466.86"
05PKCL2607-3,"384,358.79","31,157.88"
05PKCL2607-4,"975,431.87","75,702.34"
05PKCL2607-5,"1,067,344.55","83,292.47"
05PKCL2607-6,"813,600.24","80,051.22"
05PKCL2607-8,"1,116,725.81","155,749.30"
05PKCL2608-1,"973,457.87","77,229.27"
05PKCL2608-2,"936,934.63","91,326.21"
05PKCL2608-3,"2,013,245.94","201,720.82"
05PKCL2608-4,"992,138.71","78,020.00"
05PKCL2608-5,"218,644.29","16,893.21"
05PKML2607-1,"418,192.26","35,421.69"
05PKML2607-10,"203,035.04","40,102.96"
05PKML2607-11,"428,292.25","42,491.03"
05PKML2607-12,"882,132.67","83,212.25"
05PKML2607-2,"58,959.36","12,609.35"
05PKML2607-3,"246,093.15","34,740.35"
05PKML2607-4,"419,376.37","59,862.29"
05PKML2607-5,"3,095,652.24","304,432.19"
05PKML2607-6,"445,474.06","41,248.11"
05PKML2607-7,"849,665.57","87,251.35"
05PKML2607-8,"846,806.42","63,523.56"
05PKML2607-9,"166,577.97","28,648.90"
05PKML2608-1,"513,094.98","57,663.03"
05PKML2608-10,"1,318,102.03","137,915.47"
05PKML2608-2,"830,972.04","83,044.29"
05PKML2608-3,"161,448.29","28,683.46"
05PKML2608-4,"411,888.21","34,155.01"
05PKML2608-5,"2,485,134.26","326,644.42"
05PKML2608-6,"491,841.19","46,940.31"
05PKML2608-7,"906,034.34","65,745.52"
05PKML2608-8,"196,859.89","37,768.37"
05PKML2608-9,"676,193.67","78,242.44"
05PLCL2606-13,"1,161,666.49","115,600.93"
05PLCL2606-15,"2,590,654.50","369,256.66"
05PLCL2606-2,"1,208,455.41","100,636.52"
05PLCL2606-3,"1,269,167.01","152,859.41"
05PLCL2606-5,"1,302,211.97","130,526.78"
05PLCL2607-1,"1,048,931.17","110,844.15"
05PLCL2607-10,"3,151,734.03","296,847.25"
05PLCL2607-11,"1,461,390.05","147,500.27"
05PLCL2607-3,"1,077,191.16","106,499.51"
05PLCL2607-4,"3,246,679.53","303,990.47"
05PLCL2607-5,"1,364,113.22","109,723.56"
05PLCL2607-6,"438,924.81","38,822.35"
05PLCL2607-7,"1,158,135.79","98,063.21"
05PLCL2607-8,"918,020.12","103,229.97"
05PLCL2607-9,"681,030.37","65,282.41"
05PLCL2608-1,"2,046,308.34","177,701.54"
05PLCL2608-10,"3,374,044.37","258,485.81"
05PLCL2608-11,"1,037,039.26","89,834.30"
05PLCL2608-12,"415,391.63","43,562.97"
05PLCL2608-13,"1,248,479.80","106,796.42"
05PLCL2608-14,"2,479,912.03","200,319.55"
05PLCL2608-15,"1,603,398.90","129,777.98"
05PLCL2608-16,"1,565,021.23","156,217.07"
05PLCL2608-17,"2,391,005.24","210,864.32"
05PLCL2608-18,"2,328,238.91","242,761.60"
05PLCL2608-19,"473,706.38","37,845.34"
05PLCL2608-2,"1,561,266.54","127,092.42"
05PLCL2608-20,"1,047,652.83","81,441.60"
05PLCL2608-21,"385,613.47","30,816.24"
05PLCL2608-22,"405,521.80","55,167.25"
05PLCL2608-3,"556,857.39","52,243.59"
05PLCL2608-4,"575,516.29","48,913.18"
05PLCL2608-5,"854,000.31","61,014.02"
05PLCL2608-6,"313,472.10","35,326.48"
05PLCL2608-7,"3,325,514.94","503,701.70"
05PLCL2608-8,"769,614.43","67,706.86"
05PLCL2608-9,"1,675,632.75","138,220.86"
05PLML2606-2,"586,642.96","60,161.60"
05PLML2606-3,"1,028,260.58","52,000.74"
05PLML2606-4,"466,969.85","54,866.58"
05PLML2606-5,"920,471.09","98,223.16"
05PLML2607-1,"877,983.81","98,722.11"
05PLML2607-2,"975,992.02","95,547.65"
05PLML2607-3,"1,956,683.44","185,439.45"
05PLML2607-4,"1,106,179.84","103,756.09"
05PLML2607-5,"1,389,519.38","144,239.39"
05PLML2608-1,"5,079,937.41","458,426.69"
05PLML2608-2,"1,938,086.97","142,452.69"
05PLML2608-3,"836,155.97","84,188.41"
05PLML2608-4,"124,915.54","25,403.15"
05PLML2608-5,"414,737.98","37,754.38"
05PMCL2606-1,"741,955.98","69,871.59"
05PMCL2606-2,"1,205,995.27","122,201.41"
05PMCL2607-1,"823,391.40","77,302.41"
05PMCL2607-2,"1,352,159.66","151,101.00"
05PMCL2607-4,"671,065.98","65,144.07"
05PMCL2608-1,"354,366.78","34,406.30"
05PMCL2608-2,"2,543,922.56","179,835.09"
05PMCL2608-3,"999,416.77","109,874.90"
05PMCL2608-4,"436,831.20","64,516.59"
05PMML2606-1,"1,218,408.05","134,737.49"
05PMML2606-3,"1,577,637.23","327,473.66"
05PMML2606-4,"379,976.35","39,553.75"
05PMML2606-5,"954,957.83","110,621.98"
05PMML2607-2,"366,438.06","57,450.42"
05PMML2607-3,"408,732.84","41,330.52"
05PMML2608-1,"689,999.78","59,407.07"
05PMML2608-10,"733,923.56","73,532.88"
05PMML2608-2,"496,047.10","79,310.23"
05PMML2608-3,"601,624.49","31,348.24"
05PMML2608-4,"383,521.94","33,947.45"
05PMML2608-5,"420,753.60","40,536.16"
05PMML2608-6,"473,786.20","39,450.39"
05PMML2608-7,"518,571.37","45,300.91"
05PMML2608-8,"787,998.76","80,693.41"
05PMML2608-9,"376,453.16","22,546.77"
05PNCL2607-1,"410,159.26","40,474.92"
05PNCL2608-1,"1,147,655.97","88,014.62"
05PNFL2608-1,"159,769.15","15,435.51"
05PNML2606-1,"1,053,031.43","152,252.13"
05PNML2606-2,"527,153.57","61,273.32"
05PNML2606-3,"1,113,393.12","127,094.24"
05PNML2607-1,"409,983.67","35,630.43"
05PNML2608-1,"145,296.11","37,756.89"
05POCL2606-2,"439,870.62","44,441.34"
05POCL2606-4,"408,628.77","49,872.24"
05POCL2606-5,"1,920,339.36","190,519.00"
05POCL2606-6,"1,652,128.68","163,698.86"
05POCL2606-7,"1,509,753.19","163,864.03"
05POML2606-2,"357,944.83","72,469.96"
05POML2607-1,"185,316.80","174,536.29"
05POML2607-2,"859,664.77","86,165.68"
05POML2608-1,"3,193,331.12","198,867.76"
05POML2608-2,"1,741,321.39","153,946.07"
05POML2608-3,"697,617.47","64,412.11"
05POML2608-4,"620,509.88","55,010.77"
05PRCL2606-2,"1,192,673.06","125,599.62"
05PRCL2606-8,"1,625,182.01","161,415.78"
05PRCL2607-1,"896,146.25","93,797.05"
05PRCL2607-2,"786,572.05","83,895.31"
05PRCL2607-3,"1,468,667.81","130,777.11"
05PRCL2607-4,"1,149,656.26","109,519.56"
05PRCL2608-1,"668,709.54","57,298.55"
05PRCL2608-2,"336,977.22","38,130.53"
05PRCL2608-3,"579,883.99","44,533.73"
05PRCL2608-4,"1,395,119.72","168,547.21"
05PRML2606-1,"341,896.24","49,728.88"
05PRML2606-2,"1,197,775.24","124,826.62"
05PRML2606-3,"502,820.87","38,381.40"
05PRML2607-1,"397,307.94","43,894.97"
05PRML2608-1,"624,376.85","59,102.72"
05PRML2608-2,"1,615,736.65","145,823.37"
05PSCL2607-1,"1,165,293.59","94,856.63"
05PSCL2607-10,"2,962,043.28","237,031.73"
05PSCL2607-11,"893,738.00","72,782.60"
05PSCL2607-12,"2,735,153.73","222,638.89"
05PSCL2607-13,"1,633,844.37","129,524.19"
05PSCL2607-14,"3,271,213.55","254,791.01"
05PSCL2607-15,"730,863.00","59,279.50"
05PSCL2607-16,"425,454.17","41,379.30"
05PSCL2607-17,"812,549.33","84,875.79"
05PSCL2607-18,"933,355.78","147,049.27"
05PSCL2607-19,"2,907,135.32","209,957.99"
05PSCL2607-2,"702,740.61","58,241.13"
05PSCL2607-20,"662,864.62","55,557.52"
05PSCL2607-21,"4,136,219.56","370,753.27"
05PSCL2607-22,"2,427,178.59","212,627.10"
05PSCL2607-3,"3,176,519.79","262,954.87"
05PSCL2607-4,"791,777.68","59,848.67"
05PSCL2607-5,"968,265.06","82,403.18"
05PSCL2607-6,"1,184,673.34","90,435.56"
05PSCL2607-7,"3,263,830.79","253,516.10"
05PSCL2607-8,"1,458,110.61","160,658.48"
05PSCL2607-9,"3,271,423.78","306,501.31"
05PSML2606-1,"968,060.95","102,535.48"
05PSML2606-2,"835,617.58","104,835.84"
05PSML2606-3,"1,056,448.77","128,317.67"
05PSML2606-4,"341,517.14","25,605.38"
05PSML2607-1,"272,854.52","41,684.13"
05PSML2607-10,"1,477,692.02","142,621.10"
05PSML2607-2,"1,413,734.46","180,382.27"
05PSML2607-3,"812,947.26","70,156.51"
05PSML2607-4,"309,985.40","67,808.19"
05PSML2607-5,"836,452.76","143,914.25"
05PSML2607-6,"1,371,288.52","142,315.32"
05PSML2607-7,"890,166.90","165,174.03"
05PSML2607-8,"534,057.87","99,401.21"
05PSML2607-9,"414,230.15","78,710.14"
05PTCL2606-1,"150,778.86","16,464.96"
05PTML2606-1,"600,329.32","63,920.55"
05PTML2606-2,"1,130,485.78","134,618.19"
05PTML2608-1,"392,098.63","22,069.54"
05PUCL2608-1,"891,611.22","80,413.04"
05PUML2608-1,"317,611.02","120,106.36"
05PUML2608-2,"769,611.44","60,432.04"
05PZML2606-1,"330,249.33","33,720.84"
05PZML2607-1,"995,205.17","104,136.46"
05PZML2608-1,"833,617.66","74,436.84"
05PZML2608-2,"2,797,343.25","236,075.47"
06PIFL2608-2,"520,735.76","47,535.98"
06PIML2607-1,"345,947.86","47,325.53"
06PIML2607-2,"2,105,903.02","203,308.25"
06PIML2608-1,"358,797.11","53,815.04"
06PKCL2608-1,"1,167,415.85","109,776.10"
06PLCL2608-1,"1,163,894.60","144,051.23"
06PLCL2608-2,"1,361,985.16","160,177.55"
06PLCL2608-3,"1,131,939.44","132,125.12"
06PLCL2608-4,"904,590.31","95,045.78"
06PLCL2608-5,"1,135,982.95","143,437.46"
06PLCL2608-6,"2,787,284.91","347,228.48"
06PLCL2608-7,"1,135,602.37","147,881.33"
06PLCL2608-8,"1,338,459.19","164,170.17"
06PLCL2608-9,"1,186,358.51","136,476.59"
06PLML2608-1,"1,449,677.61","222,664.19"
06PLML2608-2,"664,562.33","79,600.99"
06PNFL2607-1,"254,635.57","137,462.53"
06PZRL2608-1,"457,661.09","1,319,895.91"
